[1.488s] DEBUG:colcon:Command line arguments: ['/usr/bin/colcon', 'build', '--symlink-install']
[1.488s] DEBUG:colcon:Parsed command line arguments: Namespace(log_base=None, log_level=None, verb_name='build', build_base='build', install_base='install', merge_install=False, symlink_install=True, test_result_base=None, continue_on_error=False, executor='parallel', parallel_workers=24, event_handlers=None, ignore_user_meta=False, metas=['./colcon.meta'], base_paths=['.'], packages_ignore=None, packages_ignore_regex=None, paths=None, packages_up_to=None, packages_up_to_regex=None, packages_above=None, packages_above_and_dependencies=None, packages_above_depth=None, packages_select_by_dep=None, packages_skip_by_dep=None, packages_skip_up_to=None, packages_select_build_failed=False, packages_skip_build_finished=False, packages_select_test_failures=False, packages_skip_test_passed=False, packages_select=None, packages_skip=None, packages_select_regex=None, packages_skip_regex=None, packages_start=None, packages_end=None, allow_overriding=[], cmake_args=None, cmake_target=None, cmake_target_skip_unavailable=False, cmake_clean_cache=False, cmake_clean_first=False, cmake_force_configure=False, ament_cmake_args=None, catkin_cmake_args=None, catkin_skip_building_tests=False, verb_parser=<colcon_defaults.argument_parser.defaults.DefaultArgumentsDecorator object at 0x7f430c73bd60>, verb_extension=<colcon_core.verb.build.BuildVerb object at 0x7f430c8f1810>, main=<bound method BuildVerb.main of <colcon_core.verb.build.BuildVerb object at 0x7f430c8f1810>>)
[2.711s] Level 1:colcon.colcon_core.package_discovery:discover_packages(colcon_meta) check parameters
[2.712s] Level 1:colcon.colcon_core.package_discovery:discover_packages(recursive) check parameters
[2.712s] Level 1:colcon.colcon_core.package_discovery:discover_packages(ignore) check parameters
[2.712s] Level 1:colcon.colcon_core.package_discovery:discover_packages(path) check parameters
[2.712s] Level 1:colcon.colcon_core.package_discovery:discover_packages(colcon_meta) discover
[2.712s] Level 1:colcon.colcon_core.package_discovery:discover_packages(recursive) discover
[2.712s] INFO:colcon.colcon_core.package_discovery:Crawling recursively for packages in '/home/majuste/Programação/ROS2/UDH1/Navigation'
[2.712s] Level 1:colcon.colcon_core.package_identification:_identify(.) by extensions ['ignore', 'ignore_ament_install']
[2.712s] Level 1:colcon.colcon_core.package_identification:_identify(.) by extension 'ignore'
[2.712s] Level 1:colcon.colcon_core.package_identification:_identify(.) by extension 'ignore_ament_install'
[2.712s] Level 1:colcon.colcon_core.package_identification:_identify(.) by extensions ['colcon_pkg']
[2.712s] Level 1:colcon.colcon_core.package_identification:_identify(.) by extension 'colcon_pkg'
[2.712s] Level 1:colcon.colcon_core.package_identification:_identify(.) by extensions ['colcon_meta']
[2.712s] Level 1:colcon.colcon_core.package_identification:_identify(.) by extension 'colcon_meta'
[2.712s] Level 1:colcon.colcon_core.package_identification:_identify(.) by extensions ['ros']
[2.712s] Level 1:colcon.colcon_core.package_identification:_identify(.) by extension 'ros'
[2.778s] Level 1:colcon.colcon_core.package_identification:_identify(.) by extensions ['cmake', 'python']
[2.778s] Level 1:colcon.colcon_core.package_identification:_identify(.) by extension 'cmake'
[2.778s] Level 1:colcon.colcon_core.package_identification:_identify(.) by extension 'python'
[2.778s] Level 1:colcon.colcon_core.package_identification:_identify(.) by extensions ['python_setup_py']
[2.778s] Level 1:colcon.colcon_core.package_identification:_identify(.) by extension 'python_setup_py'
[2.778s] Level 1:colcon.colcon_core.package_identification:_identify(Arduino) by extensions ['ignore', 'ignore_ament_install']
[2.778s] Level 1:colcon.colcon_core.package_identification:_identify(Arduino) by extension 'ignore'
[2.778s] Level 1:colcon.colcon_core.package_identification:_identify(Arduino) by extension 'ignore_ament_install'
[2.778s] Level 1:colcon.colcon_core.package_identification:_identify(Arduino) by extensions ['colcon_pkg']
[2.778s] Level 1:colcon.colcon_core.package_identification:_identify(Arduino) by extension 'colcon_pkg'
[2.778s] Level 1:colcon.colcon_core.package_identification:_identify(Arduino) by extensions ['colcon_meta']
[2.778s] Level 1:colcon.colcon_core.package_identification:_identify(Arduino) by extension 'colcon_meta'
[2.778s] Level 1:colcon.colcon_core.package_identification:_identify(Arduino) by extensions ['ros']
[2.778s] Level 1:colcon.colcon_core.package_identification:_identify(Arduino) by extension 'ros'
[2.778s] Level 1:colcon.colcon_core.package_identification:_identify(Arduino) by extensions ['cmake', 'python']
[2.778s] Level 1:colcon.colcon_core.package_identification:_identify(Arduino) by extension 'cmake'
[2.778s] Level 1:colcon.colcon_core.package_identification:_identify(Arduino) by extension 'python'
[2.778s] Level 1:colcon.colcon_core.package_identification:_identify(Arduino) by extensions ['python_setup_py']
[2.778s] Level 1:colcon.colcon_core.package_identification:_identify(Arduino) by extension 'python_setup_py'
[2.779s] Level 1:colcon.colcon_core.package_identification:_identify(Arduino/libraries) by extensions ['ignore', 'ignore_ament_install']
[2.779s] Level 1:colcon.colcon_core.package_identification:_identify(Arduino/libraries) by extension 'ignore'
[2.779s] Level 1:colcon.colcon_core.package_identification:_identify(Arduino/libraries) by extension 'ignore_ament_install'
[2.779s] Level 1:colcon.colcon_core.package_identification:_identify(Arduino/libraries) by extensions ['colcon_pkg']
[2.779s] Level 1:colcon.colcon_core.package_identification:_identify(Arduino/libraries) by extension 'colcon_pkg'
[2.779s] Level 1:colcon.colcon_core.package_identification:_identify(Arduino/libraries) by extensions ['colcon_meta']
[2.779s] Level 1:colcon.colcon_core.package_identification:_identify(Arduino/libraries) by extension 'colcon_meta'
[2.779s] Level 1:colcon.colcon_core.package_identification:_identify(Arduino/libraries) by extensions ['ros']
[2.779s] Level 1:colcon.colcon_core.package_identification:_identify(Arduino/libraries) by extension 'ros'
[2.779s] Level 1:colcon.colcon_core.package_identification:_identify(Arduino/libraries) by extensions ['cmake', 'python']
[2.779s] Level 1:colcon.colcon_core.package_identification:_identify(Arduino/libraries) by extension 'cmake'
[2.779s] Level 1:colcon.colcon_core.package_identification:_identify(Arduino/libraries) by extension 'python'
[2.779s] Level 1:colcon.colcon_core.package_identification:_identify(Arduino/libraries) by extensions ['python_setup_py']
[2.779s] Level 1:colcon.colcon_core.package_identification:_identify(Arduino/libraries) by extension 'python_setup_py'
[2.779s] Level 1:colcon.colcon_core.package_identification:_identify(Arduino/libraries/AccelStepper) by extensions ['ignore', 'ignore_ament_install']
[2.779s] Level 1:colcon.colcon_core.package_identification:_identify(Arduino/libraries/AccelStepper) by extension 'ignore'
[2.779s] Level 1:colcon.colcon_core.package_identification:_identify(Arduino/libraries/AccelStepper) by extension 'ignore_ament_install'
[2.779s] Level 1:colcon.colcon_core.package_identification:_identify(Arduino/libraries/AccelStepper) by extensions ['colcon_pkg']
[2.779s] Level 1:colcon.colcon_core.package_identification:_identify(Arduino/libraries/AccelStepper) by extension 'colcon_pkg'
[2.779s] Level 1:colcon.colcon_core.package_identification:_identify(Arduino/libraries/AccelStepper) by extensions ['colcon_meta']
[2.779s] Level 1:colcon.colcon_core.package_identification:_identify(Arduino/libraries/AccelStepper) by extension 'colcon_meta'
[2.779s] Level 1:colcon.colcon_core.package_identification:_identify(Arduino/libraries/AccelStepper) by extensions ['ros']
[2.779s] Level 1:colcon.colcon_core.package_identification:_identify(Arduino/libraries/AccelStepper) by extension 'ros'
[2.779s] Level 1:colcon.colcon_core.package_identification:_identify(Arduino/libraries/AccelStepper) by extensions ['cmake', 'python']
[2.779s] Level 1:colcon.colcon_core.package_identification:_identify(Arduino/libraries/AccelStepper) by extension 'cmake'
[2.779s] Level 1:colcon.colcon_core.package_identification:_identify(Arduino/libraries/AccelStepper) by extension 'python'
[2.779s] Level 1:colcon.colcon_core.package_identification:_identify(Arduino/libraries/AccelStepper) by extensions ['python_setup_py']
[2.779s] Level 1:colcon.colcon_core.package_identification:_identify(Arduino/libraries/AccelStepper) by extension 'python_setup_py'
[2.779s] Level 1:colcon.colcon_core.package_identification:_identify(Arduino/libraries/AccelStepper/examples) by extensions ['ignore', 'ignore_ament_install']
[2.779s] Level 1:colcon.colcon_core.package_identification:_identify(Arduino/libraries/AccelStepper/examples) by extension 'ignore'
[2.779s] Level 1:colcon.colcon_core.package_identification:_identify(Arduino/libraries/AccelStepper/examples) by extension 'ignore_ament_install'
[2.779s] Level 1:colcon.colcon_core.package_identification:_identify(Arduino/libraries/AccelStepper/examples) by extensions ['colcon_pkg']
[2.779s] Level 1:colcon.colcon_core.package_identification:_identify(Arduino/libraries/AccelStepper/examples) by extension 'colcon_pkg'
[2.779s] Level 1:colcon.colcon_core.package_identification:_identify(Arduino/libraries/AccelStepper/examples) by extensions ['colcon_meta']
[2.779s] Level 1:colcon.colcon_core.package_identification:_identify(Arduino/libraries/AccelStepper/examples) by extension 'colcon_meta'
[2.779s] Level 1:colcon.colcon_core.package_identification:_identify(Arduino/libraries/AccelStepper/examples) by extensions ['ros']
[2.779s] Level 1:colcon.colcon_core.package_identification:_identify(Arduino/libraries/AccelStepper/examples) by extension 'ros'
[2.779s] Level 1:colcon.colcon_core.package_identification:_identify(Arduino/libraries/AccelStepper/examples) by extensions ['cmake', 'python']
[2.779s] Level 1:colcon.colcon_core.package_identification:_identify(Arduino/libraries/AccelStepper/examples) by extension 'cmake'
[2.779s] Level 1:colcon.colcon_core.package_identification:_identify(Arduino/libraries/AccelStepper/examples) by extension 'python'
[2.779s] Level 1:colcon.colcon_core.package_identification:_identify(Arduino/libraries/AccelStepper/examples) by extensions ['python_setup_py']
[2.779s] Level 1:colcon.colcon_core.package_identification:_identify(Arduino/libraries/AccelStepper/examples) by extension 'python_setup_py'
[2.779s] Level 1:colcon.colcon_core.package_identification:_identify(Arduino/libraries/AccelStepper/examples/AFMotor_ConstantSpeed) by extensions ['ignore', 'ignore_ament_install']
[2.780s] Level 1:colcon.colcon_core.package_identification:_identify(Arduino/libraries/AccelStepper/examples/AFMotor_ConstantSpeed) by extension 'ignore'
[2.780s] Level 1:colcon.colcon_core.package_identification:_identify(Arduino/libraries/AccelStepper/examples/AFMotor_ConstantSpeed) by extension 'ignore_ament_install'
[2.780s] Level 1:colcon.colcon_core.package_identification:_identify(Arduino/libraries/AccelStepper/examples/AFMotor_ConstantSpeed) by extensions ['colcon_pkg']
[2.780s] Level 1:colcon.colcon_core.package_identification:_identify(Arduino/libraries/AccelStepper/examples/AFMotor_ConstantSpeed) by extension 'colcon_pkg'
[2.780s] Level 1:colcon.colcon_core.package_identification:_identify(Arduino/libraries/AccelStepper/examples/AFMotor_ConstantSpeed) by extensions ['colcon_meta']
[2.780s] Level 1:colcon.colcon_core.package_identification:_identify(Arduino/libraries/AccelStepper/examples/AFMotor_ConstantSpeed) by extension 'colcon_meta'
[2.780s] Level 1:colcon.colcon_core.package_identification:_identify(Arduino/libraries/AccelStepper/examples/AFMotor_ConstantSpeed) by extensions ['ros']
[2.780s] Level 1:colcon.colcon_core.package_identification:_identify(Arduino/libraries/AccelStepper/examples/AFMotor_ConstantSpeed) by extension 'ros'
[2.780s] Level 1:colcon.colcon_core.package_identification:_identify(Arduino/libraries/AccelStepper/examples/AFMotor_ConstantSpeed) by extensions ['cmake', 'python']
[2.780s] Level 1:colcon.colcon_core.package_identification:_identify(Arduino/libraries/AccelStepper/examples/AFMotor_ConstantSpeed) by extension 'cmake'
[2.780s] Level 1:colcon.colcon_core.package_identification:_identify(Arduino/libraries/AccelStepper/examples/AFMotor_ConstantSpeed) by extension 'python'
[2.780s] Level 1:colcon.colcon_core.package_identification:_identify(Arduino/libraries/AccelStepper/examples/AFMotor_ConstantSpeed) by extensions ['python_setup_py']
[2.780s] Level 1:colcon.colcon_core.package_identification:_identify(Arduino/libraries/AccelStepper/examples/AFMotor_ConstantSpeed) by extension 'python_setup_py'
[2.780s] Level 1:colcon.colcon_core.package_identification:_identify(Arduino/libraries/AccelStepper/examples/AFMotor_MultiStepper) by extensions ['ignore', 'ignore_ament_install']
[2.780s] Level 1:colcon.colcon_core.package_identification:_identify(Arduino/libraries/AccelStepper/examples/AFMotor_MultiStepper) by extension 'ignore'
[2.780s] Level 1:colcon.colcon_core.package_identification:_identify(Arduino/libraries/AccelStepper/examples/AFMotor_MultiStepper) by extension 'ignore_ament_install'
[2.780s] Level 1:colcon.colcon_core.package_identification:_identify(Arduino/libraries/AccelStepper/examples/AFMotor_MultiStepper) by extensions ['colcon_pkg']
[2.780s] Level 1:colcon.colcon_core.package_identification:_identify(Arduino/libraries/AccelStepper/examples/AFMotor_MultiStepper) by extension 'colcon_pkg'
[2.780s] Level 1:colcon.colcon_core.package_identification:_identify(Arduino/libraries/AccelStepper/examples/AFMotor_MultiStepper) by extensions ['colcon_meta']
[2.780s] Level 1:colcon.colcon_core.package_identification:_identify(Arduino/libraries/AccelStepper/examples/AFMotor_MultiStepper) by extension 'colcon_meta'
[2.780s] Level 1:colcon.colcon_core.package_identification:_identify(Arduino/libraries/AccelStepper/examples/AFMotor_MultiStepper) by extensions ['ros']
[2.780s] Level 1:colcon.colcon_core.package_identification:_identify(Arduino/libraries/AccelStepper/examples/AFMotor_MultiStepper) by extension 'ros'
[2.780s] Level 1:colcon.colcon_core.package_identification:_identify(Arduino/libraries/AccelStepper/examples/AFMotor_MultiStepper) by extensions ['cmake', 'python']
[2.780s] Level 1:colcon.colcon_core.package_identification:_identify(Arduino/libraries/AccelStepper/examples/AFMotor_MultiStepper) by extension 'cmake'
[2.780s] Level 1:colcon.colcon_core.package_identification:_identify(Arduino/libraries/AccelStepper/examples/AFMotor_MultiStepper) by extension 'python'
[2.780s] Level 1:colcon.colcon_core.package_identification:_identify(Arduino/libraries/AccelStepper/examples/AFMotor_MultiStepper) by extensions ['python_setup_py']
[2.780s] Level 1:colcon.colcon_core.package_identification:_identify(Arduino/libraries/AccelStepper/examples/AFMotor_MultiStepper) by extension 'python_setup_py'
[2.780s] Level 1:colcon.colcon_core.package_identification:_identify(Arduino/libraries/AccelStepper/examples/Blocking) by extensions ['ignore', 'ignore_ament_install']
[2.780s] Level 1:colcon.colcon_core.package_identification:_identify(Arduino/libraries/AccelStepper/examples/Blocking) by extension 'ignore'
[2.780s] Level 1:colcon.colcon_core.package_identification:_identify(Arduino/libraries/AccelStepper/examples/Blocking) by extension 'ignore_ament_install'
[2.780s] Level 1:colcon.colcon_core.package_identification:_identify(Arduino/libraries/AccelStepper/examples/Blocking) by extensions ['colcon_pkg']
[2.780s] Level 1:colcon.colcon_core.package_identification:_identify(Arduino/libraries/AccelStepper/examples/Blocking) by extension 'colcon_pkg'
[2.780s] Level 1:colcon.colcon_core.package_identification:_identify(Arduino/libraries/AccelStepper/examples/Blocking) by extensions ['colcon_meta']
[2.780s] Level 1:colcon.colcon_core.package_identification:_identify(Arduino/libraries/AccelStepper/examples/Blocking) by extension 'colcon_meta'
[2.780s] Level 1:colcon.colcon_core.package_identification:_identify(Arduino/libraries/AccelStepper/examples/Blocking) by extensions ['ros']
[2.780s] Level 1:colcon.colcon_core.package_identification:_identify(Arduino/libraries/AccelStepper/examples/Blocking) by extension 'ros'
[2.780s] Level 1:colcon.colcon_core.package_identification:_identify(Arduino/libraries/AccelStepper/examples/Blocking) by extensions ['cmake', 'python']
[2.780s] Level 1:colcon.colcon_core.package_identification:_identify(Arduino/libraries/AccelStepper/examples/Blocking) by extension 'cmake'
[2.780s] Level 1:colcon.colcon_core.package_identification:_identify(Arduino/libraries/AccelStepper/examples/Blocking) by extension 'python'
[2.780s] Level 1:colcon.colcon_core.package_identification:_identify(Arduino/libraries/AccelStepper/examples/Blocking) by extensions ['python_setup_py']
[2.780s] Level 1:colcon.colcon_core.package_identification:_identify(Arduino/libraries/AccelStepper/examples/Blocking) by extension 'python_setup_py'
[2.780s] Level 1:colcon.colcon_core.package_identification:_identify(Arduino/libraries/AccelStepper/examples/Bounce) by extensions ['ignore', 'ignore_ament_install']
[2.780s] Level 1:colcon.colcon_core.package_identification:_identify(Arduino/libraries/AccelStepper/examples/Bounce) by extension 'ignore'
[2.780s] Level 1:colcon.colcon_core.package_identification:_identify(Arduino/libraries/AccelStepper/examples/Bounce) by extension 'ignore_ament_install'
[2.781s] Level 1:colcon.colcon_core.package_identification:_identify(Arduino/libraries/AccelStepper/examples/Bounce) by extensions ['colcon_pkg']
[2.781s] Level 1:colcon.colcon_core.package_identification:_identify(Arduino/libraries/AccelStepper/examples/Bounce) by extension 'colcon_pkg'
[2.781s] Level 1:colcon.colcon_core.package_identification:_identify(Arduino/libraries/AccelStepper/examples/Bounce) by extensions ['colcon_meta']
[2.781s] Level 1:colcon.colcon_core.package_identification:_identify(Arduino/libraries/AccelStepper/examples/Bounce) by extension 'colcon_meta'
[2.781s] Level 1:colcon.colcon_core.package_identification:_identify(Arduino/libraries/AccelStepper/examples/Bounce) by extensions ['ros']
[2.781s] Level 1:colcon.colcon_core.package_identification:_identify(Arduino/libraries/AccelStepper/examples/Bounce) by extension 'ros'
[2.781s] Level 1:colcon.colcon_core.package_identification:_identify(Arduino/libraries/AccelStepper/examples/Bounce) by extensions ['cmake', 'python']
[2.781s] Level 1:colcon.colcon_core.package_identification:_identify(Arduino/libraries/AccelStepper/examples/Bounce) by extension 'cmake'
[2.781s] Level 1:colcon.colcon_core.package_identification:_identify(Arduino/libraries/AccelStepper/examples/Bounce) by extension 'python'
[2.781s] Level 1:colcon.colcon_core.package_identification:_identify(Arduino/libraries/AccelStepper/examples/Bounce) by extensions ['python_setup_py']
[2.781s] Level 1:colcon.colcon_core.package_identification:_identify(Arduino/libraries/AccelStepper/examples/Bounce) by extension 'python_setup_py'
[2.781s] Level 1:colcon.colcon_core.package_identification:_identify(Arduino/libraries/AccelStepper/examples/ConstantSpeed) by extensions ['ignore', 'ignore_ament_install']
[2.781s] Level 1:colcon.colcon_core.package_identification:_identify(Arduino/libraries/AccelStepper/examples/ConstantSpeed) by extension 'ignore'
[2.781s] Level 1:colcon.colcon_core.package_identification:_identify(Arduino/libraries/AccelStepper/examples/ConstantSpeed) by extension 'ignore_ament_install'
[2.781s] Level 1:colcon.colcon_core.package_identification:_identify(Arduino/libraries/AccelStepper/examples/ConstantSpeed) by extensions ['colcon_pkg']
[2.781s] Level 1:colcon.colcon_core.package_identification:_identify(Arduino/libraries/AccelStepper/examples/ConstantSpeed) by extension 'colcon_pkg'
[2.781s] Level 1:colcon.colcon_core.package_identification:_identify(Arduino/libraries/AccelStepper/examples/ConstantSpeed) by extensions ['colcon_meta']
[2.781s] Level 1:colcon.colcon_core.package_identification:_identify(Arduino/libraries/AccelStepper/examples/ConstantSpeed) by extension 'colcon_meta'
[2.781s] Level 1:colcon.colcon_core.package_identification:_identify(Arduino/libraries/AccelStepper/examples/ConstantSpeed) by extensions ['ros']
[2.781s] Level 1:colcon.colcon_core.package_identification:_identify(Arduino/libraries/AccelStepper/examples/ConstantSpeed) by extension 'ros'
[2.781s] Level 1:colcon.colcon_core.package_identification:_identify(Arduino/libraries/AccelStepper/examples/ConstantSpeed) by extensions ['cmake', 'python']
[2.781s] Level 1:colcon.colcon_core.package_identification:_identify(Arduino/libraries/AccelStepper/examples/ConstantSpeed) by extension 'cmake'
[2.781s] Level 1:colcon.colcon_core.package_identification:_identify(Arduino/libraries/AccelStepper/examples/ConstantSpeed) by extension 'python'
[2.781s] Level 1:colcon.colcon_core.package_identification:_identify(Arduino/libraries/AccelStepper/examples/ConstantSpeed) by extensions ['python_setup_py']
[2.781s] Level 1:colcon.colcon_core.package_identification:_identify(Arduino/libraries/AccelStepper/examples/ConstantSpeed) by extension 'python_setup_py'
[2.781s] Level 1:colcon.colcon_core.package_identification:_identify(Arduino/libraries/AccelStepper/examples/DualMotorShield) by extensions ['ignore', 'ignore_ament_install']
[2.781s] Level 1:colcon.colcon_core.package_identification:_identify(Arduino/libraries/AccelStepper/examples/DualMotorShield) by extension 'ignore'
[2.781s] Level 1:colcon.colcon_core.package_identification:_identify(Arduino/libraries/AccelStepper/examples/DualMotorShield) by extension 'ignore_ament_install'
[2.781s] Level 1:colcon.colcon_core.package_identification:_identify(Arduino/libraries/AccelStepper/examples/DualMotorShield) by extensions ['colcon_pkg']
[2.781s] Level 1:colcon.colcon_core.package_identification:_identify(Arduino/libraries/AccelStepper/examples/DualMotorShield) by extension 'colcon_pkg'
[2.781s] Level 1:colcon.colcon_core.package_identification:_identify(Arduino/libraries/AccelStepper/examples/DualMotorShield) by extensions ['colcon_meta']
[2.781s] Level 1:colcon.colcon_core.package_identification:_identify(Arduino/libraries/AccelStepper/examples/DualMotorShield) by extension 'colcon_meta'
[2.781s] Level 1:colcon.colcon_core.package_identification:_identify(Arduino/libraries/AccelStepper/examples/DualMotorShield) by extensions ['ros']
[2.781s] Level 1:colcon.colcon_core.package_identification:_identify(Arduino/libraries/AccelStepper/examples/DualMotorShield) by extension 'ros'
[2.781s] Level 1:colcon.colcon_core.package_identification:_identify(Arduino/libraries/AccelStepper/examples/DualMotorShield) by extensions ['cmake', 'python']
[2.781s] Level 1:colcon.colcon_core.package_identification:_identify(Arduino/libraries/AccelStepper/examples/DualMotorShield) by extension 'cmake'
[2.781s] Level 1:colcon.colcon_core.package_identification:_identify(Arduino/libraries/AccelStepper/examples/DualMotorShield) by extension 'python'
[2.781s] Level 1:colcon.colcon_core.package_identification:_identify(Arduino/libraries/AccelStepper/examples/DualMotorShield) by extensions ['python_setup_py']
[2.781s] Level 1:colcon.colcon_core.package_identification:_identify(Arduino/libraries/AccelStepper/examples/DualMotorShield) by extension 'python_setup_py'
[2.781s] Level 1:colcon.colcon_core.package_identification:_identify(Arduino/libraries/AccelStepper/examples/MotorShield) by extensions ['ignore', 'ignore_ament_install']
[2.781s] Level 1:colcon.colcon_core.package_identification:_identify(Arduino/libraries/AccelStepper/examples/MotorShield) by extension 'ignore'
[2.781s] Level 1:colcon.colcon_core.package_identification:_identify(Arduino/libraries/AccelStepper/examples/MotorShield) by extension 'ignore_ament_install'
[2.781s] Level 1:colcon.colcon_core.package_identification:_identify(Arduino/libraries/AccelStepper/examples/MotorShield) by extensions ['colcon_pkg']
[2.781s] Level 1:colcon.colcon_core.package_identification:_identify(Arduino/libraries/AccelStepper/examples/MotorShield) by extension 'colcon_pkg'
[2.781s] Level 1:colcon.colcon_core.package_identification:_identify(Arduino/libraries/AccelStepper/examples/MotorShield) by extensions ['colcon_meta']
[2.781s] Level 1:colcon.colcon_core.package_identification:_identify(Arduino/libraries/AccelStepper/examples/MotorShield) by extension 'colcon_meta'
[2.782s] Level 1:colcon.colcon_core.package_identification:_identify(Arduino/libraries/AccelStepper/examples/MotorShield) by extensions ['ros']
[2.782s] Level 1:colcon.colcon_core.package_identification:_identify(Arduino/libraries/AccelStepper/examples/MotorShield) by extension 'ros'
[2.782s] Level 1:colcon.colcon_core.package_identification:_identify(Arduino/libraries/AccelStepper/examples/MotorShield) by extensions ['cmake', 'python']
[2.782s] Level 1:colcon.colcon_core.package_identification:_identify(Arduino/libraries/AccelStepper/examples/MotorShield) by extension 'cmake'
[2.782s] Level 1:colcon.colcon_core.package_identification:_identify(Arduino/libraries/AccelStepper/examples/MotorShield) by extension 'python'
[2.782s] Level 1:colcon.colcon_core.package_identification:_identify(Arduino/libraries/AccelStepper/examples/MotorShield) by extensions ['python_setup_py']
[2.782s] Level 1:colcon.colcon_core.package_identification:_identify(Arduino/libraries/AccelStepper/examples/MotorShield) by extension 'python_setup_py'
[2.782s] Level 1:colcon.colcon_core.package_identification:_identify(Arduino/libraries/AccelStepper/examples/MultiStepper) by extensions ['ignore', 'ignore_ament_install']
[2.782s] Level 1:colcon.colcon_core.package_identification:_identify(Arduino/libraries/AccelStepper/examples/MultiStepper) by extension 'ignore'
[2.782s] Level 1:colcon.colcon_core.package_identification:_identify(Arduino/libraries/AccelStepper/examples/MultiStepper) by extension 'ignore_ament_install'
[2.782s] Level 1:colcon.colcon_core.package_identification:_identify(Arduino/libraries/AccelStepper/examples/MultiStepper) by extensions ['colcon_pkg']
[2.782s] Level 1:colcon.colcon_core.package_identification:_identify(Arduino/libraries/AccelStepper/examples/MultiStepper) by extension 'colcon_pkg'
[2.782s] Level 1:colcon.colcon_core.package_identification:_identify(Arduino/libraries/AccelStepper/examples/MultiStepper) by extensions ['colcon_meta']
[2.782s] Level 1:colcon.colcon_core.package_identification:_identify(Arduino/libraries/AccelStepper/examples/MultiStepper) by extension 'colcon_meta'
[2.782s] Level 1:colcon.colcon_core.package_identification:_identify(Arduino/libraries/AccelStepper/examples/MultiStepper) by extensions ['ros']
[2.782s] Level 1:colcon.colcon_core.package_identification:_identify(Arduino/libraries/AccelStepper/examples/MultiStepper) by extension 'ros'
[2.782s] Level 1:colcon.colcon_core.package_identification:_identify(Arduino/libraries/AccelStepper/examples/MultiStepper) by extensions ['cmake', 'python']
[2.782s] Level 1:colcon.colcon_core.package_identification:_identify(Arduino/libraries/AccelStepper/examples/MultiStepper) by extension 'cmake'
[2.782s] Level 1:colcon.colcon_core.package_identification:_identify(Arduino/libraries/AccelStepper/examples/MultiStepper) by extension 'python'
[2.782s] Level 1:colcon.colcon_core.package_identification:_identify(Arduino/libraries/AccelStepper/examples/MultiStepper) by extensions ['python_setup_py']
[2.782s] Level 1:colcon.colcon_core.package_identification:_identify(Arduino/libraries/AccelStepper/examples/MultiStepper) by extension 'python_setup_py'
[2.782s] Level 1:colcon.colcon_core.package_identification:_identify(Arduino/libraries/AccelStepper/examples/MultipleSteppers) by extensions ['ignore', 'ignore_ament_install']
[2.782s] Level 1:colcon.colcon_core.package_identification:_identify(Arduino/libraries/AccelStepper/examples/MultipleSteppers) by extension 'ignore'
[2.782s] Level 1:colcon.colcon_core.package_identification:_identify(Arduino/libraries/AccelStepper/examples/MultipleSteppers) by extension 'ignore_ament_install'
[2.782s] Level 1:colcon.colcon_core.package_identification:_identify(Arduino/libraries/AccelStepper/examples/MultipleSteppers) by extensions ['colcon_pkg']
[2.782s] Level 1:colcon.colcon_core.package_identification:_identify(Arduino/libraries/AccelStepper/examples/MultipleSteppers) by extension 'colcon_pkg'
[2.782s] Level 1:colcon.colcon_core.package_identification:_identify(Arduino/libraries/AccelStepper/examples/MultipleSteppers) by extensions ['colcon_meta']
[2.782s] Level 1:colcon.colcon_core.package_identification:_identify(Arduino/libraries/AccelStepper/examples/MultipleSteppers) by extension 'colcon_meta'
[2.782s] Level 1:colcon.colcon_core.package_identification:_identify(Arduino/libraries/AccelStepper/examples/MultipleSteppers) by extensions ['ros']
[2.782s] Level 1:colcon.colcon_core.package_identification:_identify(Arduino/libraries/AccelStepper/examples/MultipleSteppers) by extension 'ros'
[2.782s] Level 1:colcon.colcon_core.package_identification:_identify(Arduino/libraries/AccelStepper/examples/MultipleSteppers) by extensions ['cmake', 'python']
[2.782s] Level 1:colcon.colcon_core.package_identification:_identify(Arduino/libraries/AccelStepper/examples/MultipleSteppers) by extension 'cmake'
[2.782s] Level 1:colcon.colcon_core.package_identification:_identify(Arduino/libraries/AccelStepper/examples/MultipleSteppers) by extension 'python'
[2.782s] Level 1:colcon.colcon_core.package_identification:_identify(Arduino/libraries/AccelStepper/examples/MultipleSteppers) by extensions ['python_setup_py']
[2.782s] Level 1:colcon.colcon_core.package_identification:_identify(Arduino/libraries/AccelStepper/examples/MultipleSteppers) by extension 'python_setup_py'
[2.782s] Level 1:colcon.colcon_core.package_identification:_identify(Arduino/libraries/AccelStepper/examples/Overshoot) by extensions ['ignore', 'ignore_ament_install']
[2.782s] Level 1:colcon.colcon_core.package_identification:_identify(Arduino/libraries/AccelStepper/examples/Overshoot) by extension 'ignore'
[2.782s] Level 1:colcon.colcon_core.package_identification:_identify(Arduino/libraries/AccelStepper/examples/Overshoot) by extension 'ignore_ament_install'
[2.782s] Level 1:colcon.colcon_core.package_identification:_identify(Arduino/libraries/AccelStepper/examples/Overshoot) by extensions ['colcon_pkg']
[2.782s] Level 1:colcon.colcon_core.package_identification:_identify(Arduino/libraries/AccelStepper/examples/Overshoot) by extension 'colcon_pkg'
[2.782s] Level 1:colcon.colcon_core.package_identification:_identify(Arduino/libraries/AccelStepper/examples/Overshoot) by extensions ['colcon_meta']
[2.782s] Level 1:colcon.colcon_core.package_identification:_identify(Arduino/libraries/AccelStepper/examples/Overshoot) by extension 'colcon_meta'
[2.782s] Level 1:colcon.colcon_core.package_identification:_identify(Arduino/libraries/AccelStepper/examples/Overshoot) by extensions ['ros']
[2.782s] Level 1:colcon.colcon_core.package_identification:_identify(Arduino/libraries/AccelStepper/examples/Overshoot) by extension 'ros'
[2.782s] Level 1:colcon.colcon_core.package_identification:_identify(Arduino/libraries/AccelStepper/examples/Overshoot) by extensions ['cmake', 'python']
[2.783s] Level 1:colcon.colcon_core.package_identification:_identify(Arduino/libraries/AccelStepper/examples/Overshoot) by extension 'cmake'
[2.783s] Level 1:colcon.colcon_core.package_identification:_identify(Arduino/libraries/AccelStepper/examples/Overshoot) by extension 'python'
[2.783s] Level 1:colcon.colcon_core.package_identification:_identify(Arduino/libraries/AccelStepper/examples/Overshoot) by extensions ['python_setup_py']
[2.783s] Level 1:colcon.colcon_core.package_identification:_identify(Arduino/libraries/AccelStepper/examples/Overshoot) by extension 'python_setup_py'
[2.783s] Level 1:colcon.colcon_core.package_identification:_identify(Arduino/libraries/AccelStepper/examples/ProportionalControl) by extensions ['ignore', 'ignore_ament_install']
[2.783s] Level 1:colcon.colcon_core.package_identification:_identify(Arduino/libraries/AccelStepper/examples/ProportionalControl) by extension 'ignore'
[2.783s] Level 1:colcon.colcon_core.package_identification:_identify(Arduino/libraries/AccelStepper/examples/ProportionalControl) by extension 'ignore_ament_install'
[2.783s] Level 1:colcon.colcon_core.package_identification:_identify(Arduino/libraries/AccelStepper/examples/ProportionalControl) by extensions ['colcon_pkg']
[2.783s] Level 1:colcon.colcon_core.package_identification:_identify(Arduino/libraries/AccelStepper/examples/ProportionalControl) by extension 'colcon_pkg'
[2.783s] Level 1:colcon.colcon_core.package_identification:_identify(Arduino/libraries/AccelStepper/examples/ProportionalControl) by extensions ['colcon_meta']
[2.783s] Level 1:colcon.colcon_core.package_identification:_identify(Arduino/libraries/AccelStepper/examples/ProportionalControl) by extension 'colcon_meta'
[2.783s] Level 1:colcon.colcon_core.package_identification:_identify(Arduino/libraries/AccelStepper/examples/ProportionalControl) by extensions ['ros']
[2.783s] Level 1:colcon.colcon_core.package_identification:_identify(Arduino/libraries/AccelStepper/examples/ProportionalControl) by extension 'ros'
[2.783s] Level 1:colcon.colcon_core.package_identification:_identify(Arduino/libraries/AccelStepper/examples/ProportionalControl) by extensions ['cmake', 'python']
[2.783s] Level 1:colcon.colcon_core.package_identification:_identify(Arduino/libraries/AccelStepper/examples/ProportionalControl) by extension 'cmake'
[2.783s] Level 1:colcon.colcon_core.package_identification:_identify(Arduino/libraries/AccelStepper/examples/ProportionalControl) by extension 'python'
[2.783s] Level 1:colcon.colcon_core.package_identification:_identify(Arduino/libraries/AccelStepper/examples/ProportionalControl) by extensions ['python_setup_py']
[2.783s] Level 1:colcon.colcon_core.package_identification:_identify(Arduino/libraries/AccelStepper/examples/ProportionalControl) by extension 'python_setup_py'
[2.783s] Level 1:colcon.colcon_core.package_identification:_identify(Arduino/libraries/AccelStepper/examples/Quickstop) by extensions ['ignore', 'ignore_ament_install']
[2.783s] Level 1:colcon.colcon_core.package_identification:_identify(Arduino/libraries/AccelStepper/examples/Quickstop) by extension 'ignore'
[2.783s] Level 1:colcon.colcon_core.package_identification:_identify(Arduino/libraries/AccelStepper/examples/Quickstop) by extension 'ignore_ament_install'
[2.783s] Level 1:colcon.colcon_core.package_identification:_identify(Arduino/libraries/AccelStepper/examples/Quickstop) by extensions ['colcon_pkg']
[2.783s] Level 1:colcon.colcon_core.package_identification:_identify(Arduino/libraries/AccelStepper/examples/Quickstop) by extension 'colcon_pkg'
[2.783s] Level 1:colcon.colcon_core.package_identification:_identify(Arduino/libraries/AccelStepper/examples/Quickstop) by extensions ['colcon_meta']
[2.783s] Level 1:colcon.colcon_core.package_identification:_identify(Arduino/libraries/AccelStepper/examples/Quickstop) by extension 'colcon_meta'
[2.783s] Level 1:colcon.colcon_core.package_identification:_identify(Arduino/libraries/AccelStepper/examples/Quickstop) by extensions ['ros']
[2.783s] Level 1:colcon.colcon_core.package_identification:_identify(Arduino/libraries/AccelStepper/examples/Quickstop) by extension 'ros'
[2.783s] Level 1:colcon.colcon_core.package_identification:_identify(Arduino/libraries/AccelStepper/examples/Quickstop) by extensions ['cmake', 'python']
[2.783s] Level 1:colcon.colcon_core.package_identification:_identify(Arduino/libraries/AccelStepper/examples/Quickstop) by extension 'cmake'
[2.783s] Level 1:colcon.colcon_core.package_identification:_identify(Arduino/libraries/AccelStepper/examples/Quickstop) by extension 'python'
[2.783s] Level 1:colcon.colcon_core.package_identification:_identify(Arduino/libraries/AccelStepper/examples/Quickstop) by extensions ['python_setup_py']
[2.783s] Level 1:colcon.colcon_core.package_identification:_identify(Arduino/libraries/AccelStepper/examples/Quickstop) by extension 'python_setup_py'
[2.783s] Level 1:colcon.colcon_core.package_identification:_identify(Arduino/libraries/AccelStepper/examples/Random) by extensions ['ignore', 'ignore_ament_install']
[2.783s] Level 1:colcon.colcon_core.package_identification:_identify(Arduino/libraries/AccelStepper/examples/Random) by extension 'ignore'
[2.783s] Level 1:colcon.colcon_core.package_identification:_identify(Arduino/libraries/AccelStepper/examples/Random) by extension 'ignore_ament_install'
[2.783s] Level 1:colcon.colcon_core.package_identification:_identify(Arduino/libraries/AccelStepper/examples/Random) by extensions ['colcon_pkg']
[2.783s] Level 1:colcon.colcon_core.package_identification:_identify(Arduino/libraries/AccelStepper/examples/Random) by extension 'colcon_pkg'
[2.783s] Level 1:colcon.colcon_core.package_identification:_identify(Arduino/libraries/AccelStepper/examples/Random) by extensions ['colcon_meta']
[2.783s] Level 1:colcon.colcon_core.package_identification:_identify(Arduino/libraries/AccelStepper/examples/Random) by extension 'colcon_meta'
[2.783s] Level 1:colcon.colcon_core.package_identification:_identify(Arduino/libraries/AccelStepper/examples/Random) by extensions ['ros']
[2.783s] Level 1:colcon.colcon_core.package_identification:_identify(Arduino/libraries/AccelStepper/examples/Random) by extension 'ros'
[2.783s] Level 1:colcon.colcon_core.package_identification:_identify(Arduino/libraries/AccelStepper/examples/Random) by extensions ['cmake', 'python']
[2.783s] Level 1:colcon.colcon_core.package_identification:_identify(Arduino/libraries/AccelStepper/examples/Random) by extension 'cmake'
[2.783s] Level 1:colcon.colcon_core.package_identification:_identify(Arduino/libraries/AccelStepper/examples/Random) by extension 'python'
[2.783s] Level 1:colcon.colcon_core.package_identification:_identify(Arduino/libraries/AccelStepper/examples/Random) by extensions ['python_setup_py']
[2.783s] Level 1:colcon.colcon_core.package_identification:_identify(Arduino/libraries/AccelStepper/examples/Random) by extension 'python_setup_py'
[2.784s] Level 1:colcon.colcon_core.package_identification:_identify(Arduino/libraries/AccelStepper/extras) by extensions ['ignore', 'ignore_ament_install']
[2.784s] Level 1:colcon.colcon_core.package_identification:_identify(Arduino/libraries/AccelStepper/extras) by extension 'ignore'
[2.784s] Level 1:colcon.colcon_core.package_identification:_identify(Arduino/libraries/AccelStepper/extras) by extension 'ignore_ament_install'
[2.784s] Level 1:colcon.colcon_core.package_identification:_identify(Arduino/libraries/AccelStepper/extras) by extensions ['colcon_pkg']
[2.784s] Level 1:colcon.colcon_core.package_identification:_identify(Arduino/libraries/AccelStepper/extras) by extension 'colcon_pkg'
[2.784s] Level 1:colcon.colcon_core.package_identification:_identify(Arduino/libraries/AccelStepper/extras) by extensions ['colcon_meta']
[2.784s] Level 1:colcon.colcon_core.package_identification:_identify(Arduino/libraries/AccelStepper/extras) by extension 'colcon_meta'
[2.784s] Level 1:colcon.colcon_core.package_identification:_identify(Arduino/libraries/AccelStepper/extras) by extensions ['ros']
[2.784s] Level 1:colcon.colcon_core.package_identification:_identify(Arduino/libraries/AccelStepper/extras) by extension 'ros'
[2.784s] Level 1:colcon.colcon_core.package_identification:_identify(Arduino/libraries/AccelStepper/extras) by extensions ['cmake', 'python']
[2.784s] Level 1:colcon.colcon_core.package_identification:_identify(Arduino/libraries/AccelStepper/extras) by extension 'cmake'
[2.784s] Level 1:colcon.colcon_core.package_identification:_identify(Arduino/libraries/AccelStepper/extras) by extension 'python'
[2.784s] Level 1:colcon.colcon_core.package_identification:_identify(Arduino/libraries/AccelStepper/extras) by extensions ['python_setup_py']
[2.784s] Level 1:colcon.colcon_core.package_identification:_identify(Arduino/libraries/AccelStepper/extras) by extension 'python_setup_py'
[2.784s] Level 1:colcon.colcon_core.package_identification:_identify(Arduino/libraries/AccelStepper/extras/doc) by extensions ['ignore', 'ignore_ament_install']
[2.784s] Level 1:colcon.colcon_core.package_identification:_identify(Arduino/libraries/AccelStepper/extras/doc) by extension 'ignore'
[2.784s] Level 1:colcon.colcon_core.package_identification:_identify(Arduino/libraries/AccelStepper/extras/doc) by extension 'ignore_ament_install'
[2.784s] Level 1:colcon.colcon_core.package_identification:_identify(Arduino/libraries/AccelStepper/extras/doc) by extensions ['colcon_pkg']
[2.784s] Level 1:colcon.colcon_core.package_identification:_identify(Arduino/libraries/AccelStepper/extras/doc) by extension 'colcon_pkg'
[2.784s] Level 1:colcon.colcon_core.package_identification:_identify(Arduino/libraries/AccelStepper/extras/doc) by extensions ['colcon_meta']
[2.784s] Level 1:colcon.colcon_core.package_identification:_identify(Arduino/libraries/AccelStepper/extras/doc) by extension 'colcon_meta'
[2.784s] Level 1:colcon.colcon_core.package_identification:_identify(Arduino/libraries/AccelStepper/extras/doc) by extensions ['ros']
[2.784s] Level 1:colcon.colcon_core.package_identification:_identify(Arduino/libraries/AccelStepper/extras/doc) by extension 'ros'
[2.784s] Level 1:colcon.colcon_core.package_identification:_identify(Arduino/libraries/AccelStepper/extras/doc) by extensions ['cmake', 'python']
[2.784s] Level 1:colcon.colcon_core.package_identification:_identify(Arduino/libraries/AccelStepper/extras/doc) by extension 'cmake'
[2.784s] Level 1:colcon.colcon_core.package_identification:_identify(Arduino/libraries/AccelStepper/extras/doc) by extension 'python'
[2.784s] Level 1:colcon.colcon_core.package_identification:_identify(Arduino/libraries/AccelStepper/extras/doc) by extensions ['python_setup_py']
[2.784s] Level 1:colcon.colcon_core.package_identification:_identify(Arduino/libraries/AccelStepper/extras/doc) by extension 'python_setup_py'
[2.784s] Level 1:colcon.colcon_core.package_identification:_identify(Arduino/libraries/AccelStepper/src) by extensions ['ignore', 'ignore_ament_install']
[2.784s] Level 1:colcon.colcon_core.package_identification:_identify(Arduino/libraries/AccelStepper/src) by extension 'ignore'
[2.784s] Level 1:colcon.colcon_core.package_identification:_identify(Arduino/libraries/AccelStepper/src) by extension 'ignore_ament_install'
[2.784s] Level 1:colcon.colcon_core.package_identification:_identify(Arduino/libraries/AccelStepper/src) by extensions ['colcon_pkg']
[2.784s] Level 1:colcon.colcon_core.package_identification:_identify(Arduino/libraries/AccelStepper/src) by extension 'colcon_pkg'
[2.784s] Level 1:colcon.colcon_core.package_identification:_identify(Arduino/libraries/AccelStepper/src) by extensions ['colcon_meta']
[2.784s] Level 1:colcon.colcon_core.package_identification:_identify(Arduino/libraries/AccelStepper/src) by extension 'colcon_meta'
[2.784s] Level 1:colcon.colcon_core.package_identification:_identify(Arduino/libraries/AccelStepper/src) by extensions ['ros']
[2.784s] Level 1:colcon.colcon_core.package_identification:_identify(Arduino/libraries/AccelStepper/src) by extension 'ros'
[2.784s] Level 1:colcon.colcon_core.package_identification:_identify(Arduino/libraries/AccelStepper/src) by extensions ['cmake', 'python']
[2.784s] Level 1:colcon.colcon_core.package_identification:_identify(Arduino/libraries/AccelStepper/src) by extension 'cmake'
[2.784s] Level 1:colcon.colcon_core.package_identification:_identify(Arduino/libraries/AccelStepper/src) by extension 'python'
[2.784s] Level 1:colcon.colcon_core.package_identification:_identify(Arduino/libraries/AccelStepper/src) by extensions ['python_setup_py']
[2.784s] Level 1:colcon.colcon_core.package_identification:_identify(Arduino/libraries/AccelStepper/src) by extension 'python_setup_py'
[2.784s] Level 1:colcon.colcon_core.package_identification:_identify(Arduino/libraries/PinChangeInterrupt) by extensions ['ignore', 'ignore_ament_install']
[2.785s] Level 1:colcon.colcon_core.package_identification:_identify(Arduino/libraries/PinChangeInterrupt) by extension 'ignore'
[2.785s] Level 1:colcon.colcon_core.package_identification:_identify(Arduino/libraries/PinChangeInterrupt) by extension 'ignore_ament_install'
[2.785s] Level 1:colcon.colcon_core.package_identification:_identify(Arduino/libraries/PinChangeInterrupt) by extensions ['colcon_pkg']
[2.785s] Level 1:colcon.colcon_core.package_identification:_identify(Arduino/libraries/PinChangeInterrupt) by extension 'colcon_pkg'
[2.785s] Level 1:colcon.colcon_core.package_identification:_identify(Arduino/libraries/PinChangeInterrupt) by extensions ['colcon_meta']
[2.785s] Level 1:colcon.colcon_core.package_identification:_identify(Arduino/libraries/PinChangeInterrupt) by extension 'colcon_meta'
[2.785s] Level 1:colcon.colcon_core.package_identification:_identify(Arduino/libraries/PinChangeInterrupt) by extensions ['ros']
[2.785s] Level 1:colcon.colcon_core.package_identification:_identify(Arduino/libraries/PinChangeInterrupt) by extension 'ros'
[2.785s] Level 1:colcon.colcon_core.package_identification:_identify(Arduino/libraries/PinChangeInterrupt) by extensions ['cmake', 'python']
[2.785s] Level 1:colcon.colcon_core.package_identification:_identify(Arduino/libraries/PinChangeInterrupt) by extension 'cmake'
[2.785s] Level 1:colcon.colcon_core.package_identification:_identify(Arduino/libraries/PinChangeInterrupt) by extension 'python'
[2.785s] Level 1:colcon.colcon_core.package_identification:_identify(Arduino/libraries/PinChangeInterrupt) by extensions ['python_setup_py']
[2.785s] Level 1:colcon.colcon_core.package_identification:_identify(Arduino/libraries/PinChangeInterrupt) by extension 'python_setup_py'
[2.785s] Level 1:colcon.colcon_core.package_identification:_identify(Arduino/libraries/PinChangeInterrupt/examples) by extensions ['ignore', 'ignore_ament_install']
[2.785s] Level 1:colcon.colcon_core.package_identification:_identify(Arduino/libraries/PinChangeInterrupt/examples) by extension 'ignore'
[2.785s] Level 1:colcon.colcon_core.package_identification:_identify(Arduino/libraries/PinChangeInterrupt/examples) by extension 'ignore_ament_install'
[2.785s] Level 1:colcon.colcon_core.package_identification:_identify(Arduino/libraries/PinChangeInterrupt/examples) by extensions ['colcon_pkg']
[2.785s] Level 1:colcon.colcon_core.package_identification:_identify(Arduino/libraries/PinChangeInterrupt/examples) by extension 'colcon_pkg'
[2.785s] Level 1:colcon.colcon_core.package_identification:_identify(Arduino/libraries/PinChangeInterrupt/examples) by extensions ['colcon_meta']
[2.785s] Level 1:colcon.colcon_core.package_identification:_identify(Arduino/libraries/PinChangeInterrupt/examples) by extension 'colcon_meta'
[2.785s] Level 1:colcon.colcon_core.package_identification:_identify(Arduino/libraries/PinChangeInterrupt/examples) by extensions ['ros']
[2.785s] Level 1:colcon.colcon_core.package_identification:_identify(Arduino/libraries/PinChangeInterrupt/examples) by extension 'ros'
[2.785s] Level 1:colcon.colcon_core.package_identification:_identify(Arduino/libraries/PinChangeInterrupt/examples) by extensions ['cmake', 'python']
[2.785s] Level 1:colcon.colcon_core.package_identification:_identify(Arduino/libraries/PinChangeInterrupt/examples) by extension 'cmake'
[2.785s] Level 1:colcon.colcon_core.package_identification:_identify(Arduino/libraries/PinChangeInterrupt/examples) by extension 'python'
[2.785s] Level 1:colcon.colcon_core.package_identification:_identify(Arduino/libraries/PinChangeInterrupt/examples) by extensions ['python_setup_py']
[2.785s] Level 1:colcon.colcon_core.package_identification:_identify(Arduino/libraries/PinChangeInterrupt/examples) by extension 'python_setup_py'
[2.785s] Level 1:colcon.colcon_core.package_identification:_identify(Arduino/libraries/PinChangeInterrupt/examples/PinChangeInterrupt_HowItWorks) by extensions ['ignore', 'ignore_ament_install']
[2.785s] Level 1:colcon.colcon_core.package_identification:_identify(Arduino/libraries/PinChangeInterrupt/examples/PinChangeInterrupt_HowItWorks) by extension 'ignore'
[2.785s] Level 1:colcon.colcon_core.package_identification:_identify(Arduino/libraries/PinChangeInterrupt/examples/PinChangeInterrupt_HowItWorks) by extension 'ignore_ament_install'
[2.785s] Level 1:colcon.colcon_core.package_identification:_identify(Arduino/libraries/PinChangeInterrupt/examples/PinChangeInterrupt_HowItWorks) by extensions ['colcon_pkg']
[2.785s] Level 1:colcon.colcon_core.package_identification:_identify(Arduino/libraries/PinChangeInterrupt/examples/PinChangeInterrupt_HowItWorks) by extension 'colcon_pkg'
[2.785s] Level 1:colcon.colcon_core.package_identification:_identify(Arduino/libraries/PinChangeInterrupt/examples/PinChangeInterrupt_HowItWorks) by extensions ['colcon_meta']
[2.785s] Level 1:colcon.colcon_core.package_identification:_identify(Arduino/libraries/PinChangeInterrupt/examples/PinChangeInterrupt_HowItWorks) by extension 'colcon_meta'
[2.785s] Level 1:colcon.colcon_core.package_identification:_identify(Arduino/libraries/PinChangeInterrupt/examples/PinChangeInterrupt_HowItWorks) by extensions ['ros']
[2.785s] Level 1:colcon.colcon_core.package_identification:_identify(Arduino/libraries/PinChangeInterrupt/examples/PinChangeInterrupt_HowItWorks) by extension 'ros'
[2.785s] Level 1:colcon.colcon_core.package_identification:_identify(Arduino/libraries/PinChangeInterrupt/examples/PinChangeInterrupt_HowItWorks) by extensions ['cmake', 'python']
[2.785s] Level 1:colcon.colcon_core.package_identification:_identify(Arduino/libraries/PinChangeInterrupt/examples/PinChangeInterrupt_HowItWorks) by extension 'cmake'
[2.785s] Level 1:colcon.colcon_core.package_identification:_identify(Arduino/libraries/PinChangeInterrupt/examples/PinChangeInterrupt_HowItWorks) by extension 'python'
[2.785s] Level 1:colcon.colcon_core.package_identification:_identify(Arduino/libraries/PinChangeInterrupt/examples/PinChangeInterrupt_HowItWorks) by extensions ['python_setup_py']
[2.785s] Level 1:colcon.colcon_core.package_identification:_identify(Arduino/libraries/PinChangeInterrupt/examples/PinChangeInterrupt_HowItWorks) by extension 'python_setup_py'
[2.785s] Level 1:colcon.colcon_core.package_identification:_identify(Arduino/libraries/PinChangeInterrupt/examples/PinChangeInterrupt_Led) by extensions ['ignore', 'ignore_ament_install']
[2.785s] Level 1:colcon.colcon_core.package_identification:_identify(Arduino/libraries/PinChangeInterrupt/examples/PinChangeInterrupt_Led) by extension 'ignore'
[2.785s] Level 1:colcon.colcon_core.package_identification:_identify(Arduino/libraries/PinChangeInterrupt/examples/PinChangeInterrupt_Led) by extension 'ignore_ament_install'
[2.785s] Level 1:colcon.colcon_core.package_identification:_identify(Arduino/libraries/PinChangeInterrupt/examples/PinChangeInterrupt_Led) by extensions ['colcon_pkg']
[2.786s] Level 1:colcon.colcon_core.package_identification:_identify(Arduino/libraries/PinChangeInterrupt/examples/PinChangeInterrupt_Led) by extension 'colcon_pkg'
[2.786s] Level 1:colcon.colcon_core.package_identification:_identify(Arduino/libraries/PinChangeInterrupt/examples/PinChangeInterrupt_Led) by extensions ['colcon_meta']
[2.786s] Level 1:colcon.colcon_core.package_identification:_identify(Arduino/libraries/PinChangeInterrupt/examples/PinChangeInterrupt_Led) by extension 'colcon_meta'
[2.786s] Level 1:colcon.colcon_core.package_identification:_identify(Arduino/libraries/PinChangeInterrupt/examples/PinChangeInterrupt_Led) by extensions ['ros']
[2.786s] Level 1:colcon.colcon_core.package_identification:_identify(Arduino/libraries/PinChangeInterrupt/examples/PinChangeInterrupt_Led) by extension 'ros'
[2.786s] Level 1:colcon.colcon_core.package_identification:_identify(Arduino/libraries/PinChangeInterrupt/examples/PinChangeInterrupt_Led) by extensions ['cmake', 'python']
[2.786s] Level 1:colcon.colcon_core.package_identification:_identify(Arduino/libraries/PinChangeInterrupt/examples/PinChangeInterrupt_Led) by extension 'cmake'
[2.786s] Level 1:colcon.colcon_core.package_identification:_identify(Arduino/libraries/PinChangeInterrupt/examples/PinChangeInterrupt_Led) by extension 'python'
[2.786s] Level 1:colcon.colcon_core.package_identification:_identify(Arduino/libraries/PinChangeInterrupt/examples/PinChangeInterrupt_Led) by extensions ['python_setup_py']
[2.786s] Level 1:colcon.colcon_core.package_identification:_identify(Arduino/libraries/PinChangeInterrupt/examples/PinChangeInterrupt_Led) by extension 'python_setup_py'
[2.786s] Level 1:colcon.colcon_core.package_identification:_identify(Arduino/libraries/PinChangeInterrupt/examples/PinChangeInterrupt_LowLevel) by extensions ['ignore', 'ignore_ament_install']
[2.786s] Level 1:colcon.colcon_core.package_identification:_identify(Arduino/libraries/PinChangeInterrupt/examples/PinChangeInterrupt_LowLevel) by extension 'ignore'
[2.786s] Level 1:colcon.colcon_core.package_identification:_identify(Arduino/libraries/PinChangeInterrupt/examples/PinChangeInterrupt_LowLevel) by extension 'ignore_ament_install'
[2.786s] Level 1:colcon.colcon_core.package_identification:_identify(Arduino/libraries/PinChangeInterrupt/examples/PinChangeInterrupt_LowLevel) by extensions ['colcon_pkg']
[2.786s] Level 1:colcon.colcon_core.package_identification:_identify(Arduino/libraries/PinChangeInterrupt/examples/PinChangeInterrupt_LowLevel) by extension 'colcon_pkg'
[2.786s] Level 1:colcon.colcon_core.package_identification:_identify(Arduino/libraries/PinChangeInterrupt/examples/PinChangeInterrupt_LowLevel) by extensions ['colcon_meta']
[2.786s] Level 1:colcon.colcon_core.package_identification:_identify(Arduino/libraries/PinChangeInterrupt/examples/PinChangeInterrupt_LowLevel) by extension 'colcon_meta'
[2.786s] Level 1:colcon.colcon_core.package_identification:_identify(Arduino/libraries/PinChangeInterrupt/examples/PinChangeInterrupt_LowLevel) by extensions ['ros']
[2.786s] Level 1:colcon.colcon_core.package_identification:_identify(Arduino/libraries/PinChangeInterrupt/examples/PinChangeInterrupt_LowLevel) by extension 'ros'
[2.786s] Level 1:colcon.colcon_core.package_identification:_identify(Arduino/libraries/PinChangeInterrupt/examples/PinChangeInterrupt_LowLevel) by extensions ['cmake', 'python']
[2.786s] Level 1:colcon.colcon_core.package_identification:_identify(Arduino/libraries/PinChangeInterrupt/examples/PinChangeInterrupt_LowLevel) by extension 'cmake'
[2.786s] Level 1:colcon.colcon_core.package_identification:_identify(Arduino/libraries/PinChangeInterrupt/examples/PinChangeInterrupt_LowLevel) by extension 'python'
[2.786s] Level 1:colcon.colcon_core.package_identification:_identify(Arduino/libraries/PinChangeInterrupt/examples/PinChangeInterrupt_LowLevel) by extensions ['python_setup_py']
[2.786s] Level 1:colcon.colcon_core.package_identification:_identify(Arduino/libraries/PinChangeInterrupt/examples/PinChangeInterrupt_LowLevel) by extension 'python_setup_py'
[2.786s] Level 1:colcon.colcon_core.package_identification:_identify(Arduino/libraries/PinChangeInterrupt/examples/PinChangeInterrupt_TickTock) by extensions ['ignore', 'ignore_ament_install']
[2.786s] Level 1:colcon.colcon_core.package_identification:_identify(Arduino/libraries/PinChangeInterrupt/examples/PinChangeInterrupt_TickTock) by extension 'ignore'
[2.786s] Level 1:colcon.colcon_core.package_identification:_identify(Arduino/libraries/PinChangeInterrupt/examples/PinChangeInterrupt_TickTock) by extension 'ignore_ament_install'
[2.786s] Level 1:colcon.colcon_core.package_identification:_identify(Arduino/libraries/PinChangeInterrupt/examples/PinChangeInterrupt_TickTock) by extensions ['colcon_pkg']
[2.786s] Level 1:colcon.colcon_core.package_identification:_identify(Arduino/libraries/PinChangeInterrupt/examples/PinChangeInterrupt_TickTock) by extension 'colcon_pkg'
[2.786s] Level 1:colcon.colcon_core.package_identification:_identify(Arduino/libraries/PinChangeInterrupt/examples/PinChangeInterrupt_TickTock) by extensions ['colcon_meta']
[2.786s] Level 1:colcon.colcon_core.package_identification:_identify(Arduino/libraries/PinChangeInterrupt/examples/PinChangeInterrupt_TickTock) by extension 'colcon_meta'
[2.786s] Level 1:colcon.colcon_core.package_identification:_identify(Arduino/libraries/PinChangeInterrupt/examples/PinChangeInterrupt_TickTock) by extensions ['ros']
[2.786s] Level 1:colcon.colcon_core.package_identification:_identify(Arduino/libraries/PinChangeInterrupt/examples/PinChangeInterrupt_TickTock) by extension 'ros'
[2.786s] Level 1:colcon.colcon_core.package_identification:_identify(Arduino/libraries/PinChangeInterrupt/examples/PinChangeInterrupt_TickTock) by extensions ['cmake', 'python']
[2.786s] Level 1:colcon.colcon_core.package_identification:_identify(Arduino/libraries/PinChangeInterrupt/examples/PinChangeInterrupt_TickTock) by extension 'cmake'
[2.786s] Level 1:colcon.colcon_core.package_identification:_identify(Arduino/libraries/PinChangeInterrupt/examples/PinChangeInterrupt_TickTock) by extension 'python'
[2.786s] Level 1:colcon.colcon_core.package_identification:_identify(Arduino/libraries/PinChangeInterrupt/examples/PinChangeInterrupt_TickTock) by extensions ['python_setup_py']
[2.786s] Level 1:colcon.colcon_core.package_identification:_identify(Arduino/libraries/PinChangeInterrupt/examples/PinChangeInterrupt_TickTock) by extension 'python_setup_py'
[2.786s] Level 1:colcon.colcon_core.package_identification:_identify(Arduino/libraries/PinChangeInterrupt/src) by extensions ['ignore', 'ignore_ament_install']
[2.786s] Level 1:colcon.colcon_core.package_identification:_identify(Arduino/libraries/PinChangeInterrupt/src) by extension 'ignore'
[2.786s] Level 1:colcon.colcon_core.package_identification:_identify(Arduino/libraries/PinChangeInterrupt/src) by extension 'ignore_ament_install'
[2.786s] Level 1:colcon.colcon_core.package_identification:_identify(Arduino/libraries/PinChangeInterrupt/src) by extensions ['colcon_pkg']
[2.786s] Level 1:colcon.colcon_core.package_identification:_identify(Arduino/libraries/PinChangeInterrupt/src) by extension 'colcon_pkg'
[2.786s] Level 1:colcon.colcon_core.package_identification:_identify(Arduino/libraries/PinChangeInterrupt/src) by extensions ['colcon_meta']
[2.786s] Level 1:colcon.colcon_core.package_identification:_identify(Arduino/libraries/PinChangeInterrupt/src) by extension 'colcon_meta'
[2.787s] Level 1:colcon.colcon_core.package_identification:_identify(Arduino/libraries/PinChangeInterrupt/src) by extensions ['ros']
[2.787s] Level 1:colcon.colcon_core.package_identification:_identify(Arduino/libraries/PinChangeInterrupt/src) by extension 'ros'
[2.787s] Level 1:colcon.colcon_core.package_identification:_identify(Arduino/libraries/PinChangeInterrupt/src) by extensions ['cmake', 'python']
[2.787s] Level 1:colcon.colcon_core.package_identification:_identify(Arduino/libraries/PinChangeInterrupt/src) by extension 'cmake'
[2.787s] Level 1:colcon.colcon_core.package_identification:_identify(Arduino/libraries/PinChangeInterrupt/src) by extension 'python'
[2.787s] Level 1:colcon.colcon_core.package_identification:_identify(Arduino/libraries/PinChangeInterrupt/src) by extensions ['python_setup_py']
[2.787s] Level 1:colcon.colcon_core.package_identification:_identify(Arduino/libraries/PinChangeInterrupt/src) by extension 'python_setup_py'
[2.787s] Level 1:colcon.colcon_core.package_identification:_identify(Arduino/odometry_new) by extensions ['ignore', 'ignore_ament_install']
[2.787s] Level 1:colcon.colcon_core.package_identification:_identify(Arduino/odometry_new) by extension 'ignore'
[2.787s] Level 1:colcon.colcon_core.package_identification:_identify(Arduino/odometry_new) by extension 'ignore_ament_install'
[2.787s] Level 1:colcon.colcon_core.package_identification:_identify(Arduino/odometry_new) by extensions ['colcon_pkg']
[2.787s] Level 1:colcon.colcon_core.package_identification:_identify(Arduino/odometry_new) by extension 'colcon_pkg'
[2.787s] Level 1:colcon.colcon_core.package_identification:_identify(Arduino/odometry_new) by extensions ['colcon_meta']
[2.787s] Level 1:colcon.colcon_core.package_identification:_identify(Arduino/odometry_new) by extension 'colcon_meta'
[2.787s] Level 1:colcon.colcon_core.package_identification:_identify(Arduino/odometry_new) by extensions ['ros']
[2.787s] Level 1:colcon.colcon_core.package_identification:_identify(Arduino/odometry_new) by extension 'ros'
[2.787s] Level 1:colcon.colcon_core.package_identification:_identify(Arduino/odometry_new) by extensions ['cmake', 'python']
[2.787s] Level 1:colcon.colcon_core.package_identification:_identify(Arduino/odometry_new) by extension 'cmake'
[2.787s] Level 1:colcon.colcon_core.package_identification:_identify(Arduino/odometry_new) by extension 'python'
[2.787s] Level 1:colcon.colcon_core.package_identification:_identify(Arduino/odometry_new) by extensions ['python_setup_py']
[2.787s] Level 1:colcon.colcon_core.package_identification:_identify(Arduino/odometry_new) by extension 'python_setup_py'
[2.787s] Level 1:colcon.colcon_core.package_identification:_identify(Arduino/odometrypulse) by extensions ['ignore', 'ignore_ament_install']
[2.787s] Level 1:colcon.colcon_core.package_identification:_identify(Arduino/odometrypulse) by extension 'ignore'
[2.787s] Level 1:colcon.colcon_core.package_identification:_identify(Arduino/odometrypulse) by extension 'ignore_ament_install'
[2.787s] Level 1:colcon.colcon_core.package_identification:_identify(Arduino/odometrypulse) by extensions ['colcon_pkg']
[2.787s] Level 1:colcon.colcon_core.package_identification:_identify(Arduino/odometrypulse) by extension 'colcon_pkg'
[2.787s] Level 1:colcon.colcon_core.package_identification:_identify(Arduino/odometrypulse) by extensions ['colcon_meta']
[2.787s] Level 1:colcon.colcon_core.package_identification:_identify(Arduino/odometrypulse) by extension 'colcon_meta'
[2.787s] Level 1:colcon.colcon_core.package_identification:_identify(Arduino/odometrypulse) by extensions ['ros']
[2.787s] Level 1:colcon.colcon_core.package_identification:_identify(Arduino/odometrypulse) by extension 'ros'
[2.787s] Level 1:colcon.colcon_core.package_identification:_identify(Arduino/odometrypulse) by extensions ['cmake', 'python']
[2.787s] Level 1:colcon.colcon_core.package_identification:_identify(Arduino/odometrypulse) by extension 'cmake'
[2.787s] Level 1:colcon.colcon_core.package_identification:_identify(Arduino/odometrypulse) by extension 'python'
[2.787s] Level 1:colcon.colcon_core.package_identification:_identify(Arduino/odometrypulse) by extensions ['python_setup_py']
[2.787s] Level 1:colcon.colcon_core.package_identification:_identify(Arduino/odometrypulse) by extension 'python_setup_py'
[2.787s] Level 1:colcon.colcon_core.package_identification:_identify(Arduino/odometrypulse-malha) by extensions ['ignore', 'ignore_ament_install']
[2.787s] Level 1:colcon.colcon_core.package_identification:_identify(Arduino/odometrypulse-malha) by extension 'ignore'
[2.787s] Level 1:colcon.colcon_core.package_identification:_identify(Arduino/odometrypulse-malha) by extension 'ignore_ament_install'
[2.787s] Level 1:colcon.colcon_core.package_identification:_identify(Arduino/odometrypulse-malha) by extensions ['colcon_pkg']
[2.787s] Level 1:colcon.colcon_core.package_identification:_identify(Arduino/odometrypulse-malha) by extension 'colcon_pkg'
[2.787s] Level 1:colcon.colcon_core.package_identification:_identify(Arduino/odometrypulse-malha) by extensions ['colcon_meta']
[2.787s] Level 1:colcon.colcon_core.package_identification:_identify(Arduino/odometrypulse-malha) by extension 'colcon_meta'
[2.787s] Level 1:colcon.colcon_core.package_identification:_identify(Arduino/odometrypulse-malha) by extensions ['ros']
[2.787s] Level 1:colcon.colcon_core.package_identification:_identify(Arduino/odometrypulse-malha) by extension 'ros'
[2.787s] Level 1:colcon.colcon_core.package_identification:_identify(Arduino/odometrypulse-malha) by extensions ['cmake', 'python']
[2.787s] Level 1:colcon.colcon_core.package_identification:_identify(Arduino/odometrypulse-malha) by extension 'cmake'
[2.787s] Level 1:colcon.colcon_core.package_identification:_identify(Arduino/odometrypulse-malha) by extension 'python'
[2.788s] Level 1:colcon.colcon_core.package_identification:_identify(Arduino/odometrypulse-malha) by extensions ['python_setup_py']
[2.788s] Level 1:colcon.colcon_core.package_identification:_identify(Arduino/odometrypulse-malha) by extension 'python_setup_py'
[2.788s] Level 1:colcon.colcon_core.package_identification:_identify(build) by extensions ['ignore', 'ignore_ament_install']
[2.788s] Level 1:colcon.colcon_core.package_identification:_identify(build) by extension 'ignore'
[2.788s] Level 1:colcon.colcon_core.package_identification:_identify(build) ignored
[2.788s] Level 1:colcon.colcon_core.package_identification:_identify(install) by extensions ['ignore', 'ignore_ament_install']
[2.788s] Level 1:colcon.colcon_core.package_identification:_identify(install) by extension 'ignore'
[2.788s] Level 1:colcon.colcon_core.package_identification:_identify(install) ignored
[2.788s] Level 1:colcon.colcon_core.package_identification:_identify(log) by extensions ['ignore', 'ignore_ament_install']
[2.788s] Level 1:colcon.colcon_core.package_identification:_identify(log) by extension 'ignore'
[2.788s] Level 1:colcon.colcon_core.package_identification:_identify(log) ignored
[2.788s] Level 1:colcon.colcon_core.package_identification:_identify(mapas) by extensions ['ignore', 'ignore_ament_install']
[2.788s] Level 1:colcon.colcon_core.package_identification:_identify(mapas) by extension 'ignore'
[2.788s] Level 1:colcon.colcon_core.package_identification:_identify(mapas) by extension 'ignore_ament_install'
[2.788s] Level 1:colcon.colcon_core.package_identification:_identify(mapas) by extensions ['colcon_pkg']
[2.788s] Level 1:colcon.colcon_core.package_identification:_identify(mapas) by extension 'colcon_pkg'
[2.788s] Level 1:colcon.colcon_core.package_identification:_identify(mapas) by extensions ['colcon_meta']
[2.788s] Level 1:colcon.colcon_core.package_identification:_identify(mapas) by extension 'colcon_meta'
[2.788s] Level 1:colcon.colcon_core.package_identification:_identify(mapas) by extensions ['ros']
[2.788s] Level 1:colcon.colcon_core.package_identification:_identify(mapas) by extension 'ros'
[2.788s] Level 1:colcon.colcon_core.package_identification:_identify(mapas) by extensions ['cmake', 'python']
[2.788s] Level 1:colcon.colcon_core.package_identification:_identify(mapas) by extension 'cmake'
[2.788s] Level 1:colcon.colcon_core.package_identification:_identify(mapas) by extension 'python'
[2.788s] Level 1:colcon.colcon_core.package_identification:_identify(mapas) by extensions ['python_setup_py']
[2.788s] Level 1:colcon.colcon_core.package_identification:_identify(mapas) by extension 'python_setup_py'
[2.788s] Level 1:colcon.colcon_core.package_identification:_identify(src) by extensions ['ignore', 'ignore_ament_install']
[2.788s] Level 1:colcon.colcon_core.package_identification:_identify(src) by extension 'ignore'
[2.788s] Level 1:colcon.colcon_core.package_identification:_identify(src) by extension 'ignore_ament_install'
[2.788s] Level 1:colcon.colcon_core.package_identification:_identify(src) by extensions ['colcon_pkg']
[2.788s] Level 1:colcon.colcon_core.package_identification:_identify(src) by extension 'colcon_pkg'
[2.788s] Level 1:colcon.colcon_core.package_identification:_identify(src) by extensions ['colcon_meta']
[2.788s] Level 1:colcon.colcon_core.package_identification:_identify(src) by extension 'colcon_meta'
[2.788s] Level 1:colcon.colcon_core.package_identification:_identify(src) by extensions ['ros']
[2.788s] Level 1:colcon.colcon_core.package_identification:_identify(src) by extension 'ros'
[2.788s] Level 1:colcon.colcon_core.package_identification:_identify(src) by extensions ['cmake', 'python']
[2.788s] Level 1:colcon.colcon_core.package_identification:_identify(src) by extension 'cmake'
[2.788s] Level 1:colcon.colcon_core.package_identification:_identify(src) by extension 'python'
[2.788s] Level 1:colcon.colcon_core.package_identification:_identify(src) by extensions ['python_setup_py']
[2.788s] Level 1:colcon.colcon_core.package_identification:_identify(src) by extension 'python_setup_py'
[2.788s] Level 1:colcon.colcon_core.package_identification:_identify(src/my_robot_bringup) by extensions ['ignore', 'ignore_ament_install']
[2.789s] Level 1:colcon.colcon_core.package_identification:_identify(src/my_robot_bringup) by extension 'ignore'
[2.789s] Level 1:colcon.colcon_core.package_identification:_identify(src/my_robot_bringup) by extension 'ignore_ament_install'
[2.789s] Level 1:colcon.colcon_core.package_identification:_identify(src/my_robot_bringup) by extensions ['colcon_pkg']
[2.789s] Level 1:colcon.colcon_core.package_identification:_identify(src/my_robot_bringup) by extension 'colcon_pkg'
[2.789s] Level 1:colcon.colcon_core.package_identification:_identify(src/my_robot_bringup) by extensions ['colcon_meta']
[2.789s] Level 1:colcon.colcon_core.package_identification:_identify(src/my_robot_bringup) by extension 'colcon_meta'
[2.789s] Level 1:colcon.colcon_core.package_identification:_identify(src/my_robot_bringup) by extensions ['ros']
[2.789s] Level 1:colcon.colcon_core.package_identification:_identify(src/my_robot_bringup) by extension 'ros'
[2.823s] DEBUG:colcon.colcon_core.package_identification:Package 'src/my_robot_bringup' with type 'ros.ament_python' and name 'my_robot_bringup'
[2.823s] Level 1:colcon.colcon_core.package_identification:_identify(src/serial_com_py) by extensions ['ignore', 'ignore_ament_install']
[2.823s] Level 1:colcon.colcon_core.package_identification:_identify(src/serial_com_py) by extension 'ignore'
[2.823s] Level 1:colcon.colcon_core.package_identification:_identify(src/serial_com_py) by extension 'ignore_ament_install'
[2.823s] Level 1:colcon.colcon_core.package_identification:_identify(src/serial_com_py) by extensions ['colcon_pkg']
[2.823s] Level 1:colcon.colcon_core.package_identification:_identify(src/serial_com_py) by extension 'colcon_pkg'
[2.823s] Level 1:colcon.colcon_core.package_identification:_identify(src/serial_com_py) by extensions ['colcon_meta']
[2.823s] Level 1:colcon.colcon_core.package_identification:_identify(src/serial_com_py) by extension 'colcon_meta'
[2.823s] Level 1:colcon.colcon_core.package_identification:_identify(src/serial_com_py) by extensions ['ros']
[2.823s] Level 1:colcon.colcon_core.package_identification:_identify(src/serial_com_py) by extension 'ros'
[2.824s] DEBUG:colcon.colcon_core.package_identification:Package 'src/serial_com_py' with type 'ros.ament_python' and name 'serial_com_py'
[2.824s] Level 1:colcon.colcon_core.package_identification:_identify(src/sllidar_ros2) by extensions ['ignore', 'ignore_ament_install']
[2.824s] Level 1:colcon.colcon_core.package_identification:_identify(src/sllidar_ros2) by extension 'ignore'
[2.824s] Level 1:colcon.colcon_core.package_identification:_identify(src/sllidar_ros2) by extension 'ignore_ament_install'
[2.824s] Level 1:colcon.colcon_core.package_identification:_identify(src/sllidar_ros2) by extensions ['colcon_pkg']
[2.824s] Level 1:colcon.colcon_core.package_identification:_identify(src/sllidar_ros2) by extension 'colcon_pkg'
[2.824s] Level 1:colcon.colcon_core.package_identification:_identify(src/sllidar_ros2) by extensions ['colcon_meta']
[2.824s] Level 1:colcon.colcon_core.package_identification:_identify(src/sllidar_ros2) by extension 'colcon_meta'
[2.824s] Level 1:colcon.colcon_core.package_identification:_identify(src/sllidar_ros2) by extensions ['ros']
[2.824s] Level 1:colcon.colcon_core.package_identification:_identify(src/sllidar_ros2) by extension 'ros'
[2.824s] DEBUG:colcon.colcon_core.package_identification:Package 'src/sllidar_ros2' with type 'ros.ament_cmake' and name 'sllidar_ros2'
[2.824s] Level 1:colcon.colcon_core.package_identification:_identify(src/udh1_description) by extensions ['ignore', 'ignore_ament_install']
[2.824s] Level 1:colcon.colcon_core.package_identification:_identify(src/udh1_description) by extension 'ignore'
[2.824s] Level 1:colcon.colcon_core.package_identification:_identify(src/udh1_description) by extension 'ignore_ament_install'
[2.824s] Level 1:colcon.colcon_core.package_identification:_identify(src/udh1_description) by extensions ['colcon_pkg']
[2.824s] Level 1:colcon.colcon_core.package_identification:_identify(src/udh1_description) by extension 'colcon_pkg'
[2.824s] Level 1:colcon.colcon_core.package_identification:_identify(src/udh1_description) by extensions ['colcon_meta']
[2.824s] Level 1:colcon.colcon_core.package_identification:_identify(src/udh1_description) by extension 'colcon_meta'
[2.824s] Level 1:colcon.colcon_core.package_identification:_identify(src/udh1_description) by extensions ['ros']
[2.824s] Level 1:colcon.colcon_core.package_identification:_identify(src/udh1_description) by extension 'ros'
[2.825s] DEBUG:colcon.colcon_core.package_identification:Package 'src/udh1_description' with type 'ros.ament_cmake' and name 'udh1_description'
[2.825s] Level 1:colcon.colcon_core.package_identification:_identify(src/udh1_mapping) by extensions ['ignore', 'ignore_ament_install']
[2.825s] Level 1:colcon.colcon_core.package_identification:_identify(src/udh1_mapping) by extension 'ignore'
[2.825s] Level 1:colcon.colcon_core.package_identification:_identify(src/udh1_mapping) by extension 'ignore_ament_install'
[2.825s] Level 1:colcon.colcon_core.package_identification:_identify(src/udh1_mapping) by extensions ['colcon_pkg']
[2.825s] Level 1:colcon.colcon_core.package_identification:_identify(src/udh1_mapping) by extension 'colcon_pkg'
[2.825s] Level 1:colcon.colcon_core.package_identification:_identify(src/udh1_mapping) by extensions ['colcon_meta']
[2.825s] Level 1:colcon.colcon_core.package_identification:_identify(src/udh1_mapping) by extension 'colcon_meta'
[2.825s] Level 1:colcon.colcon_core.package_identification:_identify(src/udh1_mapping) by extensions ['ros']
[2.825s] Level 1:colcon.colcon_core.package_identification:_identify(src/udh1_mapping) by extension 'ros'
[2.825s] DEBUG:colcon.colcon_core.package_identification:Package 'src/udh1_mapping' with type 'ros.ament_python' and name 'udh1_mapping'
[2.825s] Level 1:colcon.colcon_core.package_discovery:discover_packages(recursive) using defaults
[2.825s] Level 1:colcon.colcon_core.package_discovery:discover_packages(ignore) discover
[2.825s] Level 1:colcon.colcon_core.package_discovery:discover_packages(ignore) using defaults
[2.825s] Level 1:colcon.colcon_core.package_discovery:discover_packages(path) discover
[2.825s] Level 1:colcon.colcon_core.package_discovery:discover_packages(path) using defaults
[3.069s] Level 1:colcon.colcon_core.package_discovery:discover_packages(prefix_path) check parameters
[3.069s] Level 1:colcon.colcon_core.package_discovery:discover_packages(prefix_path) discover
[3.071s] DEBUG:colcon.colcon_installed_package_information.package_discovery:Found 328 installed packages in /opt/ros/humble
[3.071s] Level 1:colcon.colcon_core.package_discovery:discover_packages(prefix_path) using defaults
[3.107s] Level 5:colcon.colcon_core.verb:set package 'my_robot_bringup' build argument 'cmake_args' from command line to 'None'
[3.108s] Level 5:colcon.colcon_core.verb:set package 'my_robot_bringup' build argument 'cmake_target' from command line to 'None'
[3.108s] Level 5:colcon.colcon_core.verb:set package 'my_robot_bringup' build argument 'cmake_target_skip_unavailable' from command line to 'False'
[3.108s] Level 5:colcon.colcon_core.verb:set package 'my_robot_bringup' build argument 'cmake_clean_cache' from command line to 'False'
[3.108s] Level 5:colcon.colcon_core.verb:set package 'my_robot_bringup' build argument 'cmake_clean_first' from command line to 'False'
[3.108s] Level 5:colcon.colcon_core.verb:set package 'my_robot_bringup' build argument 'cmake_force_configure' from command line to 'False'
[3.108s] Level 5:colcon.colcon_core.verb:set package 'my_robot_bringup' build argument 'ament_cmake_args' from command line to 'None'
[3.108s] Level 5:colcon.colcon_core.verb:set package 'my_robot_bringup' build argument 'catkin_cmake_args' from command line to 'None'
[3.108s] Level 5:colcon.colcon_core.verb:set package 'my_robot_bringup' build argument 'catkin_skip_building_tests' from command line to 'False'
[3.108s] DEBUG:colcon.colcon_core.verb:Building package 'my_robot_bringup' with the following arguments: {'ament_cmake_args': None, 'build_base': '/home/majuste/Programação/ROS2/UDH1/Navigation/build/my_robot_bringup', 'catkin_cmake_args': None, 'catkin_skip_building_tests': False, 'cmake_args': None, 'cmake_clean_cache': False, 'cmake_clean_first': False, 'cmake_force_configure': False, 'cmake_target': None, 'cmake_target_skip_unavailable': False, 'install_base': '/home/majuste/Programação/ROS2/UDH1/Navigation/install/my_robot_bringup', 'merge_install': False, 'path': '/home/majuste/Programação/ROS2/UDH1/Navigation/src/my_robot_bringup', 'symlink_install': True, 'test_result_base': None}
[3.108s] Level 5:colcon.colcon_core.verb:set package 'serial_com_py' build argument 'cmake_args' from command line to 'None'
[3.108s] Level 5:colcon.colcon_core.verb:set package 'serial_com_py' build argument 'cmake_target' from command line to 'None'
[3.108s] Level 5:colcon.colcon_core.verb:set package 'serial_com_py' build argument 'cmake_target_skip_unavailable' from command line to 'False'
[3.108s] Level 5:colcon.colcon_core.verb:set package 'serial_com_py' build argument 'cmake_clean_cache' from command line to 'False'
[3.108s] Level 5:colcon.colcon_core.verb:set package 'serial_com_py' build argument 'cmake_clean_first' from command line to 'False'
[3.108s] Level 5:colcon.colcon_core.verb:set package 'serial_com_py' build argument 'cmake_force_configure' from command line to 'False'
[3.108s] Level 5:colcon.colcon_core.verb:set package 'serial_com_py' build argument 'ament_cmake_args' from command line to 'None'
[3.108s] Level 5:colcon.colcon_core.verb:set package 'serial_com_py' build argument 'catkin_cmake_args' from command line to 'None'
[3.108s] Level 5:colcon.colcon_core.verb:set package 'serial_com_py' build argument 'catkin_skip_building_tests' from command line to 'False'
[3.108s] DEBUG:colcon.colcon_core.verb:Building package 'serial_com_py' with the following arguments: {'ament_cmake_args': None, 'build_base': '/home/majuste/Programação/ROS2/UDH1/Navigation/build/serial_com_py', 'catkin_cmake_args': None, 'catkin_skip_building_tests': False, 'cmake_args': None, 'cmake_clean_cache': False, 'cmake_clean_first': False, 'cmake_force_configure': False, 'cmake_target': None, 'cmake_target_skip_unavailable': False, 'install_base': '/home/majuste/Programação/ROS2/UDH1/Navigation/install/serial_com_py', 'merge_install': False, 'path': '/home/majuste/Programação/ROS2/UDH1/Navigation/src/serial_com_py', 'symlink_install': True, 'test_result_base': None}
[3.108s] Level 5:colcon.colcon_core.verb:set package 'sllidar_ros2' build argument 'cmake_args' from command line to 'None'
[3.108s] Level 5:colcon.colcon_core.verb:set package 'sllidar_ros2' build argument 'cmake_target' from command line to 'None'
[3.108s] Level 5:colcon.colcon_core.verb:set package 'sllidar_ros2' build argument 'cmake_target_skip_unavailable' from command line to 'False'
[3.108s] Level 5:colcon.colcon_core.verb:set package 'sllidar_ros2' build argument 'cmake_clean_cache' from command line to 'False'
[3.108s] Level 5:colcon.colcon_core.verb:set package 'sllidar_ros2' build argument 'cmake_clean_first' from command line to 'False'
[3.108s] Level 5:colcon.colcon_core.verb:set package 'sllidar_ros2' build argument 'cmake_force_configure' from command line to 'False'
[3.108s] Level 5:colcon.colcon_core.verb:set package 'sllidar_ros2' build argument 'ament_cmake_args' from command line to 'None'
[3.108s] Level 5:colcon.colcon_core.verb:set package 'sllidar_ros2' build argument 'catkin_cmake_args' from command line to 'None'
[3.108s] Level 5:colcon.colcon_core.verb:set package 'sllidar_ros2' build argument 'catkin_skip_building_tests' from command line to 'False'
[3.108s] DEBUG:colcon.colcon_core.verb:Building package 'sllidar_ros2' with the following arguments: {'ament_cmake_args': None, 'build_base': '/home/majuste/Programação/ROS2/UDH1/Navigation/build/sllidar_ros2', 'catkin_cmake_args': None, 'catkin_skip_building_tests': False, 'cmake_args': None, 'cmake_clean_cache': False, 'cmake_clean_first': False, 'cmake_force_configure': False, 'cmake_target': None, 'cmake_target_skip_unavailable': False, 'install_base': '/home/majuste/Programação/ROS2/UDH1/Navigation/install/sllidar_ros2', 'merge_install': False, 'path': '/home/majuste/Programação/ROS2/UDH1/Navigation/src/sllidar_ros2', 'symlink_install': True, 'test_result_base': None}
[3.108s] Level 5:colcon.colcon_core.verb:set package 'udh1_description' build argument 'cmake_args' from command line to 'None'
[3.108s] Level 5:colcon.colcon_core.verb:set package 'udh1_description' build argument 'cmake_target' from command line to 'None'
[3.108s] Level 5:colcon.colcon_core.verb:set package 'udh1_description' build argument 'cmake_target_skip_unavailable' from command line to 'False'
[3.108s] Level 5:colcon.colcon_core.verb:set package 'udh1_description' build argument 'cmake_clean_cache' from command line to 'False'
[3.108s] Level 5:colcon.colcon_core.verb:set package 'udh1_description' build argument 'cmake_clean_first' from command line to 'False'
[3.108s] Level 5:colcon.colcon_core.verb:set package 'udh1_description' build argument 'cmake_force_configure' from command line to 'False'
[3.108s] Level 5:colcon.colcon_core.verb:set package 'udh1_description' build argument 'ament_cmake_args' from command line to 'None'
[3.108s] Level 5:colcon.colcon_core.verb:set package 'udh1_description' build argument 'catkin_cmake_args' from command line to 'None'
[3.108s] Level 5:colcon.colcon_core.verb:set package 'udh1_description' build argument 'catkin_skip_building_tests' from command line to 'False'
[3.108s] DEBUG:colcon.colcon_core.verb:Building package 'udh1_description' with the following arguments: {'ament_cmake_args': None, 'build_base': '/home/majuste/Programação/ROS2/UDH1/Navigation/build/udh1_description', 'catkin_cmake_args': None, 'catkin_skip_building_tests': False, 'cmake_args': None, 'cmake_clean_cache': False, 'cmake_clean_first': False, 'cmake_force_configure': False, 'cmake_target': None, 'cmake_target_skip_unavailable': False, 'install_base': '/home/majuste/Programação/ROS2/UDH1/Navigation/install/udh1_description', 'merge_install': False, 'path': '/home/majuste/Programação/ROS2/UDH1/Navigation/src/udh1_description', 'symlink_install': True, 'test_result_base': None}
[3.108s] Level 5:colcon.colcon_core.verb:set package 'udh1_mapping' build argument 'cmake_args' from command line to 'None'
[3.108s] Level 5:colcon.colcon_core.verb:set package 'udh1_mapping' build argument 'cmake_target' from command line to 'None'
[3.109s] Level 5:colcon.colcon_core.verb:set package 'udh1_mapping' build argument 'cmake_target_skip_unavailable' from command line to 'False'
[3.109s] Level 5:colcon.colcon_core.verb:set package 'udh1_mapping' build argument 'cmake_clean_cache' from command line to 'False'
[3.109s] Level 5:colcon.colcon_core.verb:set package 'udh1_mapping' build argument 'cmake_clean_first' from command line to 'False'
[3.109s] Level 5:colcon.colcon_core.verb:set package 'udh1_mapping' build argument 'cmake_force_configure' from command line to 'False'
[3.109s] Level 5:colcon.colcon_core.verb:set package 'udh1_mapping' build argument 'ament_cmake_args' from command line to 'None'
[3.109s] Level 5:colcon.colcon_core.verb:set package 'udh1_mapping' build argument 'catkin_cmake_args' from command line to 'None'
[3.109s] Level 5:colcon.colcon_core.verb:set package 'udh1_mapping' build argument 'catkin_skip_building_tests' from command line to 'False'
[3.109s] DEBUG:colcon.colcon_core.verb:Building package 'udh1_mapping' with the following arguments: {'ament_cmake_args': None, 'build_base': '/home/majuste/Programação/ROS2/UDH1/Navigation/build/udh1_mapping', 'catkin_cmake_args': None, 'catkin_skip_building_tests': False, 'cmake_args': None, 'cmake_clean_cache': False, 'cmake_clean_first': False, 'cmake_force_configure': False, 'cmake_target': None, 'cmake_target_skip_unavailable': False, 'install_base': '/home/majuste/Programação/ROS2/UDH1/Navigation/install/udh1_mapping', 'merge_install': False, 'path': '/home/majuste/Programação/ROS2/UDH1/Navigation/src/udh1_mapping', 'symlink_install': True, 'test_result_base': None}
[3.109s] INFO:colcon.colcon_core.executor:Executing jobs using 'parallel' executor
[3.109s] DEBUG:colcon.colcon_parallel_executor.executor.parallel:run_until_complete
[3.109s] INFO:colcon.colcon_ros.task.ament_python.build:Building ROS package in '/home/majuste/Programação/ROS2/UDH1/Navigation/src/my_robot_bringup' with build type 'ament_python'
[3.110s] Level 1:colcon.colcon_core.shell:create_environment_hook('my_robot_bringup', 'ament_prefix_path')
[3.139s] INFO:colcon.colcon_core.plugin_system:Skipping extension 'colcon_core.shell.bat': Not used on non-Windows systems
[3.139s] INFO:colcon.colcon_core.shell:Creating environment hook '/home/majuste/Programação/ROS2/UDH1/Navigation/install/my_robot_bringup/share/my_robot_bringup/hook/ament_prefix_path.ps1'
[3.139s] INFO:colcon.colcon_core.shell:Creating environment descriptor '/home/majuste/Programação/ROS2/UDH1/Navigation/install/my_robot_bringup/share/my_robot_bringup/hook/ament_prefix_path.dsv'
[3.139s] INFO:colcon.colcon_core.shell:Creating environment hook '/home/majuste/Programação/ROS2/UDH1/Navigation/install/my_robot_bringup/share/my_robot_bringup/hook/ament_prefix_path.sh'
[3.140s] INFO:colcon.colcon_core.shell:Skip shell extension 'powershell' for command environment: Not usable outside of PowerShell
[3.140s] DEBUG:colcon.colcon_core.shell:Skip shell extension 'dsv' for command environment
[3.142s] INFO:colcon.colcon_ros.task.ament_python.build:Building ROS package in '/home/majuste/Programação/ROS2/UDH1/Navigation/src/serial_com_py' with build type 'ament_python'
[3.142s] Level 1:colcon.colcon_core.shell:create_environment_hook('serial_com_py', 'ament_prefix_path')
[3.142s] INFO:colcon.colcon_core.shell:Creating environment hook '/home/majuste/Programação/ROS2/UDH1/Navigation/install/serial_com_py/share/serial_com_py/hook/ament_prefix_path.ps1'
[3.142s] INFO:colcon.colcon_core.shell:Creating environment descriptor '/home/majuste/Programação/ROS2/UDH1/Navigation/install/serial_com_py/share/serial_com_py/hook/ament_prefix_path.dsv'
[3.142s] INFO:colcon.colcon_core.shell:Creating environment hook '/home/majuste/Programação/ROS2/UDH1/Navigation/install/serial_com_py/share/serial_com_py/hook/ament_prefix_path.sh'
[3.143s] INFO:colcon.colcon_core.shell:Skip shell extension 'powershell' for command environment: Not usable outside of PowerShell
[3.143s] DEBUG:colcon.colcon_core.shell:Skip shell extension 'dsv' for command environment
[3.144s] INFO:colcon.colcon_ros.task.ament_cmake.build:Building ROS package in '/home/majuste/Programação/ROS2/UDH1/Navigation/src/sllidar_ros2' with build type 'ament_cmake'
[3.144s] INFO:colcon.colcon_cmake.task.cmake.build:Building CMake package in '/home/majuste/Programação/ROS2/UDH1/Navigation/src/sllidar_ros2'
[3.144s] INFO:colcon.colcon_core.shell:Skip shell extension 'powershell' for command environment: Not usable outside of PowerShell
[3.145s] DEBUG:colcon.colcon_core.shell:Skip shell extension 'dsv' for command environment
[3.146s] INFO:colcon.colcon_ros.task.ament_cmake.build:Building ROS package in '/home/majuste/Programação/ROS2/UDH1/Navigation/src/udh1_description' with build type 'ament_cmake'
[3.146s] INFO:colcon.colcon_cmake.task.cmake.build:Building CMake package in '/home/majuste/Programação/ROS2/UDH1/Navigation/src/udh1_description'
[3.146s] INFO:colcon.colcon_core.shell:Skip shell extension 'powershell' for command environment: Not usable outside of PowerShell
[3.146s] DEBUG:colcon.colcon_core.shell:Skip shell extension 'dsv' for command environment
[3.148s] INFO:colcon.colcon_ros.task.ament_python.build:Building ROS package in '/home/majuste/Programação/ROS2/UDH1/Navigation/src/udh1_mapping' with build type 'ament_python'
[3.148s] Level 1:colcon.colcon_core.shell:create_environment_hook('udh1_mapping', 'ament_prefix_path')
[3.148s] INFO:colcon.colcon_core.shell:Creating environment hook '/home/majuste/Programação/ROS2/UDH1/Navigation/install/udh1_mapping/share/udh1_mapping/hook/ament_prefix_path.ps1'
[3.148s] INFO:colcon.colcon_core.shell:Creating environment descriptor '/home/majuste/Programação/ROS2/UDH1/Navigation/install/udh1_mapping/share/udh1_mapping/hook/ament_prefix_path.dsv'
[3.148s] INFO:colcon.colcon_core.shell:Creating environment hook '/home/majuste/Programação/ROS2/UDH1/Navigation/install/udh1_mapping/share/udh1_mapping/hook/ament_prefix_path.sh'
[3.149s] INFO:colcon.colcon_core.shell:Skip shell extension 'powershell' for command environment: Not usable outside of PowerShell
[3.149s] DEBUG:colcon.colcon_core.shell:Skip shell extension 'dsv' for command environment
[3.315s] INFO:colcon.colcon_core.task.python.build:Building Python package in '/home/majuste/Programação/ROS2/UDH1/Navigation/src/my_robot_bringup'
[3.315s] INFO:colcon.colcon_core.shell:Skip shell extension 'powershell' for command environment: Not usable outside of PowerShell
[3.315s] DEBUG:colcon.colcon_core.shell:Skip shell extension 'dsv' for command environment
[3.434s] INFO:colcon.colcon_core.task.python.build:Building Python package in '/home/majuste/Programação/ROS2/UDH1/Navigation/src/serial_com_py'
[3.434s] INFO:colcon.colcon_core.shell:Skip shell extension 'powershell' for command environment: Not usable outside of PowerShell
[3.434s] DEBUG:colcon.colcon_core.shell:Skip shell extension 'dsv' for command environment
[3.437s] DEBUG:colcon.colcon_core.event_handler.log_command:Invoking command in '/home/majuste/Programação/ROS2/UDH1/Navigation/build/sllidar_ros2': CMAKE_PREFIX_PATH=/opt/ros/humble DEBUGINFOD_URLS=https://debuginfod.archlinux.org PS1=[\u@\h \W]\$ /usr/bin/cmake /home/majuste/Programação/ROS2/UDH1/Navigation/src/sllidar_ros2 -DAMENT_CMAKE_SYMLINK_INSTALL=1 -DCMAKE_INSTALL_PREFIX=/home/majuste/Programação/ROS2/UDH1/Navigation/install/sllidar_ros2
[3.494s] DEBUG:colcon.colcon_core.event_handler.log_command:Invoking command in '/home/majuste/Programação/ROS2/UDH1/Navigation/build/udh1_description': CMAKE_PREFIX_PATH=/opt/ros/humble DEBUGINFOD_URLS=https://debuginfod.archlinux.org PS1=[\u@\h \W]\$ /usr/bin/cmake /home/majuste/Programação/ROS2/UDH1/Navigation/src/udh1_description -DAMENT_CMAKE_SYMLINK_INSTALL=1 -DCMAKE_INSTALL_PREFIX=/home/majuste/Programação/ROS2/UDH1/Navigation/install/udh1_description
[3.615s] INFO:colcon.colcon_core.task.python.build:Building Python package in '/home/majuste/Programação/ROS2/UDH1/Navigation/src/udh1_mapping'
[3.615s] INFO:colcon.colcon_core.shell:Skip shell extension 'powershell' for command environment: Not usable outside of PowerShell
[3.615s] DEBUG:colcon.colcon_core.shell:Skip shell extension 'dsv' for command environment
[6.266s] DEBUG:colcon.colcon_core.event_handler.log_command:Invoking command in '/home/majuste/Programação/ROS2/UDH1/Navigation/build/serial_com_py': DEBUGINFOD_URLS=https://debuginfod.archlinux.org PS1=[\u@\h \W]\$ PYTHONPATH=/home/majuste/Programação/ROS2/UDH1/Navigation/build/serial_com_py/prefix_override:/home/majuste/.local/lib/python3.10/site-packages/colcon_core/task/python/colcon_distutils_commands:/home/majuste/Programação/ROS2/UDH1/Navigation/install/serial_com_py/lib/python3.10/site-packages:${PYTHONPATH} /usr/bin/python3 -W ignore:setup.py install is deprecated -W ignore:easy_install command is deprecated setup.py develop --editable --build-directory /home/majuste/Programação/ROS2/UDH1/Navigation/build/serial_com_py/build --no-deps symlink_data
[6.268s] DEBUG:colcon.colcon_core.event_handler.log_command:Invoking command in '/home/majuste/Programação/ROS2/UDH1/Navigation/build/my_robot_bringup': DEBUGINFOD_URLS=https://debuginfod.archlinux.org PS1=[\u@\h \W]\$ PYTHONPATH=/home/majuste/Programação/ROS2/UDH1/Navigation/build/my_robot_bringup/prefix_override:/home/majuste/.local/lib/python3.10/site-packages/colcon_core/task/python/colcon_distutils_commands:/home/majuste/Programação/ROS2/UDH1/Navigation/install/my_robot_bringup/lib/python3.10/site-packages:${PYTHONPATH} /usr/bin/python3 -W ignore:setup.py install is deprecated -W ignore:easy_install command is deprecated setup.py develop --editable --build-directory /home/majuste/Programação/ROS2/UDH1/Navigation/build/my_robot_bringup/build --no-deps symlink_data
[6.269s] DEBUG:colcon.colcon_core.event_handler.log_command:Invoking command in '/home/majuste/Programação/ROS2/UDH1/Navigation/build/udh1_mapping': DEBUGINFOD_URLS=https://debuginfod.archlinux.org PS1=[\u@\h \W]\$ PYTHONPATH=/home/majuste/Programação/ROS2/UDH1/Navigation/build/udh1_mapping/prefix_override:/home/majuste/.local/lib/python3.10/site-packages/colcon_core/task/python/colcon_distutils_commands:/home/majuste/Programação/ROS2/UDH1/Navigation/install/udh1_mapping/lib/python3.10/site-packages:${PYTHONPATH} /usr/bin/python3 -W ignore:setup.py install is deprecated -W ignore:easy_install command is deprecated setup.py develop --editable --build-directory /home/majuste/Programação/ROS2/UDH1/Navigation/build/udh1_mapping/build --no-deps symlink_data
[6.474s] Level 1:colcon.colcon_core.shell:create_environment_hook('my_robot_bringup', 'pythonpath_develop')
[6.474s] INFO:colcon.colcon_core.shell:Creating environment hook '/home/majuste/Programação/ROS2/UDH1/Navigation/build/my_robot_bringup/share/my_robot_bringup/hook/pythonpath_develop.ps1'
[6.475s] DEBUG:colcon.colcon_core.event_handler.log_command:Invoked command in '/home/majuste/Programação/ROS2/UDH1/Navigation/build/my_robot_bringup' returned '0': DEBUGINFOD_URLS=https://debuginfod.archlinux.org PS1=[\u@\h \W]\$ PYTHONPATH=/home/majuste/Programação/ROS2/UDH1/Navigation/build/my_robot_bringup/prefix_override:/home/majuste/.local/lib/python3.10/site-packages/colcon_core/task/python/colcon_distutils_commands:/home/majuste/Programação/ROS2/UDH1/Navigation/install/my_robot_bringup/lib/python3.10/site-packages:${PYTHONPATH} /usr/bin/python3 -W ignore:setup.py install is deprecated -W ignore:easy_install command is deprecated setup.py develop --editable --build-directory /home/majuste/Programação/ROS2/UDH1/Navigation/build/my_robot_bringup/build --no-deps symlink_data
[6.475s] INFO:colcon.colcon_core.shell:Creating environment descriptor '/home/majuste/Programação/ROS2/UDH1/Navigation/build/my_robot_bringup/share/my_robot_bringup/hook/pythonpath_develop.dsv'
[6.475s] INFO:colcon.colcon_core.shell:Creating environment hook '/home/majuste/Programação/ROS2/UDH1/Navigation/build/my_robot_bringup/share/my_robot_bringup/hook/pythonpath_develop.sh'
[6.477s] Level 1:colcon.colcon_core.environment:checking '/home/majuste/Programação/ROS2/UDH1/Navigation/install/my_robot_bringup' for CMake module files
[6.477s] Level 1:colcon.colcon_core.environment:checking '/home/majuste/Programação/ROS2/UDH1/Navigation/install/my_robot_bringup' for CMake config files
[6.478s] Level 1:colcon.colcon_core.environment:checking '/home/majuste/Programação/ROS2/UDH1/Navigation/install/my_robot_bringup/lib'
[6.478s] Level 1:colcon.colcon_core.environment:checking '/home/majuste/Programação/ROS2/UDH1/Navigation/install/my_robot_bringup/bin'
[6.478s] Level 1:colcon.colcon_core.environment:checking '/home/majuste/Programação/ROS2/UDH1/Navigation/install/my_robot_bringup/lib/pkgconfig/my_robot_bringup.pc'
[6.478s] Level 1:colcon.colcon_core.environment:checking '/home/majuste/Programação/ROS2/UDH1/Navigation/install/my_robot_bringup/lib/python3.10/site-packages'
[6.478s] Level 1:colcon.colcon_core.shell:create_environment_hook('my_robot_bringup', 'pythonpath')
[6.478s] INFO:colcon.colcon_core.shell:Creating environment hook '/home/majuste/Programação/ROS2/UDH1/Navigation/install/my_robot_bringup/share/my_robot_bringup/hook/pythonpath.ps1'
[6.478s] INFO:colcon.colcon_core.shell:Creating environment descriptor '/home/majuste/Programação/ROS2/UDH1/Navigation/install/my_robot_bringup/share/my_robot_bringup/hook/pythonpath.dsv'
[6.478s] INFO:colcon.colcon_core.shell:Creating environment hook '/home/majuste/Programação/ROS2/UDH1/Navigation/install/my_robot_bringup/share/my_robot_bringup/hook/pythonpath.sh'
[6.479s] Level 1:colcon.colcon_core.environment:checking '/home/majuste/Programação/ROS2/UDH1/Navigation/install/my_robot_bringup/bin'
[6.479s] Level 1:colcon.colcon_core.environment:create_environment_scripts_only(my_robot_bringup)
[6.479s] INFO:colcon.colcon_core.shell:Creating package script '/home/majuste/Programação/ROS2/UDH1/Navigation/install/my_robot_bringup/share/my_robot_bringup/package.ps1'
[6.480s] INFO:colcon.colcon_core.shell:Creating package descriptor '/home/majuste/Programação/ROS2/UDH1/Navigation/install/my_robot_bringup/share/my_robot_bringup/package.dsv'
[6.480s] INFO:colcon.colcon_core.shell:Creating package script '/home/majuste/Programação/ROS2/UDH1/Navigation/install/my_robot_bringup/share/my_robot_bringup/package.sh'
[6.480s] INFO:colcon.colcon_core.shell:Creating package script '/home/majuste/Programação/ROS2/UDH1/Navigation/install/my_robot_bringup/share/my_robot_bringup/package.bash'
[6.481s] INFO:colcon.colcon_core.shell:Creating package script '/home/majuste/Programação/ROS2/UDH1/Navigation/install/my_robot_bringup/share/my_robot_bringup/package.zsh'
[6.481s] Level 1:colcon.colcon_core.environment:create_file_with_runtime_dependencies(/home/majuste/Programação/ROS2/UDH1/Navigation/install/my_robot_bringup/share/colcon-core/packages/my_robot_bringup)
[6.482s] Level 1:colcon.colcon_core.shell:create_environment_hook('serial_com_py', 'pythonpath_develop')
[6.482s] INFO:colcon.colcon_core.shell:Creating environment hook '/home/majuste/Programação/ROS2/UDH1/Navigation/build/serial_com_py/share/serial_com_py/hook/pythonpath_develop.ps1'
[6.482s] DEBUG:colcon.colcon_core.event_handler.log_command:Invoked command in '/home/majuste/Programação/ROS2/UDH1/Navigation/build/serial_com_py' returned '0': DEBUGINFOD_URLS=https://debuginfod.archlinux.org PS1=[\u@\h \W]\$ PYTHONPATH=/home/majuste/Programação/ROS2/UDH1/Navigation/build/serial_com_py/prefix_override:/home/majuste/.local/lib/python3.10/site-packages/colcon_core/task/python/colcon_distutils_commands:/home/majuste/Programação/ROS2/UDH1/Navigation/install/serial_com_py/lib/python3.10/site-packages:${PYTHONPATH} /usr/bin/python3 -W ignore:setup.py install is deprecated -W ignore:easy_install command is deprecated setup.py develop --editable --build-directory /home/majuste/Programação/ROS2/UDH1/Navigation/build/serial_com_py/build --no-deps symlink_data
[6.482s] INFO:colcon.colcon_core.shell:Creating environment descriptor '/home/majuste/Programação/ROS2/UDH1/Navigation/build/serial_com_py/share/serial_com_py/hook/pythonpath_develop.dsv'
[6.483s] INFO:colcon.colcon_core.shell:Creating environment hook '/home/majuste/Programação/ROS2/UDH1/Navigation/build/serial_com_py/share/serial_com_py/hook/pythonpath_develop.sh'
[6.483s] Level 1:colcon.colcon_core.environment:checking '/home/majuste/Programação/ROS2/UDH1/Navigation/install/serial_com_py' for CMake module files
[6.483s] Level 1:colcon.colcon_core.environment:checking '/home/majuste/Programação/ROS2/UDH1/Navigation/install/serial_com_py' for CMake config files
[6.483s] Level 1:colcon.colcon_core.environment:checking '/home/majuste/Programação/ROS2/UDH1/Navigation/install/serial_com_py/lib'
[6.483s] Level 1:colcon.colcon_core.environment:checking '/home/majuste/Programação/ROS2/UDH1/Navigation/install/serial_com_py/bin'
[6.483s] Level 1:colcon.colcon_core.environment:checking '/home/majuste/Programação/ROS2/UDH1/Navigation/install/serial_com_py/lib/pkgconfig/serial_com_py.pc'
[6.484s] Level 1:colcon.colcon_core.environment:checking '/home/majuste/Programação/ROS2/UDH1/Navigation/install/serial_com_py/lib/python3.10/site-packages'
[6.484s] Level 1:colcon.colcon_core.shell:create_environment_hook('serial_com_py', 'pythonpath')
[6.484s] INFO:colcon.colcon_core.shell:Creating environment hook '/home/majuste/Programação/ROS2/UDH1/Navigation/install/serial_com_py/share/serial_com_py/hook/pythonpath.ps1'
[6.484s] INFO:colcon.colcon_core.shell:Creating environment descriptor '/home/majuste/Programação/ROS2/UDH1/Navigation/install/serial_com_py/share/serial_com_py/hook/pythonpath.dsv'
[6.484s] INFO:colcon.colcon_core.shell:Creating environment hook '/home/majuste/Programação/ROS2/UDH1/Navigation/install/serial_com_py/share/serial_com_py/hook/pythonpath.sh'
[6.484s] Level 1:colcon.colcon_core.environment:checking '/home/majuste/Programação/ROS2/UDH1/Navigation/install/serial_com_py/bin'
[6.484s] Level 1:colcon.colcon_core.environment:create_environment_scripts_only(serial_com_py)
[6.485s] INFO:colcon.colcon_core.shell:Creating package script '/home/majuste/Programação/ROS2/UDH1/Navigation/install/serial_com_py/share/serial_com_py/package.ps1'
[6.485s] INFO:colcon.colcon_core.shell:Creating package descriptor '/home/majuste/Programação/ROS2/UDH1/Navigation/install/serial_com_py/share/serial_com_py/package.dsv'
[6.485s] INFO:colcon.colcon_core.shell:Creating package script '/home/majuste/Programação/ROS2/UDH1/Navigation/install/serial_com_py/share/serial_com_py/package.sh'
[6.485s] INFO:colcon.colcon_core.shell:Creating package script '/home/majuste/Programação/ROS2/UDH1/Navigation/install/serial_com_py/share/serial_com_py/package.bash'
[6.485s] INFO:colcon.colcon_core.shell:Creating package script '/home/majuste/Programação/ROS2/UDH1/Navigation/install/serial_com_py/share/serial_com_py/package.zsh'
[6.486s] Level 1:colcon.colcon_core.environment:create_file_with_runtime_dependencies(/home/majuste/Programação/ROS2/UDH1/Navigation/install/serial_com_py/share/colcon-core/packages/serial_com_py)
[6.486s] Level 1:colcon.colcon_core.shell:create_environment_hook('udh1_mapping', 'pythonpath_develop')
[6.486s] INFO:colcon.colcon_core.shell:Creating environment hook '/home/majuste/Programação/ROS2/UDH1/Navigation/build/udh1_mapping/share/udh1_mapping/hook/pythonpath_develop.ps1'
[6.487s] DEBUG:colcon.colcon_core.event_handler.log_command:Invoked command in '/home/majuste/Programação/ROS2/UDH1/Navigation/build/udh1_mapping' returned '0': DEBUGINFOD_URLS=https://debuginfod.archlinux.org PS1=[\u@\h \W]\$ PYTHONPATH=/home/majuste/Programação/ROS2/UDH1/Navigation/build/udh1_mapping/prefix_override:/home/majuste/.local/lib/python3.10/site-packages/colcon_core/task/python/colcon_distutils_commands:/home/majuste/Programação/ROS2/UDH1/Navigation/install/udh1_mapping/lib/python3.10/site-packages:${PYTHONPATH} /usr/bin/python3 -W ignore:setup.py install is deprecated -W ignore:easy_install command is deprecated setup.py develop --editable --build-directory /home/majuste/Programação/ROS2/UDH1/Navigation/build/udh1_mapping/build --no-deps symlink_data
[6.487s] INFO:colcon.colcon_core.shell:Creating environment descriptor '/home/majuste/Programação/ROS2/UDH1/Navigation/build/udh1_mapping/share/udh1_mapping/hook/pythonpath_develop.dsv'
[6.487s] INFO:colcon.colcon_core.shell:Creating environment hook '/home/majuste/Programação/ROS2/UDH1/Navigation/build/udh1_mapping/share/udh1_mapping/hook/pythonpath_develop.sh'
[6.487s] Level 1:colcon.colcon_core.environment:checking '/home/majuste/Programação/ROS2/UDH1/Navigation/install/udh1_mapping' for CMake module files
[6.487s] Level 1:colcon.colcon_core.environment:checking '/home/majuste/Programação/ROS2/UDH1/Navigation/install/udh1_mapping' for CMake config files
[6.488s] Level 1:colcon.colcon_core.environment:checking '/home/majuste/Programação/ROS2/UDH1/Navigation/install/udh1_mapping/lib'
[6.488s] Level 1:colcon.colcon_core.environment:checking '/home/majuste/Programação/ROS2/UDH1/Navigation/install/udh1_mapping/bin'
[6.488s] Level 1:colcon.colcon_core.environment:checking '/home/majuste/Programação/ROS2/UDH1/Navigation/install/udh1_mapping/lib/pkgconfig/udh1_mapping.pc'
[6.488s] Level 1:colcon.colcon_core.environment:checking '/home/majuste/Programação/ROS2/UDH1/Navigation/install/udh1_mapping/lib/python3.10/site-packages'
[6.488s] Level 1:colcon.colcon_core.shell:create_environment_hook('udh1_mapping', 'pythonpath')
[6.488s] INFO:colcon.colcon_core.shell:Creating environment hook '/home/majuste/Programação/ROS2/UDH1/Navigation/install/udh1_mapping/share/udh1_mapping/hook/pythonpath.ps1'
[6.488s] INFO:colcon.colcon_core.shell:Creating environment descriptor '/home/majuste/Programação/ROS2/UDH1/Navigation/install/udh1_mapping/share/udh1_mapping/hook/pythonpath.dsv'
[6.488s] INFO:colcon.colcon_core.shell:Creating environment hook '/home/majuste/Programação/ROS2/UDH1/Navigation/install/udh1_mapping/share/udh1_mapping/hook/pythonpath.sh'
[6.489s] Level 1:colcon.colcon_core.environment:checking '/home/majuste/Programação/ROS2/UDH1/Navigation/install/udh1_mapping/bin'
[6.489s] Level 1:colcon.colcon_core.environment:create_environment_scripts_only(udh1_mapping)
[6.489s] INFO:colcon.colcon_core.shell:Creating package script '/home/majuste/Programação/ROS2/UDH1/Navigation/install/udh1_mapping/share/udh1_mapping/package.ps1'
[6.489s] INFO:colcon.colcon_core.shell:Creating package descriptor '/home/majuste/Programação/ROS2/UDH1/Navigation/install/udh1_mapping/share/udh1_mapping/package.dsv'
[6.489s] INFO:colcon.colcon_core.shell:Creating package script '/home/majuste/Programação/ROS2/UDH1/Navigation/install/udh1_mapping/share/udh1_mapping/package.sh'
[6.489s] INFO:colcon.colcon_core.shell:Creating package script '/home/majuste/Programação/ROS2/UDH1/Navigation/install/udh1_mapping/share/udh1_mapping/package.bash'
[6.490s] INFO:colcon.colcon_core.shell:Creating package script '/home/majuste/Programação/ROS2/UDH1/Navigation/install/udh1_mapping/share/udh1_mapping/package.zsh'
[6.490s] Level 1:colcon.colcon_core.environment:create_file_with_runtime_dependencies(/home/majuste/Programação/ROS2/UDH1/Navigation/install/udh1_mapping/share/colcon-core/packages/udh1_mapping)
[7.683s] DEBUG:colcon.colcon_core.event_handler.log_command:Invoked command in '/home/majuste/Programação/ROS2/UDH1/Navigation/build/udh1_description' returned '0': CMAKE_PREFIX_PATH=/opt/ros/humble DEBUGINFOD_URLS=https://debuginfod.archlinux.org PS1=[\u@\h \W]\$ /usr/bin/cmake /home/majuste/Programação/ROS2/UDH1/Navigation/src/udh1_description -DAMENT_CMAKE_SYMLINK_INSTALL=1 -DCMAKE_INSTALL_PREFIX=/home/majuste/Programação/ROS2/UDH1/Navigation/install/udh1_description
[7.684s] DEBUG:colcon.colcon_core.event_handler.log_command:Invoking command in '/home/majuste/Programação/ROS2/UDH1/Navigation/build/udh1_description': CMAKE_PREFIX_PATH=/opt/ros/humble DEBUGINFOD_URLS=https://debuginfod.archlinux.org PS1=[\u@\h \W]\$ /usr/bin/cmake --build /home/majuste/Programação/ROS2/UDH1/Navigation/build/udh1_description -- -j24 -l24
[7.703s] DEBUG:colcon.colcon_core.event_handler.log_command:Invoked command in '/home/majuste/Programação/ROS2/UDH1/Navigation/build/udh1_description' returned '0': CMAKE_PREFIX_PATH=/opt/ros/humble DEBUGINFOD_URLS=https://debuginfod.archlinux.org PS1=[\u@\h \W]\$ /usr/bin/cmake --build /home/majuste/Programação/ROS2/UDH1/Navigation/build/udh1_description -- -j24 -l24
[7.708s] DEBUG:colcon.colcon_core.event_handler.log_command:Invoking command in '/home/majuste/Programação/ROS2/UDH1/Navigation/build/udh1_description': CMAKE_PREFIX_PATH=/opt/ros/humble DEBUGINFOD_URLS=https://debuginfod.archlinux.org PS1=[\u@\h \W]\$ /usr/bin/cmake --install /home/majuste/Programação/ROS2/UDH1/Navigation/build/udh1_description
[7.728s] DEBUG:colcon.colcon_core.event_handler.log_command:Invoked command in '/home/majuste/Programação/ROS2/UDH1/Navigation/build/udh1_description' returned '1': CMAKE_PREFIX_PATH=/opt/ros/humble DEBUGINFOD_URLS=https://debuginfod.archlinux.org PS1=[\u@\h \W]\$ /usr/bin/cmake --install /home/majuste/Programação/ROS2/UDH1/Navigation/build/udh1_description
[7.728s] Level 1:colcon.colcon_core.environment:create_environment_scripts_only(udh1_description)
[7.728s] Level 1:colcon.colcon_core.environment:checking '/home/majuste/Programação/ROS2/UDH1/Navigation/install/udh1_description' for CMake module files
[7.729s] Level 1:colcon.colcon_core.environment:checking '/home/majuste/Programação/ROS2/UDH1/Navigation/install/udh1_description' for CMake config files
[7.729s] Level 1:colcon.colcon_core.environment:checking '/home/majuste/Programação/ROS2/UDH1/Navigation/install/udh1_description/bin'
[7.729s] Level 1:colcon.colcon_core.environment:checking '/home/majuste/Programação/ROS2/UDH1/Navigation/install/udh1_description/lib/pkgconfig/udh1_description.pc'
[7.729s] Level 1:colcon.colcon_core.environment:checking '/home/majuste/Programação/ROS2/UDH1/Navigation/install/udh1_description/lib/python3.10/site-packages'
[7.729s] Level 1:colcon.colcon_core.environment:checking '/home/majuste/Programação/ROS2/UDH1/Navigation/install/udh1_description/bin'
[7.729s] INFO:colcon.colcon_core.shell:Creating package script '/home/majuste/Programação/ROS2/UDH1/Navigation/install/udh1_description/share/udh1_description/package.ps1'
[7.729s] INFO:colcon.colcon_core.shell:Creating package descriptor '/home/majuste/Programação/ROS2/UDH1/Navigation/install/udh1_description/share/udh1_description/package.dsv'
[7.730s] INFO:colcon.colcon_core.shell:Creating package script '/home/majuste/Programação/ROS2/UDH1/Navigation/install/udh1_description/share/udh1_description/package.sh'
[7.730s] INFO:colcon.colcon_core.shell:Creating package script '/home/majuste/Programação/ROS2/UDH1/Navigation/install/udh1_description/share/udh1_description/package.bash'
[7.730s] INFO:colcon.colcon_core.shell:Creating package script '/home/majuste/Programação/ROS2/UDH1/Navigation/install/udh1_description/share/udh1_description/package.zsh'
[7.730s] Level 1:colcon.colcon_core.environment:create_file_with_runtime_dependencies(/home/majuste/Programação/ROS2/UDH1/Navigation/install/udh1_description/share/colcon-core/packages/udh1_description)
[10.414s] DEBUG:colcon.colcon_parallel_executor.executor.parallel:closing loop
[10.414s] DEBUG:colcon.colcon_parallel_executor.executor.parallel:loop closed
[10.414s] DEBUG:colcon.colcon_parallel_executor.executor.parallel:run_until_complete finished with '1'
[10.414s] DEBUG:colcon.colcon_core.event_reactor:joining thread
[10.511s] INFO:colcon.colcon_core.plugin_system:Skipping extension 'colcon_notification.desktop_notification.notify_send': Could not find 'notify-send'
[10.511s] INFO:colcon.colcon_core.plugin_system:Skipping extension 'colcon_notification.desktop_notification.terminal_notifier': Not used on non-Darwin systems
[10.511s] INFO:colcon.colcon_core.plugin_system:Skipping extension 'colcon_notification.desktop_notification.win32': Not used on non-Windows systems
[10.511s] INFO:colcon.colcon_notification.desktop_notification:Sending desktop notification using 'notify2'
[10.512s] DEBUG:colcon.colcon_core.event_reactor:joined thread
[10.513s] INFO:colcon.colcon_core.shell:Creating prefix script '/home/majuste/Programação/ROS2/UDH1/Navigation/install/local_setup.ps1'
[10.513s] INFO:colcon.colcon_core.shell:Creating prefix util module '/home/majuste/Programação/ROS2/UDH1/Navigation/install/_local_setup_util_ps1.py'
[10.532s] INFO:colcon.colcon_core.shell:Creating prefix chain script '/home/majuste/Programação/ROS2/UDH1/Navigation/install/setup.ps1'
[10.532s] INFO:colcon.colcon_core.shell:Creating prefix script '/home/majuste/Programação/ROS2/UDH1/Navigation/install/local_setup.sh'
[10.543s] INFO:colcon.colcon_core.shell:Creating prefix util module '/home/majuste/Programação/ROS2/UDH1/Navigation/install/_local_setup_util_sh.py'
[10.543s] INFO:colcon.colcon_core.shell:Creating prefix chain script '/home/majuste/Programação/ROS2/UDH1/Navigation/install/setup.sh'
[10.543s] INFO:colcon.colcon_core.shell:Creating prefix script '/home/majuste/Programação/ROS2/UDH1/Navigation/install/local_setup.bash'
[10.544s] INFO:colcon.colcon_core.shell:Creating prefix chain script '/home/majuste/Programação/ROS2/UDH1/Navigation/install/setup.bash'
[10.544s] INFO:colcon.colcon_core.shell:Creating prefix script '/home/majuste/Programação/ROS2/UDH1/Navigation/install/local_setup.zsh'
[10.548s] INFO:colcon.colcon_core.shell:Creating prefix chain script '/home/majuste/Programação/ROS2/UDH1/Navigation/install/setup.zsh'
