[0.050s] DEBUG:colcon:Command line arguments: ['/usr/bin/colcon', 'build', '--symlink-install']
[0.050s] DEBUG:colcon:Parsed command line arguments: Namespace(log_base=None, log_level=None, verb_name='build', build_base='build', install_base='install', merge_install=False, symlink_install=True, test_result_base=None, continue_on_error=False, executor='parallel', parallel_workers=24, event_handlers=None, ignore_user_meta=False, metas=['./colcon.meta'], base_paths=['.'], packages_ignore=None, packages_ignore_regex=None, paths=None, packages_up_to=None, packages_up_to_regex=None, packages_above=None, packages_above_and_dependencies=None, packages_above_depth=None, packages_select_by_dep=None, packages_skip_by_dep=None, packages_skip_up_to=None, packages_select_build_failed=False, packages_skip_build_finished=False, packages_select_test_failures=False, packages_skip_test_passed=False, packages_select=None, packages_skip=None, packages_select_regex=None, packages_skip_regex=None, packages_start=None, packages_end=None, allow_overriding=[], cmake_args=None, cmake_target=None, cmake_target_skip_unavailable=False, cmake_clean_cache=False, cmake_clean_first=False, cmake_force_configure=False, ament_cmake_args=None, catkin_cmake_args=None, catkin_skip_building_tests=False, verb_parser=<colcon_defaults.argument_parser.defaults.DefaultArgumentsDecorator object at 0x7f1c1279bd60>, verb_extension=<colcon_core.verb.build.BuildVerb object at 0x7f1c12955810>, main=<bound method BuildVerb.main of <colcon_core.verb.build.BuildVerb object at 0x7f1c12955810>>)
[0.137s] Level 1:colcon.colcon_core.package_discovery:discover_packages(colcon_meta) check parameters
[0.137s] Level 1:colcon.colcon_core.package_discovery:discover_packages(recursive) check parameters
[0.137s] Level 1:colcon.colcon_core.package_discovery:discover_packages(ignore) check parameters
[0.137s] Level 1:colcon.colcon_core.package_discovery:discover_packages(path) check parameters
[0.137s] Level 1:colcon.colcon_core.package_discovery:discover_packages(colcon_meta) discover
[0.138s] Level 1:colcon.colcon_core.package_discovery:discover_packages(recursive) discover
[0.138s] INFO:colcon.colcon_core.package_discovery:Crawling recursively for packages in '/home/majuste/Programação/ROS2/UDH1/Navigation'
[0.138s] Level 1:colcon.colcon_core.package_identification:_identify(.) by extensions ['ignore', 'ignore_ament_install']
[0.138s] Level 1:colcon.colcon_core.package_identification:_identify(.) by extension 'ignore'
[0.138s] Level 1:colcon.colcon_core.package_identification:_identify(.) by extension 'ignore_ament_install'
[0.138s] Level 1:colcon.colcon_core.package_identification:_identify(.) by extensions ['colcon_pkg']
[0.138s] Level 1:colcon.colcon_core.package_identification:_identify(.) by extension 'colcon_pkg'
[0.138s] Level 1:colcon.colcon_core.package_identification:_identify(.) by extensions ['colcon_meta']
[0.138s] Level 1:colcon.colcon_core.package_identification:_identify(.) by extension 'colcon_meta'
[0.138s] Level 1:colcon.colcon_core.package_identification:_identify(.) by extensions ['ros']
[0.138s] Level 1:colcon.colcon_core.package_identification:_identify(.) by extension 'ros'
[0.149s] Level 1:colcon.colcon_core.package_identification:_identify(.) by extensions ['cmake', 'python']
[0.149s] Level 1:colcon.colcon_core.package_identification:_identify(.) by extension 'cmake'
[0.149s] Level 1:colcon.colcon_core.package_identification:_identify(.) by extension 'python'
[0.149s] Level 1:colcon.colcon_core.package_identification:_identify(.) by extensions ['python_setup_py']
[0.149s] Level 1:colcon.colcon_core.package_identification:_identify(.) by extension 'python_setup_py'
[0.149s] Level 1:colcon.colcon_core.package_identification:_identify(Arduino) by extensions ['ignore', 'ignore_ament_install']
[0.149s] Level 1:colcon.colcon_core.package_identification:_identify(Arduino) by extension 'ignore'
[0.149s] Level 1:colcon.colcon_core.package_identification:_identify(Arduino) by extension 'ignore_ament_install'
[0.149s] Level 1:colcon.colcon_core.package_identification:_identify(Arduino) by extensions ['colcon_pkg']
[0.149s] Level 1:colcon.colcon_core.package_identification:_identify(Arduino) by extension 'colcon_pkg'
[0.149s] Level 1:colcon.colcon_core.package_identification:_identify(Arduino) by extensions ['colcon_meta']
[0.149s] Level 1:colcon.colcon_core.package_identification:_identify(Arduino) by extension 'colcon_meta'
[0.149s] Level 1:colcon.colcon_core.package_identification:_identify(Arduino) by extensions ['ros']
[0.149s] Level 1:colcon.colcon_core.package_identification:_identify(Arduino) by extension 'ros'
[0.149s] Level 1:colcon.colcon_core.package_identification:_identify(Arduino) by extensions ['cmake', 'python']
[0.149s] Level 1:colcon.colcon_core.package_identification:_identify(Arduino) by extension 'cmake'
[0.149s] Level 1:colcon.colcon_core.package_identification:_identify(Arduino) by extension 'python'
[0.149s] Level 1:colcon.colcon_core.package_identification:_identify(Arduino) by extensions ['python_setup_py']
[0.149s] Level 1:colcon.colcon_core.package_identification:_identify(Arduino) by extension 'python_setup_py'
[0.150s] Level 1:colcon.colcon_core.package_identification:_identify(Arduino/libraries) by extensions ['ignore', 'ignore_ament_install']
[0.150s] Level 1:colcon.colcon_core.package_identification:_identify(Arduino/libraries) by extension 'ignore'
[0.150s] Level 1:colcon.colcon_core.package_identification:_identify(Arduino/libraries) by extension 'ignore_ament_install'
[0.150s] Level 1:colcon.colcon_core.package_identification:_identify(Arduino/libraries) by extensions ['colcon_pkg']
[0.150s] Level 1:colcon.colcon_core.package_identification:_identify(Arduino/libraries) by extension 'colcon_pkg'
[0.150s] Level 1:colcon.colcon_core.package_identification:_identify(Arduino/libraries) by extensions ['colcon_meta']
[0.150s] Level 1:colcon.colcon_core.package_identification:_identify(Arduino/libraries) by extension 'colcon_meta'
[0.150s] Level 1:colcon.colcon_core.package_identification:_identify(Arduino/libraries) by extensions ['ros']
[0.150s] Level 1:colcon.colcon_core.package_identification:_identify(Arduino/libraries) by extension 'ros'
[0.150s] Level 1:colcon.colcon_core.package_identification:_identify(Arduino/libraries) by extensions ['cmake', 'python']
[0.150s] Level 1:colcon.colcon_core.package_identification:_identify(Arduino/libraries) by extension 'cmake'
[0.150s] Level 1:colcon.colcon_core.package_identification:_identify(Arduino/libraries) by extension 'python'
[0.150s] Level 1:colcon.colcon_core.package_identification:_identify(Arduino/libraries) by extensions ['python_setup_py']
[0.150s] Level 1:colcon.colcon_core.package_identification:_identify(Arduino/libraries) by extension 'python_setup_py'
[0.150s] Level 1:colcon.colcon_core.package_identification:_identify(Arduino/libraries/AccelStepper) by extensions ['ignore', 'ignore_ament_install']
[0.150s] Level 1:colcon.colcon_core.package_identification:_identify(Arduino/libraries/AccelStepper) by extension 'ignore'
[0.150s] Level 1:colcon.colcon_core.package_identification:_identify(Arduino/libraries/AccelStepper) by extension 'ignore_ament_install'
[0.150s] Level 1:colcon.colcon_core.package_identification:_identify(Arduino/libraries/AccelStepper) by extensions ['colcon_pkg']
[0.150s] Level 1:colcon.colcon_core.package_identification:_identify(Arduino/libraries/AccelStepper) by extension 'colcon_pkg'
[0.150s] Level 1:colcon.colcon_core.package_identification:_identify(Arduino/libraries/AccelStepper) by extensions ['colcon_meta']
[0.150s] Level 1:colcon.colcon_core.package_identification:_identify(Arduino/libraries/AccelStepper) by extension 'colcon_meta'
[0.150s] Level 1:colcon.colcon_core.package_identification:_identify(Arduino/libraries/AccelStepper) by extensions ['ros']
[0.150s] Level 1:colcon.colcon_core.package_identification:_identify(Arduino/libraries/AccelStepper) by extension 'ros'
[0.150s] Level 1:colcon.colcon_core.package_identification:_identify(Arduino/libraries/AccelStepper) by extensions ['cmake', 'python']
[0.150s] Level 1:colcon.colcon_core.package_identification:_identify(Arduino/libraries/AccelStepper) by extension 'cmake'
[0.150s] Level 1:colcon.colcon_core.package_identification:_identify(Arduino/libraries/AccelStepper) by extension 'python'
[0.150s] Level 1:colcon.colcon_core.package_identification:_identify(Arduino/libraries/AccelStepper) by extensions ['python_setup_py']
[0.150s] Level 1:colcon.colcon_core.package_identification:_identify(Arduino/libraries/AccelStepper) by extension 'python_setup_py'
[0.150s] Level 1:colcon.colcon_core.package_identification:_identify(Arduino/libraries/AccelStepper/examples) by extensions ['ignore', 'ignore_ament_install']
[0.150s] Level 1:colcon.colcon_core.package_identification:_identify(Arduino/libraries/AccelStepper/examples) by extension 'ignore'
[0.150s] Level 1:colcon.colcon_core.package_identification:_identify(Arduino/libraries/AccelStepper/examples) by extension 'ignore_ament_install'
[0.150s] Level 1:colcon.colcon_core.package_identification:_identify(Arduino/libraries/AccelStepper/examples) by extensions ['colcon_pkg']
[0.150s] Level 1:colcon.colcon_core.package_identification:_identify(Arduino/libraries/AccelStepper/examples) by extension 'colcon_pkg'
[0.150s] Level 1:colcon.colcon_core.package_identification:_identify(Arduino/libraries/AccelStepper/examples) by extensions ['colcon_meta']
[0.150s] Level 1:colcon.colcon_core.package_identification:_identify(Arduino/libraries/AccelStepper/examples) by extension 'colcon_meta'
[0.150s] Level 1:colcon.colcon_core.package_identification:_identify(Arduino/libraries/AccelStepper/examples) by extensions ['ros']
[0.150s] Level 1:colcon.colcon_core.package_identification:_identify(Arduino/libraries/AccelStepper/examples) by extension 'ros'
[0.150s] Level 1:colcon.colcon_core.package_identification:_identify(Arduino/libraries/AccelStepper/examples) by extensions ['cmake', 'python']
[0.150s] Level 1:colcon.colcon_core.package_identification:_identify(Arduino/libraries/AccelStepper/examples) by extension 'cmake'
[0.150s] Level 1:colcon.colcon_core.package_identification:_identify(Arduino/libraries/AccelStepper/examples) by extension 'python'
[0.150s] Level 1:colcon.colcon_core.package_identification:_identify(Arduino/libraries/AccelStepper/examples) by extensions ['python_setup_py']
[0.150s] Level 1:colcon.colcon_core.package_identification:_identify(Arduino/libraries/AccelStepper/examples) by extension 'python_setup_py'
[0.150s] Level 1:colcon.colcon_core.package_identification:_identify(Arduino/libraries/AccelStepper/examples/AFMotor_ConstantSpeed) by extensions ['ignore', 'ignore_ament_install']
[0.150s] Level 1:colcon.colcon_core.package_identification:_identify(Arduino/libraries/AccelStepper/examples/AFMotor_ConstantSpeed) by extension 'ignore'
[0.151s] Level 1:colcon.colcon_core.package_identification:_identify(Arduino/libraries/AccelStepper/examples/AFMotor_ConstantSpeed) by extension 'ignore_ament_install'
[0.151s] Level 1:colcon.colcon_core.package_identification:_identify(Arduino/libraries/AccelStepper/examples/AFMotor_ConstantSpeed) by extensions ['colcon_pkg']
[0.151s] Level 1:colcon.colcon_core.package_identification:_identify(Arduino/libraries/AccelStepper/examples/AFMotor_ConstantSpeed) by extension 'colcon_pkg'
[0.151s] Level 1:colcon.colcon_core.package_identification:_identify(Arduino/libraries/AccelStepper/examples/AFMotor_ConstantSpeed) by extensions ['colcon_meta']
[0.151s] Level 1:colcon.colcon_core.package_identification:_identify(Arduino/libraries/AccelStepper/examples/AFMotor_ConstantSpeed) by extension 'colcon_meta'
[0.151s] Level 1:colcon.colcon_core.package_identification:_identify(Arduino/libraries/AccelStepper/examples/AFMotor_ConstantSpeed) by extensions ['ros']
[0.151s] Level 1:colcon.colcon_core.package_identification:_identify(Arduino/libraries/AccelStepper/examples/AFMotor_ConstantSpeed) by extension 'ros'
[0.151s] Level 1:colcon.colcon_core.package_identification:_identify(Arduino/libraries/AccelStepper/examples/AFMotor_ConstantSpeed) by extensions ['cmake', 'python']
[0.151s] Level 1:colcon.colcon_core.package_identification:_identify(Arduino/libraries/AccelStepper/examples/AFMotor_ConstantSpeed) by extension 'cmake'
[0.151s] Level 1:colcon.colcon_core.package_identification:_identify(Arduino/libraries/AccelStepper/examples/AFMotor_ConstantSpeed) by extension 'python'
[0.151s] Level 1:colcon.colcon_core.package_identification:_identify(Arduino/libraries/AccelStepper/examples/AFMotor_ConstantSpeed) by extensions ['python_setup_py']
[0.151s] Level 1:colcon.colcon_core.package_identification:_identify(Arduino/libraries/AccelStepper/examples/AFMotor_ConstantSpeed) by extension 'python_setup_py'
[0.151s] Level 1:colcon.colcon_core.package_identification:_identify(Arduino/libraries/AccelStepper/examples/AFMotor_MultiStepper) by extensions ['ignore', 'ignore_ament_install']
[0.151s] Level 1:colcon.colcon_core.package_identification:_identify(Arduino/libraries/AccelStepper/examples/AFMotor_MultiStepper) by extension 'ignore'
[0.151s] Level 1:colcon.colcon_core.package_identification:_identify(Arduino/libraries/AccelStepper/examples/AFMotor_MultiStepper) by extension 'ignore_ament_install'
[0.151s] Level 1:colcon.colcon_core.package_identification:_identify(Arduino/libraries/AccelStepper/examples/AFMotor_MultiStepper) by extensions ['colcon_pkg']
[0.151s] Level 1:colcon.colcon_core.package_identification:_identify(Arduino/libraries/AccelStepper/examples/AFMotor_MultiStepper) by extension 'colcon_pkg'
[0.151s] Level 1:colcon.colcon_core.package_identification:_identify(Arduino/libraries/AccelStepper/examples/AFMotor_MultiStepper) by extensions ['colcon_meta']
[0.151s] Level 1:colcon.colcon_core.package_identification:_identify(Arduino/libraries/AccelStepper/examples/AFMotor_MultiStepper) by extension 'colcon_meta'
[0.151s] Level 1:colcon.colcon_core.package_identification:_identify(Arduino/libraries/AccelStepper/examples/AFMotor_MultiStepper) by extensions ['ros']
[0.151s] Level 1:colcon.colcon_core.package_identification:_identify(Arduino/libraries/AccelStepper/examples/AFMotor_MultiStepper) by extension 'ros'
[0.151s] Level 1:colcon.colcon_core.package_identification:_identify(Arduino/libraries/AccelStepper/examples/AFMotor_MultiStepper) by extensions ['cmake', 'python']
[0.151s] Level 1:colcon.colcon_core.package_identification:_identify(Arduino/libraries/AccelStepper/examples/AFMotor_MultiStepper) by extension 'cmake'
[0.151s] Level 1:colcon.colcon_core.package_identification:_identify(Arduino/libraries/AccelStepper/examples/AFMotor_MultiStepper) by extension 'python'
[0.151s] Level 1:colcon.colcon_core.package_identification:_identify(Arduino/libraries/AccelStepper/examples/AFMotor_MultiStepper) by extensions ['python_setup_py']
[0.151s] Level 1:colcon.colcon_core.package_identification:_identify(Arduino/libraries/AccelStepper/examples/AFMotor_MultiStepper) by extension 'python_setup_py'
[0.151s] Level 1:colcon.colcon_core.package_identification:_identify(Arduino/libraries/AccelStepper/examples/Blocking) by extensions ['ignore', 'ignore_ament_install']
[0.151s] Level 1:colcon.colcon_core.package_identification:_identify(Arduino/libraries/AccelStepper/examples/Blocking) by extension 'ignore'
[0.151s] Level 1:colcon.colcon_core.package_identification:_identify(Arduino/libraries/AccelStepper/examples/Blocking) by extension 'ignore_ament_install'
[0.151s] Level 1:colcon.colcon_core.package_identification:_identify(Arduino/libraries/AccelStepper/examples/Blocking) by extensions ['colcon_pkg']
[0.151s] Level 1:colcon.colcon_core.package_identification:_identify(Arduino/libraries/AccelStepper/examples/Blocking) by extension 'colcon_pkg'
[0.151s] Level 1:colcon.colcon_core.package_identification:_identify(Arduino/libraries/AccelStepper/examples/Blocking) by extensions ['colcon_meta']
[0.151s] Level 1:colcon.colcon_core.package_identification:_identify(Arduino/libraries/AccelStepper/examples/Blocking) by extension 'colcon_meta'
[0.151s] Level 1:colcon.colcon_core.package_identification:_identify(Arduino/libraries/AccelStepper/examples/Blocking) by extensions ['ros']
[0.151s] Level 1:colcon.colcon_core.package_identification:_identify(Arduino/libraries/AccelStepper/examples/Blocking) by extension 'ros'
[0.151s] Level 1:colcon.colcon_core.package_identification:_identify(Arduino/libraries/AccelStepper/examples/Blocking) by extensions ['cmake', 'python']
[0.151s] Level 1:colcon.colcon_core.package_identification:_identify(Arduino/libraries/AccelStepper/examples/Blocking) by extension 'cmake'
[0.151s] Level 1:colcon.colcon_core.package_identification:_identify(Arduino/libraries/AccelStepper/examples/Blocking) by extension 'python'
[0.151s] Level 1:colcon.colcon_core.package_identification:_identify(Arduino/libraries/AccelStepper/examples/Blocking) by extensions ['python_setup_py']
[0.151s] Level 1:colcon.colcon_core.package_identification:_identify(Arduino/libraries/AccelStepper/examples/Blocking) by extension 'python_setup_py'
[0.151s] Level 1:colcon.colcon_core.package_identification:_identify(Arduino/libraries/AccelStepper/examples/Bounce) by extensions ['ignore', 'ignore_ament_install']
[0.151s] Level 1:colcon.colcon_core.package_identification:_identify(Arduino/libraries/AccelStepper/examples/Bounce) by extension 'ignore'
[0.151s] Level 1:colcon.colcon_core.package_identification:_identify(Arduino/libraries/AccelStepper/examples/Bounce) by extension 'ignore_ament_install'
[0.151s] Level 1:colcon.colcon_core.package_identification:_identify(Arduino/libraries/AccelStepper/examples/Bounce) by extensions ['colcon_pkg']
[0.151s] Level 1:colcon.colcon_core.package_identification:_identify(Arduino/libraries/AccelStepper/examples/Bounce) by extension 'colcon_pkg'
[0.152s] Level 1:colcon.colcon_core.package_identification:_identify(Arduino/libraries/AccelStepper/examples/Bounce) by extensions ['colcon_meta']
[0.152s] Level 1:colcon.colcon_core.package_identification:_identify(Arduino/libraries/AccelStepper/examples/Bounce) by extension 'colcon_meta'
[0.152s] Level 1:colcon.colcon_core.package_identification:_identify(Arduino/libraries/AccelStepper/examples/Bounce) by extensions ['ros']
[0.152s] Level 1:colcon.colcon_core.package_identification:_identify(Arduino/libraries/AccelStepper/examples/Bounce) by extension 'ros'
[0.152s] Level 1:colcon.colcon_core.package_identification:_identify(Arduino/libraries/AccelStepper/examples/Bounce) by extensions ['cmake', 'python']
[0.152s] Level 1:colcon.colcon_core.package_identification:_identify(Arduino/libraries/AccelStepper/examples/Bounce) by extension 'cmake'
[0.152s] Level 1:colcon.colcon_core.package_identification:_identify(Arduino/libraries/AccelStepper/examples/Bounce) by extension 'python'
[0.152s] Level 1:colcon.colcon_core.package_identification:_identify(Arduino/libraries/AccelStepper/examples/Bounce) by extensions ['python_setup_py']
[0.152s] Level 1:colcon.colcon_core.package_identification:_identify(Arduino/libraries/AccelStepper/examples/Bounce) by extension 'python_setup_py'
[0.152s] Level 1:colcon.colcon_core.package_identification:_identify(Arduino/libraries/AccelStepper/examples/ConstantSpeed) by extensions ['ignore', 'ignore_ament_install']
[0.152s] Level 1:colcon.colcon_core.package_identification:_identify(Arduino/libraries/AccelStepper/examples/ConstantSpeed) by extension 'ignore'
[0.152s] Level 1:colcon.colcon_core.package_identification:_identify(Arduino/libraries/AccelStepper/examples/ConstantSpeed) by extension 'ignore_ament_install'
[0.152s] Level 1:colcon.colcon_core.package_identification:_identify(Arduino/libraries/AccelStepper/examples/ConstantSpeed) by extensions ['colcon_pkg']
[0.152s] Level 1:colcon.colcon_core.package_identification:_identify(Arduino/libraries/AccelStepper/examples/ConstantSpeed) by extension 'colcon_pkg'
[0.152s] Level 1:colcon.colcon_core.package_identification:_identify(Arduino/libraries/AccelStepper/examples/ConstantSpeed) by extensions ['colcon_meta']
[0.152s] Level 1:colcon.colcon_core.package_identification:_identify(Arduino/libraries/AccelStepper/examples/ConstantSpeed) by extension 'colcon_meta'
[0.152s] Level 1:colcon.colcon_core.package_identification:_identify(Arduino/libraries/AccelStepper/examples/ConstantSpeed) by extensions ['ros']
[0.152s] Level 1:colcon.colcon_core.package_identification:_identify(Arduino/libraries/AccelStepper/examples/ConstantSpeed) by extension 'ros'
[0.152s] Level 1:colcon.colcon_core.package_identification:_identify(Arduino/libraries/AccelStepper/examples/ConstantSpeed) by extensions ['cmake', 'python']
[0.152s] Level 1:colcon.colcon_core.package_identification:_identify(Arduino/libraries/AccelStepper/examples/ConstantSpeed) by extension 'cmake'
[0.152s] Level 1:colcon.colcon_core.package_identification:_identify(Arduino/libraries/AccelStepper/examples/ConstantSpeed) by extension 'python'
[0.152s] Level 1:colcon.colcon_core.package_identification:_identify(Arduino/libraries/AccelStepper/examples/ConstantSpeed) by extensions ['python_setup_py']
[0.152s] Level 1:colcon.colcon_core.package_identification:_identify(Arduino/libraries/AccelStepper/examples/ConstantSpeed) by extension 'python_setup_py'
[0.152s] Level 1:colcon.colcon_core.package_identification:_identify(Arduino/libraries/AccelStepper/examples/DualMotorShield) by extensions ['ignore', 'ignore_ament_install']
[0.152s] Level 1:colcon.colcon_core.package_identification:_identify(Arduino/libraries/AccelStepper/examples/DualMotorShield) by extension 'ignore'
[0.152s] Level 1:colcon.colcon_core.package_identification:_identify(Arduino/libraries/AccelStepper/examples/DualMotorShield) by extension 'ignore_ament_install'
[0.152s] Level 1:colcon.colcon_core.package_identification:_identify(Arduino/libraries/AccelStepper/examples/DualMotorShield) by extensions ['colcon_pkg']
[0.152s] Level 1:colcon.colcon_core.package_identification:_identify(Arduino/libraries/AccelStepper/examples/DualMotorShield) by extension 'colcon_pkg'
[0.152s] Level 1:colcon.colcon_core.package_identification:_identify(Arduino/libraries/AccelStepper/examples/DualMotorShield) by extensions ['colcon_meta']
[0.152s] Level 1:colcon.colcon_core.package_identification:_identify(Arduino/libraries/AccelStepper/examples/DualMotorShield) by extension 'colcon_meta'
[0.152s] Level 1:colcon.colcon_core.package_identification:_identify(Arduino/libraries/AccelStepper/examples/DualMotorShield) by extensions ['ros']
[0.152s] Level 1:colcon.colcon_core.package_identification:_identify(Arduino/libraries/AccelStepper/examples/DualMotorShield) by extension 'ros'
[0.152s] Level 1:colcon.colcon_core.package_identification:_identify(Arduino/libraries/AccelStepper/examples/DualMotorShield) by extensions ['cmake', 'python']
[0.152s] Level 1:colcon.colcon_core.package_identification:_identify(Arduino/libraries/AccelStepper/examples/DualMotorShield) by extension 'cmake'
[0.152s] Level 1:colcon.colcon_core.package_identification:_identify(Arduino/libraries/AccelStepper/examples/DualMotorShield) by extension 'python'
[0.152s] Level 1:colcon.colcon_core.package_identification:_identify(Arduino/libraries/AccelStepper/examples/DualMotorShield) by extensions ['python_setup_py']
[0.152s] Level 1:colcon.colcon_core.package_identification:_identify(Arduino/libraries/AccelStepper/examples/DualMotorShield) by extension 'python_setup_py'
[0.152s] Level 1:colcon.colcon_core.package_identification:_identify(Arduino/libraries/AccelStepper/examples/MotorShield) by extensions ['ignore', 'ignore_ament_install']
[0.152s] Level 1:colcon.colcon_core.package_identification:_identify(Arduino/libraries/AccelStepper/examples/MotorShield) by extension 'ignore'
[0.152s] Level 1:colcon.colcon_core.package_identification:_identify(Arduino/libraries/AccelStepper/examples/MotorShield) by extension 'ignore_ament_install'
[0.152s] Level 1:colcon.colcon_core.package_identification:_identify(Arduino/libraries/AccelStepper/examples/MotorShield) by extensions ['colcon_pkg']
[0.152s] Level 1:colcon.colcon_core.package_identification:_identify(Arduino/libraries/AccelStepper/examples/MotorShield) by extension 'colcon_pkg'
[0.152s] Level 1:colcon.colcon_core.package_identification:_identify(Arduino/libraries/AccelStepper/examples/MotorShield) by extensions ['colcon_meta']
[0.152s] Level 1:colcon.colcon_core.package_identification:_identify(Arduino/libraries/AccelStepper/examples/MotorShield) by extension 'colcon_meta'
[0.152s] Level 1:colcon.colcon_core.package_identification:_identify(Arduino/libraries/AccelStepper/examples/MotorShield) by extensions ['ros']
[0.152s] Level 1:colcon.colcon_core.package_identification:_identify(Arduino/libraries/AccelStepper/examples/MotorShield) by extension 'ros'
[0.153s] Level 1:colcon.colcon_core.package_identification:_identify(Arduino/libraries/AccelStepper/examples/MotorShield) by extensions ['cmake', 'python']
[0.153s] Level 1:colcon.colcon_core.package_identification:_identify(Arduino/libraries/AccelStepper/examples/MotorShield) by extension 'cmake'
[0.153s] Level 1:colcon.colcon_core.package_identification:_identify(Arduino/libraries/AccelStepper/examples/MotorShield) by extension 'python'
[0.153s] Level 1:colcon.colcon_core.package_identification:_identify(Arduino/libraries/AccelStepper/examples/MotorShield) by extensions ['python_setup_py']
[0.153s] Level 1:colcon.colcon_core.package_identification:_identify(Arduino/libraries/AccelStepper/examples/MotorShield) by extension 'python_setup_py'
[0.153s] Level 1:colcon.colcon_core.package_identification:_identify(Arduino/libraries/AccelStepper/examples/MultiStepper) by extensions ['ignore', 'ignore_ament_install']
[0.153s] Level 1:colcon.colcon_core.package_identification:_identify(Arduino/libraries/AccelStepper/examples/MultiStepper) by extension 'ignore'
[0.153s] Level 1:colcon.colcon_core.package_identification:_identify(Arduino/libraries/AccelStepper/examples/MultiStepper) by extension 'ignore_ament_install'
[0.153s] Level 1:colcon.colcon_core.package_identification:_identify(Arduino/libraries/AccelStepper/examples/MultiStepper) by extensions ['colcon_pkg']
[0.153s] Level 1:colcon.colcon_core.package_identification:_identify(Arduino/libraries/AccelStepper/examples/MultiStepper) by extension 'colcon_pkg'
[0.153s] Level 1:colcon.colcon_core.package_identification:_identify(Arduino/libraries/AccelStepper/examples/MultiStepper) by extensions ['colcon_meta']
[0.153s] Level 1:colcon.colcon_core.package_identification:_identify(Arduino/libraries/AccelStepper/examples/MultiStepper) by extension 'colcon_meta'
[0.153s] Level 1:colcon.colcon_core.package_identification:_identify(Arduino/libraries/AccelStepper/examples/MultiStepper) by extensions ['ros']
[0.153s] Level 1:colcon.colcon_core.package_identification:_identify(Arduino/libraries/AccelStepper/examples/MultiStepper) by extension 'ros'
[0.153s] Level 1:colcon.colcon_core.package_identification:_identify(Arduino/libraries/AccelStepper/examples/MultiStepper) by extensions ['cmake', 'python']
[0.153s] Level 1:colcon.colcon_core.package_identification:_identify(Arduino/libraries/AccelStepper/examples/MultiStepper) by extension 'cmake'
[0.153s] Level 1:colcon.colcon_core.package_identification:_identify(Arduino/libraries/AccelStepper/examples/MultiStepper) by extension 'python'
[0.153s] Level 1:colcon.colcon_core.package_identification:_identify(Arduino/libraries/AccelStepper/examples/MultiStepper) by extensions ['python_setup_py']
[0.153s] Level 1:colcon.colcon_core.package_identification:_identify(Arduino/libraries/AccelStepper/examples/MultiStepper) by extension 'python_setup_py'
[0.153s] Level 1:colcon.colcon_core.package_identification:_identify(Arduino/libraries/AccelStepper/examples/MultipleSteppers) by extensions ['ignore', 'ignore_ament_install']
[0.153s] Level 1:colcon.colcon_core.package_identification:_identify(Arduino/libraries/AccelStepper/examples/MultipleSteppers) by extension 'ignore'
[0.153s] Level 1:colcon.colcon_core.package_identification:_identify(Arduino/libraries/AccelStepper/examples/MultipleSteppers) by extension 'ignore_ament_install'
[0.153s] Level 1:colcon.colcon_core.package_identification:_identify(Arduino/libraries/AccelStepper/examples/MultipleSteppers) by extensions ['colcon_pkg']
[0.153s] Level 1:colcon.colcon_core.package_identification:_identify(Arduino/libraries/AccelStepper/examples/MultipleSteppers) by extension 'colcon_pkg'
[0.153s] Level 1:colcon.colcon_core.package_identification:_identify(Arduino/libraries/AccelStepper/examples/MultipleSteppers) by extensions ['colcon_meta']
[0.153s] Level 1:colcon.colcon_core.package_identification:_identify(Arduino/libraries/AccelStepper/examples/MultipleSteppers) by extension 'colcon_meta'
[0.153s] Level 1:colcon.colcon_core.package_identification:_identify(Arduino/libraries/AccelStepper/examples/MultipleSteppers) by extensions ['ros']
[0.153s] Level 1:colcon.colcon_core.package_identification:_identify(Arduino/libraries/AccelStepper/examples/MultipleSteppers) by extension 'ros'
[0.153s] Level 1:colcon.colcon_core.package_identification:_identify(Arduino/libraries/AccelStepper/examples/MultipleSteppers) by extensions ['cmake', 'python']
[0.153s] Level 1:colcon.colcon_core.package_identification:_identify(Arduino/libraries/AccelStepper/examples/MultipleSteppers) by extension 'cmake'
[0.153s] Level 1:colcon.colcon_core.package_identification:_identify(Arduino/libraries/AccelStepper/examples/MultipleSteppers) by extension 'python'
[0.153s] Level 1:colcon.colcon_core.package_identification:_identify(Arduino/libraries/AccelStepper/examples/MultipleSteppers) by extensions ['python_setup_py']
[0.153s] Level 1:colcon.colcon_core.package_identification:_identify(Arduino/libraries/AccelStepper/examples/MultipleSteppers) by extension 'python_setup_py'
[0.153s] Level 1:colcon.colcon_core.package_identification:_identify(Arduino/libraries/AccelStepper/examples/Overshoot) by extensions ['ignore', 'ignore_ament_install']
[0.153s] Level 1:colcon.colcon_core.package_identification:_identify(Arduino/libraries/AccelStepper/examples/Overshoot) by extension 'ignore'
[0.153s] Level 1:colcon.colcon_core.package_identification:_identify(Arduino/libraries/AccelStepper/examples/Overshoot) by extension 'ignore_ament_install'
[0.153s] Level 1:colcon.colcon_core.package_identification:_identify(Arduino/libraries/AccelStepper/examples/Overshoot) by extensions ['colcon_pkg']
[0.153s] Level 1:colcon.colcon_core.package_identification:_identify(Arduino/libraries/AccelStepper/examples/Overshoot) by extension 'colcon_pkg'
[0.153s] Level 1:colcon.colcon_core.package_identification:_identify(Arduino/libraries/AccelStepper/examples/Overshoot) by extensions ['colcon_meta']
[0.153s] Level 1:colcon.colcon_core.package_identification:_identify(Arduino/libraries/AccelStepper/examples/Overshoot) by extension 'colcon_meta'
[0.153s] Level 1:colcon.colcon_core.package_identification:_identify(Arduino/libraries/AccelStepper/examples/Overshoot) by extensions ['ros']
[0.153s] Level 1:colcon.colcon_core.package_identification:_identify(Arduino/libraries/AccelStepper/examples/Overshoot) by extension 'ros'
[0.153s] Level 1:colcon.colcon_core.package_identification:_identify(Arduino/libraries/AccelStepper/examples/Overshoot) by extensions ['cmake', 'python']
[0.153s] Level 1:colcon.colcon_core.package_identification:_identify(Arduino/libraries/AccelStepper/examples/Overshoot) by extension 'cmake'
[0.153s] Level 1:colcon.colcon_core.package_identification:_identify(Arduino/libraries/AccelStepper/examples/Overshoot) by extension 'python'
[0.153s] Level 1:colcon.colcon_core.package_identification:_identify(Arduino/libraries/AccelStepper/examples/Overshoot) by extensions ['python_setup_py']
[0.153s] Level 1:colcon.colcon_core.package_identification:_identify(Arduino/libraries/AccelStepper/examples/Overshoot) by extension 'python_setup_py'
[0.154s] Level 1:colcon.colcon_core.package_identification:_identify(Arduino/libraries/AccelStepper/examples/ProportionalControl) by extensions ['ignore', 'ignore_ament_install']
[0.154s] Level 1:colcon.colcon_core.package_identification:_identify(Arduino/libraries/AccelStepper/examples/ProportionalControl) by extension 'ignore'
[0.154s] Level 1:colcon.colcon_core.package_identification:_identify(Arduino/libraries/AccelStepper/examples/ProportionalControl) by extension 'ignore_ament_install'
[0.154s] Level 1:colcon.colcon_core.package_identification:_identify(Arduino/libraries/AccelStepper/examples/ProportionalControl) by extensions ['colcon_pkg']
[0.154s] Level 1:colcon.colcon_core.package_identification:_identify(Arduino/libraries/AccelStepper/examples/ProportionalControl) by extension 'colcon_pkg'
[0.154s] Level 1:colcon.colcon_core.package_identification:_identify(Arduino/libraries/AccelStepper/examples/ProportionalControl) by extensions ['colcon_meta']
[0.154s] Level 1:colcon.colcon_core.package_identification:_identify(Arduino/libraries/AccelStepper/examples/ProportionalControl) by extension 'colcon_meta'
[0.154s] Level 1:colcon.colcon_core.package_identification:_identify(Arduino/libraries/AccelStepper/examples/ProportionalControl) by extensions ['ros']
[0.154s] Level 1:colcon.colcon_core.package_identification:_identify(Arduino/libraries/AccelStepper/examples/ProportionalControl) by extension 'ros'
[0.154s] Level 1:colcon.colcon_core.package_identification:_identify(Arduino/libraries/AccelStepper/examples/ProportionalControl) by extensions ['cmake', 'python']
[0.154s] Level 1:colcon.colcon_core.package_identification:_identify(Arduino/libraries/AccelStepper/examples/ProportionalControl) by extension 'cmake'
[0.154s] Level 1:colcon.colcon_core.package_identification:_identify(Arduino/libraries/AccelStepper/examples/ProportionalControl) by extension 'python'
[0.154s] Level 1:colcon.colcon_core.package_identification:_identify(Arduino/libraries/AccelStepper/examples/ProportionalControl) by extensions ['python_setup_py']
[0.154s] Level 1:colcon.colcon_core.package_identification:_identify(Arduino/libraries/AccelStepper/examples/ProportionalControl) by extension 'python_setup_py'
[0.154s] Level 1:colcon.colcon_core.package_identification:_identify(Arduino/libraries/AccelStepper/examples/Quickstop) by extensions ['ignore', 'ignore_ament_install']
[0.154s] Level 1:colcon.colcon_core.package_identification:_identify(Arduino/libraries/AccelStepper/examples/Quickstop) by extension 'ignore'
[0.154s] Level 1:colcon.colcon_core.package_identification:_identify(Arduino/libraries/AccelStepper/examples/Quickstop) by extension 'ignore_ament_install'
[0.154s] Level 1:colcon.colcon_core.package_identification:_identify(Arduino/libraries/AccelStepper/examples/Quickstop) by extensions ['colcon_pkg']
[0.154s] Level 1:colcon.colcon_core.package_identification:_identify(Arduino/libraries/AccelStepper/examples/Quickstop) by extension 'colcon_pkg'
[0.154s] Level 1:colcon.colcon_core.package_identification:_identify(Arduino/libraries/AccelStepper/examples/Quickstop) by extensions ['colcon_meta']
[0.154s] Level 1:colcon.colcon_core.package_identification:_identify(Arduino/libraries/AccelStepper/examples/Quickstop) by extension 'colcon_meta'
[0.154s] Level 1:colcon.colcon_core.package_identification:_identify(Arduino/libraries/AccelStepper/examples/Quickstop) by extensions ['ros']
[0.154s] Level 1:colcon.colcon_core.package_identification:_identify(Arduino/libraries/AccelStepper/examples/Quickstop) by extension 'ros'
[0.154s] Level 1:colcon.colcon_core.package_identification:_identify(Arduino/libraries/AccelStepper/examples/Quickstop) by extensions ['cmake', 'python']
[0.154s] Level 1:colcon.colcon_core.package_identification:_identify(Arduino/libraries/AccelStepper/examples/Quickstop) by extension 'cmake'
[0.154s] Level 1:colcon.colcon_core.package_identification:_identify(Arduino/libraries/AccelStepper/examples/Quickstop) by extension 'python'
[0.154s] Level 1:colcon.colcon_core.package_identification:_identify(Arduino/libraries/AccelStepper/examples/Quickstop) by extensions ['python_setup_py']
[0.154s] Level 1:colcon.colcon_core.package_identification:_identify(Arduino/libraries/AccelStepper/examples/Quickstop) by extension 'python_setup_py'
[0.154s] Level 1:colcon.colcon_core.package_identification:_identify(Arduino/libraries/AccelStepper/examples/Random) by extensions ['ignore', 'ignore_ament_install']
[0.154s] Level 1:colcon.colcon_core.package_identification:_identify(Arduino/libraries/AccelStepper/examples/Random) by extension 'ignore'
[0.154s] Level 1:colcon.colcon_core.package_identification:_identify(Arduino/libraries/AccelStepper/examples/Random) by extension 'ignore_ament_install'
[0.154s] Level 1:colcon.colcon_core.package_identification:_identify(Arduino/libraries/AccelStepper/examples/Random) by extensions ['colcon_pkg']
[0.154s] Level 1:colcon.colcon_core.package_identification:_identify(Arduino/libraries/AccelStepper/examples/Random) by extension 'colcon_pkg'
[0.154s] Level 1:colcon.colcon_core.package_identification:_identify(Arduino/libraries/AccelStepper/examples/Random) by extensions ['colcon_meta']
[0.154s] Level 1:colcon.colcon_core.package_identification:_identify(Arduino/libraries/AccelStepper/examples/Random) by extension 'colcon_meta'
[0.154s] Level 1:colcon.colcon_core.package_identification:_identify(Arduino/libraries/AccelStepper/examples/Random) by extensions ['ros']
[0.154s] Level 1:colcon.colcon_core.package_identification:_identify(Arduino/libraries/AccelStepper/examples/Random) by extension 'ros'
[0.154s] Level 1:colcon.colcon_core.package_identification:_identify(Arduino/libraries/AccelStepper/examples/Random) by extensions ['cmake', 'python']
[0.154s] Level 1:colcon.colcon_core.package_identification:_identify(Arduino/libraries/AccelStepper/examples/Random) by extension 'cmake'
[0.154s] Level 1:colcon.colcon_core.package_identification:_identify(Arduino/libraries/AccelStepper/examples/Random) by extension 'python'
[0.154s] Level 1:colcon.colcon_core.package_identification:_identify(Arduino/libraries/AccelStepper/examples/Random) by extensions ['python_setup_py']
[0.154s] Level 1:colcon.colcon_core.package_identification:_identify(Arduino/libraries/AccelStepper/examples/Random) by extension 'python_setup_py'
[0.154s] Level 1:colcon.colcon_core.package_identification:_identify(Arduino/libraries/AccelStepper/extras) by extensions ['ignore', 'ignore_ament_install']
[0.154s] Level 1:colcon.colcon_core.package_identification:_identify(Arduino/libraries/AccelStepper/extras) by extension 'ignore'
[0.154s] Level 1:colcon.colcon_core.package_identification:_identify(Arduino/libraries/AccelStepper/extras) by extension 'ignore_ament_install'
[0.154s] Level 1:colcon.colcon_core.package_identification:_identify(Arduino/libraries/AccelStepper/extras) by extensions ['colcon_pkg']
[0.155s] Level 1:colcon.colcon_core.package_identification:_identify(Arduino/libraries/AccelStepper/extras) by extension 'colcon_pkg'
[0.155s] Level 1:colcon.colcon_core.package_identification:_identify(Arduino/libraries/AccelStepper/extras) by extensions ['colcon_meta']
[0.155s] Level 1:colcon.colcon_core.package_identification:_identify(Arduino/libraries/AccelStepper/extras) by extension 'colcon_meta'
[0.155s] Level 1:colcon.colcon_core.package_identification:_identify(Arduino/libraries/AccelStepper/extras) by extensions ['ros']
[0.155s] Level 1:colcon.colcon_core.package_identification:_identify(Arduino/libraries/AccelStepper/extras) by extension 'ros'
[0.155s] Level 1:colcon.colcon_core.package_identification:_identify(Arduino/libraries/AccelStepper/extras) by extensions ['cmake', 'python']
[0.155s] Level 1:colcon.colcon_core.package_identification:_identify(Arduino/libraries/AccelStepper/extras) by extension 'cmake'
[0.155s] Level 1:colcon.colcon_core.package_identification:_identify(Arduino/libraries/AccelStepper/extras) by extension 'python'
[0.155s] Level 1:colcon.colcon_core.package_identification:_identify(Arduino/libraries/AccelStepper/extras) by extensions ['python_setup_py']
[0.155s] Level 1:colcon.colcon_core.package_identification:_identify(Arduino/libraries/AccelStepper/extras) by extension 'python_setup_py'
[0.155s] Level 1:colcon.colcon_core.package_identification:_identify(Arduino/libraries/AccelStepper/extras/doc) by extensions ['ignore', 'ignore_ament_install']
[0.155s] Level 1:colcon.colcon_core.package_identification:_identify(Arduino/libraries/AccelStepper/extras/doc) by extension 'ignore'
[0.155s] Level 1:colcon.colcon_core.package_identification:_identify(Arduino/libraries/AccelStepper/extras/doc) by extension 'ignore_ament_install'
[0.155s] Level 1:colcon.colcon_core.package_identification:_identify(Arduino/libraries/AccelStepper/extras/doc) by extensions ['colcon_pkg']
[0.155s] Level 1:colcon.colcon_core.package_identification:_identify(Arduino/libraries/AccelStepper/extras/doc) by extension 'colcon_pkg'
[0.155s] Level 1:colcon.colcon_core.package_identification:_identify(Arduino/libraries/AccelStepper/extras/doc) by extensions ['colcon_meta']
[0.155s] Level 1:colcon.colcon_core.package_identification:_identify(Arduino/libraries/AccelStepper/extras/doc) by extension 'colcon_meta'
[0.155s] Level 1:colcon.colcon_core.package_identification:_identify(Arduino/libraries/AccelStepper/extras/doc) by extensions ['ros']
[0.155s] Level 1:colcon.colcon_core.package_identification:_identify(Arduino/libraries/AccelStepper/extras/doc) by extension 'ros'
[0.155s] Level 1:colcon.colcon_core.package_identification:_identify(Arduino/libraries/AccelStepper/extras/doc) by extensions ['cmake', 'python']
[0.155s] Level 1:colcon.colcon_core.package_identification:_identify(Arduino/libraries/AccelStepper/extras/doc) by extension 'cmake'
[0.155s] Level 1:colcon.colcon_core.package_identification:_identify(Arduino/libraries/AccelStepper/extras/doc) by extension 'python'
[0.155s] Level 1:colcon.colcon_core.package_identification:_identify(Arduino/libraries/AccelStepper/extras/doc) by extensions ['python_setup_py']
[0.155s] Level 1:colcon.colcon_core.package_identification:_identify(Arduino/libraries/AccelStepper/extras/doc) by extension 'python_setup_py'
[0.155s] Level 1:colcon.colcon_core.package_identification:_identify(Arduino/libraries/AccelStepper/src) by extensions ['ignore', 'ignore_ament_install']
[0.155s] Level 1:colcon.colcon_core.package_identification:_identify(Arduino/libraries/AccelStepper/src) by extension 'ignore'
[0.155s] Level 1:colcon.colcon_core.package_identification:_identify(Arduino/libraries/AccelStepper/src) by extension 'ignore_ament_install'
[0.155s] Level 1:colcon.colcon_core.package_identification:_identify(Arduino/libraries/AccelStepper/src) by extensions ['colcon_pkg']
[0.155s] Level 1:colcon.colcon_core.package_identification:_identify(Arduino/libraries/AccelStepper/src) by extension 'colcon_pkg'
[0.155s] Level 1:colcon.colcon_core.package_identification:_identify(Arduino/libraries/AccelStepper/src) by extensions ['colcon_meta']
[0.155s] Level 1:colcon.colcon_core.package_identification:_identify(Arduino/libraries/AccelStepper/src) by extension 'colcon_meta'
[0.155s] Level 1:colcon.colcon_core.package_identification:_identify(Arduino/libraries/AccelStepper/src) by extensions ['ros']
[0.155s] Level 1:colcon.colcon_core.package_identification:_identify(Arduino/libraries/AccelStepper/src) by extension 'ros'
[0.155s] Level 1:colcon.colcon_core.package_identification:_identify(Arduino/libraries/AccelStepper/src) by extensions ['cmake', 'python']
[0.155s] Level 1:colcon.colcon_core.package_identification:_identify(Arduino/libraries/AccelStepper/src) by extension 'cmake'
[0.155s] Level 1:colcon.colcon_core.package_identification:_identify(Arduino/libraries/AccelStepper/src) by extension 'python'
[0.155s] Level 1:colcon.colcon_core.package_identification:_identify(Arduino/libraries/AccelStepper/src) by extensions ['python_setup_py']
[0.155s] Level 1:colcon.colcon_core.package_identification:_identify(Arduino/libraries/AccelStepper/src) by extension 'python_setup_py'
[0.155s] Level 1:colcon.colcon_core.package_identification:_identify(Arduino/libraries/PinChangeInterrupt) by extensions ['ignore', 'ignore_ament_install']
[0.155s] Level 1:colcon.colcon_core.package_identification:_identify(Arduino/libraries/PinChangeInterrupt) by extension 'ignore'
[0.155s] Level 1:colcon.colcon_core.package_identification:_identify(Arduino/libraries/PinChangeInterrupt) by extension 'ignore_ament_install'
[0.155s] Level 1:colcon.colcon_core.package_identification:_identify(Arduino/libraries/PinChangeInterrupt) by extensions ['colcon_pkg']
[0.155s] Level 1:colcon.colcon_core.package_identification:_identify(Arduino/libraries/PinChangeInterrupt) by extension 'colcon_pkg'
[0.155s] Level 1:colcon.colcon_core.package_identification:_identify(Arduino/libraries/PinChangeInterrupt) by extensions ['colcon_meta']
[0.155s] Level 1:colcon.colcon_core.package_identification:_identify(Arduino/libraries/PinChangeInterrupt) by extension 'colcon_meta'
[0.155s] Level 1:colcon.colcon_core.package_identification:_identify(Arduino/libraries/PinChangeInterrupt) by extensions ['ros']
[0.155s] Level 1:colcon.colcon_core.package_identification:_identify(Arduino/libraries/PinChangeInterrupt) by extension 'ros'
[0.156s] Level 1:colcon.colcon_core.package_identification:_identify(Arduino/libraries/PinChangeInterrupt) by extensions ['cmake', 'python']
[0.156s] Level 1:colcon.colcon_core.package_identification:_identify(Arduino/libraries/PinChangeInterrupt) by extension 'cmake'
[0.156s] Level 1:colcon.colcon_core.package_identification:_identify(Arduino/libraries/PinChangeInterrupt) by extension 'python'
[0.156s] Level 1:colcon.colcon_core.package_identification:_identify(Arduino/libraries/PinChangeInterrupt) by extensions ['python_setup_py']
[0.156s] Level 1:colcon.colcon_core.package_identification:_identify(Arduino/libraries/PinChangeInterrupt) by extension 'python_setup_py'
[0.156s] Level 1:colcon.colcon_core.package_identification:_identify(Arduino/libraries/PinChangeInterrupt/examples) by extensions ['ignore', 'ignore_ament_install']
[0.156s] Level 1:colcon.colcon_core.package_identification:_identify(Arduino/libraries/PinChangeInterrupt/examples) by extension 'ignore'
[0.156s] Level 1:colcon.colcon_core.package_identification:_identify(Arduino/libraries/PinChangeInterrupt/examples) by extension 'ignore_ament_install'
[0.156s] Level 1:colcon.colcon_core.package_identification:_identify(Arduino/libraries/PinChangeInterrupt/examples) by extensions ['colcon_pkg']
[0.156s] Level 1:colcon.colcon_core.package_identification:_identify(Arduino/libraries/PinChangeInterrupt/examples) by extension 'colcon_pkg'
[0.156s] Level 1:colcon.colcon_core.package_identification:_identify(Arduino/libraries/PinChangeInterrupt/examples) by extensions ['colcon_meta']
[0.156s] Level 1:colcon.colcon_core.package_identification:_identify(Arduino/libraries/PinChangeInterrupt/examples) by extension 'colcon_meta'
[0.156s] Level 1:colcon.colcon_core.package_identification:_identify(Arduino/libraries/PinChangeInterrupt/examples) by extensions ['ros']
[0.156s] Level 1:colcon.colcon_core.package_identification:_identify(Arduino/libraries/PinChangeInterrupt/examples) by extension 'ros'
[0.156s] Level 1:colcon.colcon_core.package_identification:_identify(Arduino/libraries/PinChangeInterrupt/examples) by extensions ['cmake', 'python']
[0.156s] Level 1:colcon.colcon_core.package_identification:_identify(Arduino/libraries/PinChangeInterrupt/examples) by extension 'cmake'
[0.156s] Level 1:colcon.colcon_core.package_identification:_identify(Arduino/libraries/PinChangeInterrupt/examples) by extension 'python'
[0.156s] Level 1:colcon.colcon_core.package_identification:_identify(Arduino/libraries/PinChangeInterrupt/examples) by extensions ['python_setup_py']
[0.156s] Level 1:colcon.colcon_core.package_identification:_identify(Arduino/libraries/PinChangeInterrupt/examples) by extension 'python_setup_py'
[0.156s] Level 1:colcon.colcon_core.package_identification:_identify(Arduino/libraries/PinChangeInterrupt/examples/PinChangeInterrupt_HowItWorks) by extensions ['ignore', 'ignore_ament_install']
[0.156s] Level 1:colcon.colcon_core.package_identification:_identify(Arduino/libraries/PinChangeInterrupt/examples/PinChangeInterrupt_HowItWorks) by extension 'ignore'
[0.156s] Level 1:colcon.colcon_core.package_identification:_identify(Arduino/libraries/PinChangeInterrupt/examples/PinChangeInterrupt_HowItWorks) by extension 'ignore_ament_install'
[0.156s] Level 1:colcon.colcon_core.package_identification:_identify(Arduino/libraries/PinChangeInterrupt/examples/PinChangeInterrupt_HowItWorks) by extensions ['colcon_pkg']
[0.156s] Level 1:colcon.colcon_core.package_identification:_identify(Arduino/libraries/PinChangeInterrupt/examples/PinChangeInterrupt_HowItWorks) by extension 'colcon_pkg'
[0.156s] Level 1:colcon.colcon_core.package_identification:_identify(Arduino/libraries/PinChangeInterrupt/examples/PinChangeInterrupt_HowItWorks) by extensions ['colcon_meta']
[0.156s] Level 1:colcon.colcon_core.package_identification:_identify(Arduino/libraries/PinChangeInterrupt/examples/PinChangeInterrupt_HowItWorks) by extension 'colcon_meta'
[0.156s] Level 1:colcon.colcon_core.package_identification:_identify(Arduino/libraries/PinChangeInterrupt/examples/PinChangeInterrupt_HowItWorks) by extensions ['ros']
[0.156s] Level 1:colcon.colcon_core.package_identification:_identify(Arduino/libraries/PinChangeInterrupt/examples/PinChangeInterrupt_HowItWorks) by extension 'ros'
[0.156s] Level 1:colcon.colcon_core.package_identification:_identify(Arduino/libraries/PinChangeInterrupt/examples/PinChangeInterrupt_HowItWorks) by extensions ['cmake', 'python']
[0.156s] Level 1:colcon.colcon_core.package_identification:_identify(Arduino/libraries/PinChangeInterrupt/examples/PinChangeInterrupt_HowItWorks) by extension 'cmake'
[0.156s] Level 1:colcon.colcon_core.package_identification:_identify(Arduino/libraries/PinChangeInterrupt/examples/PinChangeInterrupt_HowItWorks) by extension 'python'
[0.156s] Level 1:colcon.colcon_core.package_identification:_identify(Arduino/libraries/PinChangeInterrupt/examples/PinChangeInterrupt_HowItWorks) by extensions ['python_setup_py']
[0.156s] Level 1:colcon.colcon_core.package_identification:_identify(Arduino/libraries/PinChangeInterrupt/examples/PinChangeInterrupt_HowItWorks) by extension 'python_setup_py'
[0.156s] Level 1:colcon.colcon_core.package_identification:_identify(Arduino/libraries/PinChangeInterrupt/examples/PinChangeInterrupt_Led) by extensions ['ignore', 'ignore_ament_install']
[0.156s] Level 1:colcon.colcon_core.package_identification:_identify(Arduino/libraries/PinChangeInterrupt/examples/PinChangeInterrupt_Led) by extension 'ignore'
[0.156s] Level 1:colcon.colcon_core.package_identification:_identify(Arduino/libraries/PinChangeInterrupt/examples/PinChangeInterrupt_Led) by extension 'ignore_ament_install'
[0.156s] Level 1:colcon.colcon_core.package_identification:_identify(Arduino/libraries/PinChangeInterrupt/examples/PinChangeInterrupt_Led) by extensions ['colcon_pkg']
[0.156s] Level 1:colcon.colcon_core.package_identification:_identify(Arduino/libraries/PinChangeInterrupt/examples/PinChangeInterrupt_Led) by extension 'colcon_pkg'
[0.156s] Level 1:colcon.colcon_core.package_identification:_identify(Arduino/libraries/PinChangeInterrupt/examples/PinChangeInterrupt_Led) by extensions ['colcon_meta']
[0.156s] Level 1:colcon.colcon_core.package_identification:_identify(Arduino/libraries/PinChangeInterrupt/examples/PinChangeInterrupt_Led) by extension 'colcon_meta'
[0.156s] Level 1:colcon.colcon_core.package_identification:_identify(Arduino/libraries/PinChangeInterrupt/examples/PinChangeInterrupt_Led) by extensions ['ros']
[0.156s] Level 1:colcon.colcon_core.package_identification:_identify(Arduino/libraries/PinChangeInterrupt/examples/PinChangeInterrupt_Led) by extension 'ros'
[0.156s] Level 1:colcon.colcon_core.package_identification:_identify(Arduino/libraries/PinChangeInterrupt/examples/PinChangeInterrupt_Led) by extensions ['cmake', 'python']
[0.156s] Level 1:colcon.colcon_core.package_identification:_identify(Arduino/libraries/PinChangeInterrupt/examples/PinChangeInterrupt_Led) by extension 'cmake'
[0.156s] Level 1:colcon.colcon_core.package_identification:_identify(Arduino/libraries/PinChangeInterrupt/examples/PinChangeInterrupt_Led) by extension 'python'
[0.156s] Level 1:colcon.colcon_core.package_identification:_identify(Arduino/libraries/PinChangeInterrupt/examples/PinChangeInterrupt_Led) by extensions ['python_setup_py']
[0.156s] Level 1:colcon.colcon_core.package_identification:_identify(Arduino/libraries/PinChangeInterrupt/examples/PinChangeInterrupt_Led) by extension 'python_setup_py'
[0.157s] Level 1:colcon.colcon_core.package_identification:_identify(Arduino/libraries/PinChangeInterrupt/examples/PinChangeInterrupt_LowLevel) by extensions ['ignore', 'ignore_ament_install']
[0.157s] Level 1:colcon.colcon_core.package_identification:_identify(Arduino/libraries/PinChangeInterrupt/examples/PinChangeInterrupt_LowLevel) by extension 'ignore'
[0.157s] Level 1:colcon.colcon_core.package_identification:_identify(Arduino/libraries/PinChangeInterrupt/examples/PinChangeInterrupt_LowLevel) by extension 'ignore_ament_install'
[0.157s] Level 1:colcon.colcon_core.package_identification:_identify(Arduino/libraries/PinChangeInterrupt/examples/PinChangeInterrupt_LowLevel) by extensions ['colcon_pkg']
[0.157s] Level 1:colcon.colcon_core.package_identification:_identify(Arduino/libraries/PinChangeInterrupt/examples/PinChangeInterrupt_LowLevel) by extension 'colcon_pkg'
[0.157s] Level 1:colcon.colcon_core.package_identification:_identify(Arduino/libraries/PinChangeInterrupt/examples/PinChangeInterrupt_LowLevel) by extensions ['colcon_meta']
[0.157s] Level 1:colcon.colcon_core.package_identification:_identify(Arduino/libraries/PinChangeInterrupt/examples/PinChangeInterrupt_LowLevel) by extension 'colcon_meta'
[0.157s] Level 1:colcon.colcon_core.package_identification:_identify(Arduino/libraries/PinChangeInterrupt/examples/PinChangeInterrupt_LowLevel) by extensions ['ros']
[0.157s] Level 1:colcon.colcon_core.package_identification:_identify(Arduino/libraries/PinChangeInterrupt/examples/PinChangeInterrupt_LowLevel) by extension 'ros'
[0.157s] Level 1:colcon.colcon_core.package_identification:_identify(Arduino/libraries/PinChangeInterrupt/examples/PinChangeInterrupt_LowLevel) by extensions ['cmake', 'python']
[0.157s] Level 1:colcon.colcon_core.package_identification:_identify(Arduino/libraries/PinChangeInterrupt/examples/PinChangeInterrupt_LowLevel) by extension 'cmake'
[0.157s] Level 1:colcon.colcon_core.package_identification:_identify(Arduino/libraries/PinChangeInterrupt/examples/PinChangeInterrupt_LowLevel) by extension 'python'
[0.157s] Level 1:colcon.colcon_core.package_identification:_identify(Arduino/libraries/PinChangeInterrupt/examples/PinChangeInterrupt_LowLevel) by extensions ['python_setup_py']
[0.157s] Level 1:colcon.colcon_core.package_identification:_identify(Arduino/libraries/PinChangeInterrupt/examples/PinChangeInterrupt_LowLevel) by extension 'python_setup_py'
[0.157s] Level 1:colcon.colcon_core.package_identification:_identify(Arduino/libraries/PinChangeInterrupt/examples/PinChangeInterrupt_TickTock) by extensions ['ignore', 'ignore_ament_install']
[0.157s] Level 1:colcon.colcon_core.package_identification:_identify(Arduino/libraries/PinChangeInterrupt/examples/PinChangeInterrupt_TickTock) by extension 'ignore'
[0.157s] Level 1:colcon.colcon_core.package_identification:_identify(Arduino/libraries/PinChangeInterrupt/examples/PinChangeInterrupt_TickTock) by extension 'ignore_ament_install'
[0.157s] Level 1:colcon.colcon_core.package_identification:_identify(Arduino/libraries/PinChangeInterrupt/examples/PinChangeInterrupt_TickTock) by extensions ['colcon_pkg']
[0.157s] Level 1:colcon.colcon_core.package_identification:_identify(Arduino/libraries/PinChangeInterrupt/examples/PinChangeInterrupt_TickTock) by extension 'colcon_pkg'
[0.157s] Level 1:colcon.colcon_core.package_identification:_identify(Arduino/libraries/PinChangeInterrupt/examples/PinChangeInterrupt_TickTock) by extensions ['colcon_meta']
[0.157s] Level 1:colcon.colcon_core.package_identification:_identify(Arduino/libraries/PinChangeInterrupt/examples/PinChangeInterrupt_TickTock) by extension 'colcon_meta'
[0.157s] Level 1:colcon.colcon_core.package_identification:_identify(Arduino/libraries/PinChangeInterrupt/examples/PinChangeInterrupt_TickTock) by extensions ['ros']
[0.157s] Level 1:colcon.colcon_core.package_identification:_identify(Arduino/libraries/PinChangeInterrupt/examples/PinChangeInterrupt_TickTock) by extension 'ros'
[0.157s] Level 1:colcon.colcon_core.package_identification:_identify(Arduino/libraries/PinChangeInterrupt/examples/PinChangeInterrupt_TickTock) by extensions ['cmake', 'python']
[0.157s] Level 1:colcon.colcon_core.package_identification:_identify(Arduino/libraries/PinChangeInterrupt/examples/PinChangeInterrupt_TickTock) by extension 'cmake'
[0.157s] Level 1:colcon.colcon_core.package_identification:_identify(Arduino/libraries/PinChangeInterrupt/examples/PinChangeInterrupt_TickTock) by extension 'python'
[0.157s] Level 1:colcon.colcon_core.package_identification:_identify(Arduino/libraries/PinChangeInterrupt/examples/PinChangeInterrupt_TickTock) by extensions ['python_setup_py']
[0.157s] Level 1:colcon.colcon_core.package_identification:_identify(Arduino/libraries/PinChangeInterrupt/examples/PinChangeInterrupt_TickTock) by extension 'python_setup_py'
[0.157s] Level 1:colcon.colcon_core.package_identification:_identify(Arduino/libraries/PinChangeInterrupt/src) by extensions ['ignore', 'ignore_ament_install']
[0.157s] Level 1:colcon.colcon_core.package_identification:_identify(Arduino/libraries/PinChangeInterrupt/src) by extension 'ignore'
[0.157s] Level 1:colcon.colcon_core.package_identification:_identify(Arduino/libraries/PinChangeInterrupt/src) by extension 'ignore_ament_install'
[0.157s] Level 1:colcon.colcon_core.package_identification:_identify(Arduino/libraries/PinChangeInterrupt/src) by extensions ['colcon_pkg']
[0.157s] Level 1:colcon.colcon_core.package_identification:_identify(Arduino/libraries/PinChangeInterrupt/src) by extension 'colcon_pkg'
[0.157s] Level 1:colcon.colcon_core.package_identification:_identify(Arduino/libraries/PinChangeInterrupt/src) by extensions ['colcon_meta']
[0.157s] Level 1:colcon.colcon_core.package_identification:_identify(Arduino/libraries/PinChangeInterrupt/src) by extension 'colcon_meta'
[0.157s] Level 1:colcon.colcon_core.package_identification:_identify(Arduino/libraries/PinChangeInterrupt/src) by extensions ['ros']
[0.157s] Level 1:colcon.colcon_core.package_identification:_identify(Arduino/libraries/PinChangeInterrupt/src) by extension 'ros'
[0.157s] Level 1:colcon.colcon_core.package_identification:_identify(Arduino/libraries/PinChangeInterrupt/src) by extensions ['cmake', 'python']
[0.157s] Level 1:colcon.colcon_core.package_identification:_identify(Arduino/libraries/PinChangeInterrupt/src) by extension 'cmake'
[0.157s] Level 1:colcon.colcon_core.package_identification:_identify(Arduino/libraries/PinChangeInterrupt/src) by extension 'python'
[0.157s] Level 1:colcon.colcon_core.package_identification:_identify(Arduino/libraries/PinChangeInterrupt/src) by extensions ['python_setup_py']
[0.157s] Level 1:colcon.colcon_core.package_identification:_identify(Arduino/libraries/PinChangeInterrupt/src) by extension 'python_setup_py'
[0.157s] Level 1:colcon.colcon_core.package_identification:_identify(Arduino/odometry_new) by extensions ['ignore', 'ignore_ament_install']
[0.157s] Level 1:colcon.colcon_core.package_identification:_identify(Arduino/odometry_new) by extension 'ignore'
[0.157s] Level 1:colcon.colcon_core.package_identification:_identify(Arduino/odometry_new) by extension 'ignore_ament_install'
[0.157s] Level 1:colcon.colcon_core.package_identification:_identify(Arduino/odometry_new) by extensions ['colcon_pkg']
[0.157s] Level 1:colcon.colcon_core.package_identification:_identify(Arduino/odometry_new) by extension 'colcon_pkg'
[0.158s] Level 1:colcon.colcon_core.package_identification:_identify(Arduino/odometry_new) by extensions ['colcon_meta']
[0.158s] Level 1:colcon.colcon_core.package_identification:_identify(Arduino/odometry_new) by extension 'colcon_meta'
[0.158s] Level 1:colcon.colcon_core.package_identification:_identify(Arduino/odometry_new) by extensions ['ros']
[0.158s] Level 1:colcon.colcon_core.package_identification:_identify(Arduino/odometry_new) by extension 'ros'
[0.158s] Level 1:colcon.colcon_core.package_identification:_identify(Arduino/odometry_new) by extensions ['cmake', 'python']
[0.158s] Level 1:colcon.colcon_core.package_identification:_identify(Arduino/odometry_new) by extension 'cmake'
[0.158s] Level 1:colcon.colcon_core.package_identification:_identify(Arduino/odometry_new) by extension 'python'
[0.158s] Level 1:colcon.colcon_core.package_identification:_identify(Arduino/odometry_new) by extensions ['python_setup_py']
[0.158s] Level 1:colcon.colcon_core.package_identification:_identify(Arduino/odometry_new) by extension 'python_setup_py'
[0.158s] Level 1:colcon.colcon_core.package_identification:_identify(Arduino/odometrypulse) by extensions ['ignore', 'ignore_ament_install']
[0.158s] Level 1:colcon.colcon_core.package_identification:_identify(Arduino/odometrypulse) by extension 'ignore'
[0.158s] Level 1:colcon.colcon_core.package_identification:_identify(Arduino/odometrypulse) by extension 'ignore_ament_install'
[0.158s] Level 1:colcon.colcon_core.package_identification:_identify(Arduino/odometrypulse) by extensions ['colcon_pkg']
[0.158s] Level 1:colcon.colcon_core.package_identification:_identify(Arduino/odometrypulse) by extension 'colcon_pkg'
[0.158s] Level 1:colcon.colcon_core.package_identification:_identify(Arduino/odometrypulse) by extensions ['colcon_meta']
[0.158s] Level 1:colcon.colcon_core.package_identification:_identify(Arduino/odometrypulse) by extension 'colcon_meta'
[0.158s] Level 1:colcon.colcon_core.package_identification:_identify(Arduino/odometrypulse) by extensions ['ros']
[0.158s] Level 1:colcon.colcon_core.package_identification:_identify(Arduino/odometrypulse) by extension 'ros'
[0.158s] Level 1:colcon.colcon_core.package_identification:_identify(Arduino/odometrypulse) by extensions ['cmake', 'python']
[0.158s] Level 1:colcon.colcon_core.package_identification:_identify(Arduino/odometrypulse) by extension 'cmake'
[0.158s] Level 1:colcon.colcon_core.package_identification:_identify(Arduino/odometrypulse) by extension 'python'
[0.158s] Level 1:colcon.colcon_core.package_identification:_identify(Arduino/odometrypulse) by extensions ['python_setup_py']
[0.158s] Level 1:colcon.colcon_core.package_identification:_identify(Arduino/odometrypulse) by extension 'python_setup_py'
[0.158s] Level 1:colcon.colcon_core.package_identification:_identify(Arduino/odometrypulse-malha) by extensions ['ignore', 'ignore_ament_install']
[0.158s] Level 1:colcon.colcon_core.package_identification:_identify(Arduino/odometrypulse-malha) by extension 'ignore'
[0.158s] Level 1:colcon.colcon_core.package_identification:_identify(Arduino/odometrypulse-malha) by extension 'ignore_ament_install'
[0.158s] Level 1:colcon.colcon_core.package_identification:_identify(Arduino/odometrypulse-malha) by extensions ['colcon_pkg']
[0.158s] Level 1:colcon.colcon_core.package_identification:_identify(Arduino/odometrypulse-malha) by extension 'colcon_pkg'
[0.158s] Level 1:colcon.colcon_core.package_identification:_identify(Arduino/odometrypulse-malha) by extensions ['colcon_meta']
[0.158s] Level 1:colcon.colcon_core.package_identification:_identify(Arduino/odometrypulse-malha) by extension 'colcon_meta'
[0.158s] Level 1:colcon.colcon_core.package_identification:_identify(Arduino/odometrypulse-malha) by extensions ['ros']
[0.158s] Level 1:colcon.colcon_core.package_identification:_identify(Arduino/odometrypulse-malha) by extension 'ros'
[0.158s] Level 1:colcon.colcon_core.package_identification:_identify(Arduino/odometrypulse-malha) by extensions ['cmake', 'python']
[0.158s] Level 1:colcon.colcon_core.package_identification:_identify(Arduino/odometrypulse-malha) by extension 'cmake'
[0.158s] Level 1:colcon.colcon_core.package_identification:_identify(Arduino/odometrypulse-malha) by extension 'python'
[0.158s] Level 1:colcon.colcon_core.package_identification:_identify(Arduino/odometrypulse-malha) by extensions ['python_setup_py']
[0.158s] Level 1:colcon.colcon_core.package_identification:_identify(Arduino/odometrypulse-malha) by extension 'python_setup_py'
[0.158s] Level 1:colcon.colcon_core.package_identification:_identify(build) by extensions ['ignore', 'ignore_ament_install']
[0.158s] Level 1:colcon.colcon_core.package_identification:_identify(build) by extension 'ignore'
[0.158s] Level 1:colcon.colcon_core.package_identification:_identify(build) ignored
[0.158s] Level 1:colcon.colcon_core.package_identification:_identify(install) by extensions ['ignore', 'ignore_ament_install']
[0.158s] Level 1:colcon.colcon_core.package_identification:_identify(install) by extension 'ignore'
[0.158s] Level 1:colcon.colcon_core.package_identification:_identify(install) ignored
[0.158s] Level 1:colcon.colcon_core.package_identification:_identify(log) by extensions ['ignore', 'ignore_ament_install']
[0.158s] Level 1:colcon.colcon_core.package_identification:_identify(log) by extension 'ignore'
[0.159s] Level 1:colcon.colcon_core.package_identification:_identify(log) ignored
[0.159s] Level 1:colcon.colcon_core.package_identification:_identify(mapas) by extensions ['ignore', 'ignore_ament_install']
[0.159s] Level 1:colcon.colcon_core.package_identification:_identify(mapas) by extension 'ignore'
[0.159s] Level 1:colcon.colcon_core.package_identification:_identify(mapas) by extension 'ignore_ament_install'
[0.159s] Level 1:colcon.colcon_core.package_identification:_identify(mapas) by extensions ['colcon_pkg']
[0.159s] Level 1:colcon.colcon_core.package_identification:_identify(mapas) by extension 'colcon_pkg'
[0.159s] Level 1:colcon.colcon_core.package_identification:_identify(mapas) by extensions ['colcon_meta']
[0.159s] Level 1:colcon.colcon_core.package_identification:_identify(mapas) by extension 'colcon_meta'
[0.159s] Level 1:colcon.colcon_core.package_identification:_identify(mapas) by extensions ['ros']
[0.159s] Level 1:colcon.colcon_core.package_identification:_identify(mapas) by extension 'ros'
[0.159s] Level 1:colcon.colcon_core.package_identification:_identify(mapas) by extensions ['cmake', 'python']
[0.159s] Level 1:colcon.colcon_core.package_identification:_identify(mapas) by extension 'cmake'
[0.159s] Level 1:colcon.colcon_core.package_identification:_identify(mapas) by extension 'python'
[0.159s] Level 1:colcon.colcon_core.package_identification:_identify(mapas) by extensions ['python_setup_py']
[0.159s] Level 1:colcon.colcon_core.package_identification:_identify(mapas) by extension 'python_setup_py'
[0.159s] Level 1:colcon.colcon_core.package_identification:_identify(src) by extensions ['ignore', 'ignore_ament_install']
[0.159s] Level 1:colcon.colcon_core.package_identification:_identify(src) by extension 'ignore'
[0.159s] Level 1:colcon.colcon_core.package_identification:_identify(src) by extension 'ignore_ament_install'
[0.159s] Level 1:colcon.colcon_core.package_identification:_identify(src) by extensions ['colcon_pkg']
[0.159s] Level 1:colcon.colcon_core.package_identification:_identify(src) by extension 'colcon_pkg'
[0.159s] Level 1:colcon.colcon_core.package_identification:_identify(src) by extensions ['colcon_meta']
[0.159s] Level 1:colcon.colcon_core.package_identification:_identify(src) by extension 'colcon_meta'
[0.159s] Level 1:colcon.colcon_core.package_identification:_identify(src) by extensions ['ros']
[0.159s] Level 1:colcon.colcon_core.package_identification:_identify(src) by extension 'ros'
[0.159s] Level 1:colcon.colcon_core.package_identification:_identify(src) by extensions ['cmake', 'python']
[0.159s] Level 1:colcon.colcon_core.package_identification:_identify(src) by extension 'cmake'
[0.159s] Level 1:colcon.colcon_core.package_identification:_identify(src) by extension 'python'
[0.159s] Level 1:colcon.colcon_core.package_identification:_identify(src) by extensions ['python_setup_py']
[0.159s] Level 1:colcon.colcon_core.package_identification:_identify(src) by extension 'python_setup_py'
[0.159s] Level 1:colcon.colcon_core.package_identification:_identify(src/my_robot_bringup) by extensions ['ignore', 'ignore_ament_install']
[0.159s] Level 1:colcon.colcon_core.package_identification:_identify(src/my_robot_bringup) by extension 'ignore'
[0.159s] Level 1:colcon.colcon_core.package_identification:_identify(src/my_robot_bringup) by extension 'ignore_ament_install'
[0.159s] Level 1:colcon.colcon_core.package_identification:_identify(src/my_robot_bringup) by extensions ['colcon_pkg']
[0.159s] Level 1:colcon.colcon_core.package_identification:_identify(src/my_robot_bringup) by extension 'colcon_pkg'
[0.159s] Level 1:colcon.colcon_core.package_identification:_identify(src/my_robot_bringup) by extensions ['colcon_meta']
[0.159s] Level 1:colcon.colcon_core.package_identification:_identify(src/my_robot_bringup) by extension 'colcon_meta'
[0.159s] Level 1:colcon.colcon_core.package_identification:_identify(src/my_robot_bringup) by extensions ['ros']
[0.159s] Level 1:colcon.colcon_core.package_identification:_identify(src/my_robot_bringup) by extension 'ros'
[0.160s] DEBUG:colcon.colcon_core.package_identification:Package 'src/my_robot_bringup' with type 'ros.ament_python' and name 'my_robot_bringup'
[0.160s] Level 1:colcon.colcon_core.package_identification:_identify(src/serial_com_py) by extensions ['ignore', 'ignore_ament_install']
[0.160s] Level 1:colcon.colcon_core.package_identification:_identify(src/serial_com_py) by extension 'ignore'
[0.161s] Level 1:colcon.colcon_core.package_identification:_identify(src/serial_com_py) by extension 'ignore_ament_install'
[0.161s] Level 1:colcon.colcon_core.package_identification:_identify(src/serial_com_py) by extensions ['colcon_pkg']
[0.161s] Level 1:colcon.colcon_core.package_identification:_identify(src/serial_com_py) by extension 'colcon_pkg'
[0.161s] Level 1:colcon.colcon_core.package_identification:_identify(src/serial_com_py) by extensions ['colcon_meta']
[0.161s] Level 1:colcon.colcon_core.package_identification:_identify(src/serial_com_py) by extension 'colcon_meta'
[0.161s] Level 1:colcon.colcon_core.package_identification:_identify(src/serial_com_py) by extensions ['ros']
[0.161s] Level 1:colcon.colcon_core.package_identification:_identify(src/serial_com_py) by extension 'ros'
[0.161s] DEBUG:colcon.colcon_core.package_identification:Package 'src/serial_com_py' with type 'ros.ament_python' and name 'serial_com_py'
[0.161s] Level 1:colcon.colcon_core.package_identification:_identify(src/sllidar_ros2) by extensions ['ignore', 'ignore_ament_install']
[0.161s] Level 1:colcon.colcon_core.package_identification:_identify(src/sllidar_ros2) by extension 'ignore'
[0.161s] Level 1:colcon.colcon_core.package_identification:_identify(src/sllidar_ros2) by extension 'ignore_ament_install'
[0.161s] Level 1:colcon.colcon_core.package_identification:_identify(src/sllidar_ros2) by extensions ['colcon_pkg']
[0.161s] Level 1:colcon.colcon_core.package_identification:_identify(src/sllidar_ros2) by extension 'colcon_pkg'
[0.161s] Level 1:colcon.colcon_core.package_identification:_identify(src/sllidar_ros2) by extensions ['colcon_meta']
[0.161s] Level 1:colcon.colcon_core.package_identification:_identify(src/sllidar_ros2) by extension 'colcon_meta'
[0.161s] Level 1:colcon.colcon_core.package_identification:_identify(src/sllidar_ros2) by extensions ['ros']
[0.161s] Level 1:colcon.colcon_core.package_identification:_identify(src/sllidar_ros2) by extension 'ros'
[0.162s] DEBUG:colcon.colcon_core.package_identification:Package 'src/sllidar_ros2' with type 'ros.ament_cmake' and name 'sllidar_ros2'
[0.162s] Level 1:colcon.colcon_core.package_identification:_identify(src/udh1_description) by extensions ['ignore', 'ignore_ament_install']
[0.162s] Level 1:colcon.colcon_core.package_identification:_identify(src/udh1_description) by extension 'ignore'
[0.162s] Level 1:colcon.colcon_core.package_identification:_identify(src/udh1_description) by extension 'ignore_ament_install'
[0.162s] Level 1:colcon.colcon_core.package_identification:_identify(src/udh1_description) by extensions ['colcon_pkg']
[0.162s] Level 1:colcon.colcon_core.package_identification:_identify(src/udh1_description) by extension 'colcon_pkg'
[0.162s] Level 1:colcon.colcon_core.package_identification:_identify(src/udh1_description) by extensions ['colcon_meta']
[0.162s] Level 1:colcon.colcon_core.package_identification:_identify(src/udh1_description) by extension 'colcon_meta'
[0.162s] Level 1:colcon.colcon_core.package_identification:_identify(src/udh1_description) by extensions ['ros']
[0.162s] Level 1:colcon.colcon_core.package_identification:_identify(src/udh1_description) by extension 'ros'
[0.162s] DEBUG:colcon.colcon_core.package_identification:Package 'src/udh1_description' with type 'ros.ament_cmake' and name 'udh1_description'
[0.162s] Level 1:colcon.colcon_core.package_identification:_identify(src/udh1_mapping) by extensions ['ignore', 'ignore_ament_install']
[0.162s] Level 1:colcon.colcon_core.package_identification:_identify(src/udh1_mapping) by extension 'ignore'
[0.162s] Level 1:colcon.colcon_core.package_identification:_identify(src/udh1_mapping) by extension 'ignore_ament_install'
[0.162s] Level 1:colcon.colcon_core.package_identification:_identify(src/udh1_mapping) by extensions ['colcon_pkg']
[0.162s] Level 1:colcon.colcon_core.package_identification:_identify(src/udh1_mapping) by extension 'colcon_pkg'
[0.162s] Level 1:colcon.colcon_core.package_identification:_identify(src/udh1_mapping) by extensions ['colcon_meta']
[0.162s] Level 1:colcon.colcon_core.package_identification:_identify(src/udh1_mapping) by extension 'colcon_meta'
[0.162s] Level 1:colcon.colcon_core.package_identification:_identify(src/udh1_mapping) by extensions ['ros']
[0.162s] Level 1:colcon.colcon_core.package_identification:_identify(src/udh1_mapping) by extension 'ros'
[0.162s] DEBUG:colcon.colcon_core.package_identification:Package 'src/udh1_mapping' with type 'ros.ament_python' and name 'udh1_mapping'
[0.163s] Level 1:colcon.colcon_core.package_discovery:discover_packages(recursive) using defaults
[0.163s] Level 1:colcon.colcon_core.package_discovery:discover_packages(ignore) discover
[0.163s] Level 1:colcon.colcon_core.package_discovery:discover_packages(ignore) using defaults
[0.163s] Level 1:colcon.colcon_core.package_discovery:discover_packages(path) discover
[0.163s] Level 1:colcon.colcon_core.package_discovery:discover_packages(path) using defaults
[0.173s] Level 1:colcon.colcon_core.package_discovery:discover_packages(prefix_path) check parameters
[0.173s] Level 1:colcon.colcon_core.package_discovery:discover_packages(prefix_path) discover
[0.174s] DEBUG:colcon.colcon_installed_package_information.package_discovery:Found 328 installed packages in /opt/ros/humble
[0.175s] Level 1:colcon.colcon_core.package_discovery:discover_packages(prefix_path) using defaults
[0.196s] Level 5:colcon.colcon_core.verb:set package 'my_robot_bringup' build argument 'cmake_args' from command line to 'None'
[0.196s] Level 5:colcon.colcon_core.verb:set package 'my_robot_bringup' build argument 'cmake_target' from command line to 'None'
[0.196s] Level 5:colcon.colcon_core.verb:set package 'my_robot_bringup' build argument 'cmake_target_skip_unavailable' from command line to 'False'
[0.196s] Level 5:colcon.colcon_core.verb:set package 'my_robot_bringup' build argument 'cmake_clean_cache' from command line to 'False'
[0.197s] Level 5:colcon.colcon_core.verb:set package 'my_robot_bringup' build argument 'cmake_clean_first' from command line to 'False'
[0.197s] Level 5:colcon.colcon_core.verb:set package 'my_robot_bringup' build argument 'cmake_force_configure' from command line to 'False'
[0.197s] Level 5:colcon.colcon_core.verb:set package 'my_robot_bringup' build argument 'ament_cmake_args' from command line to 'None'
[0.197s] Level 5:colcon.colcon_core.verb:set package 'my_robot_bringup' build argument 'catkin_cmake_args' from command line to 'None'
[0.197s] Level 5:colcon.colcon_core.verb:set package 'my_robot_bringup' build argument 'catkin_skip_building_tests' from command line to 'False'
[0.197s] DEBUG:colcon.colcon_core.verb:Building package 'my_robot_bringup' with the following arguments: {'ament_cmake_args': None, 'build_base': '/home/majuste/Programação/ROS2/UDH1/Navigation/build/my_robot_bringup', 'catkin_cmake_args': None, 'catkin_skip_building_tests': False, 'cmake_args': None, 'cmake_clean_cache': False, 'cmake_clean_first': False, 'cmake_force_configure': False, 'cmake_target': None, 'cmake_target_skip_unavailable': False, 'install_base': '/home/majuste/Programação/ROS2/UDH1/Navigation/install/my_robot_bringup', 'merge_install': False, 'path': '/home/majuste/Programação/ROS2/UDH1/Navigation/src/my_robot_bringup', 'symlink_install': True, 'test_result_base': None}
[0.197s] Level 5:colcon.colcon_core.verb:set package 'serial_com_py' build argument 'cmake_args' from command line to 'None'
[0.197s] Level 5:colcon.colcon_core.verb:set package 'serial_com_py' build argument 'cmake_target' from command line to 'None'
[0.197s] Level 5:colcon.colcon_core.verb:set package 'serial_com_py' build argument 'cmake_target_skip_unavailable' from command line to 'False'
[0.197s] Level 5:colcon.colcon_core.verb:set package 'serial_com_py' build argument 'cmake_clean_cache' from command line to 'False'
[0.197s] Level 5:colcon.colcon_core.verb:set package 'serial_com_py' build argument 'cmake_clean_first' from command line to 'False'
[0.197s] Level 5:colcon.colcon_core.verb:set package 'serial_com_py' build argument 'cmake_force_configure' from command line to 'False'
[0.197s] Level 5:colcon.colcon_core.verb:set package 'serial_com_py' build argument 'ament_cmake_args' from command line to 'None'
[0.197s] Level 5:colcon.colcon_core.verb:set package 'serial_com_py' build argument 'catkin_cmake_args' from command line to 'None'
[0.197s] Level 5:colcon.colcon_core.verb:set package 'serial_com_py' build argument 'catkin_skip_building_tests' from command line to 'False'
[0.197s] DEBUG:colcon.colcon_core.verb:Building package 'serial_com_py' with the following arguments: {'ament_cmake_args': None, 'build_base': '/home/majuste/Programação/ROS2/UDH1/Navigation/build/serial_com_py', 'catkin_cmake_args': None, 'catkin_skip_building_tests': False, 'cmake_args': None, 'cmake_clean_cache': False, 'cmake_clean_first': False, 'cmake_force_configure': False, 'cmake_target': None, 'cmake_target_skip_unavailable': False, 'install_base': '/home/majuste/Programação/ROS2/UDH1/Navigation/install/serial_com_py', 'merge_install': False, 'path': '/home/majuste/Programação/ROS2/UDH1/Navigation/src/serial_com_py', 'symlink_install': True, 'test_result_base': None}
[0.197s] Level 5:colcon.colcon_core.verb:set package 'sllidar_ros2' build argument 'cmake_args' from command line to 'None'
[0.197s] Level 5:colcon.colcon_core.verb:set package 'sllidar_ros2' build argument 'cmake_target' from command line to 'None'
[0.197s] Level 5:colcon.colcon_core.verb:set package 'sllidar_ros2' build argument 'cmake_target_skip_unavailable' from command line to 'False'
[0.197s] Level 5:colcon.colcon_core.verb:set package 'sllidar_ros2' build argument 'cmake_clean_cache' from command line to 'False'
[0.197s] Level 5:colcon.colcon_core.verb:set package 'sllidar_ros2' build argument 'cmake_clean_first' from command line to 'False'
[0.197s] Level 5:colcon.colcon_core.verb:set package 'sllidar_ros2' build argument 'cmake_force_configure' from command line to 'False'
[0.197s] Level 5:colcon.colcon_core.verb:set package 'sllidar_ros2' build argument 'ament_cmake_args' from command line to 'None'
[0.197s] Level 5:colcon.colcon_core.verb:set package 'sllidar_ros2' build argument 'catkin_cmake_args' from command line to 'None'
[0.197s] Level 5:colcon.colcon_core.verb:set package 'sllidar_ros2' build argument 'catkin_skip_building_tests' from command line to 'False'
[0.197s] DEBUG:colcon.colcon_core.verb:Building package 'sllidar_ros2' with the following arguments: {'ament_cmake_args': None, 'build_base': '/home/majuste/Programação/ROS2/UDH1/Navigation/build/sllidar_ros2', 'catkin_cmake_args': None, 'catkin_skip_building_tests': False, 'cmake_args': None, 'cmake_clean_cache': False, 'cmake_clean_first': False, 'cmake_force_configure': False, 'cmake_target': None, 'cmake_target_skip_unavailable': False, 'install_base': '/home/majuste/Programação/ROS2/UDH1/Navigation/install/sllidar_ros2', 'merge_install': False, 'path': '/home/majuste/Programação/ROS2/UDH1/Navigation/src/sllidar_ros2', 'symlink_install': True, 'test_result_base': None}
[0.197s] Level 5:colcon.colcon_core.verb:set package 'udh1_description' build argument 'cmake_args' from command line to 'None'
[0.197s] Level 5:colcon.colcon_core.verb:set package 'udh1_description' build argument 'cmake_target' from command line to 'None'
[0.197s] Level 5:colcon.colcon_core.verb:set package 'udh1_description' build argument 'cmake_target_skip_unavailable' from command line to 'False'
[0.197s] Level 5:colcon.colcon_core.verb:set package 'udh1_description' build argument 'cmake_clean_cache' from command line to 'False'
[0.197s] Level 5:colcon.colcon_core.verb:set package 'udh1_description' build argument 'cmake_clean_first' from command line to 'False'
[0.197s] Level 5:colcon.colcon_core.verb:set package 'udh1_description' build argument 'cmake_force_configure' from command line to 'False'
[0.197s] Level 5:colcon.colcon_core.verb:set package 'udh1_description' build argument 'ament_cmake_args' from command line to 'None'
[0.197s] Level 5:colcon.colcon_core.verb:set package 'udh1_description' build argument 'catkin_cmake_args' from command line to 'None'
[0.197s] Level 5:colcon.colcon_core.verb:set package 'udh1_description' build argument 'catkin_skip_building_tests' from command line to 'False'
[0.197s] DEBUG:colcon.colcon_core.verb:Building package 'udh1_description' with the following arguments: {'ament_cmake_args': None, 'build_base': '/home/majuste/Programação/ROS2/UDH1/Navigation/build/udh1_description', 'catkin_cmake_args': None, 'catkin_skip_building_tests': False, 'cmake_args': None, 'cmake_clean_cache': False, 'cmake_clean_first': False, 'cmake_force_configure': False, 'cmake_target': None, 'cmake_target_skip_unavailable': False, 'install_base': '/home/majuste/Programação/ROS2/UDH1/Navigation/install/udh1_description', 'merge_install': False, 'path': '/home/majuste/Programação/ROS2/UDH1/Navigation/src/udh1_description', 'symlink_install': True, 'test_result_base': None}
[0.197s] Level 5:colcon.colcon_core.verb:set package 'udh1_mapping' build argument 'cmake_args' from command line to 'None'
[0.197s] Level 5:colcon.colcon_core.verb:set package 'udh1_mapping' build argument 'cmake_target' from command line to 'None'
[0.197s] Level 5:colcon.colcon_core.verb:set package 'udh1_mapping' build argument 'cmake_target_skip_unavailable' from command line to 'False'
[0.197s] Level 5:colcon.colcon_core.verb:set package 'udh1_mapping' build argument 'cmake_clean_cache' from command line to 'False'
[0.197s] Level 5:colcon.colcon_core.verb:set package 'udh1_mapping' build argument 'cmake_clean_first' from command line to 'False'
[0.197s] Level 5:colcon.colcon_core.verb:set package 'udh1_mapping' build argument 'cmake_force_configure' from command line to 'False'
[0.197s] Level 5:colcon.colcon_core.verb:set package 'udh1_mapping' build argument 'ament_cmake_args' from command line to 'None'
[0.197s] Level 5:colcon.colcon_core.verb:set package 'udh1_mapping' build argument 'catkin_cmake_args' from command line to 'None'
[0.197s] Level 5:colcon.colcon_core.verb:set package 'udh1_mapping' build argument 'catkin_skip_building_tests' from command line to 'False'
[0.198s] DEBUG:colcon.colcon_core.verb:Building package 'udh1_mapping' with the following arguments: {'ament_cmake_args': None, 'build_base': '/home/majuste/Programação/ROS2/UDH1/Navigation/build/udh1_mapping', 'catkin_cmake_args': None, 'catkin_skip_building_tests': False, 'cmake_args': None, 'cmake_clean_cache': False, 'cmake_clean_first': False, 'cmake_force_configure': False, 'cmake_target': None, 'cmake_target_skip_unavailable': False, 'install_base': '/home/majuste/Programação/ROS2/UDH1/Navigation/install/udh1_mapping', 'merge_install': False, 'path': '/home/majuste/Programação/ROS2/UDH1/Navigation/src/udh1_mapping', 'symlink_install': True, 'test_result_base': None}
[0.198s] INFO:colcon.colcon_core.executor:Executing jobs using 'parallel' executor
[0.198s] DEBUG:colcon.colcon_parallel_executor.executor.parallel:run_until_complete
[0.198s] INFO:colcon.colcon_ros.task.ament_python.build:Building ROS package in '/home/majuste/Programação/ROS2/UDH1/Navigation/src/my_robot_bringup' with build type 'ament_python'
[0.199s] Level 1:colcon.colcon_core.shell:create_environment_hook('my_robot_bringup', 'ament_prefix_path')
[0.200s] INFO:colcon.colcon_core.plugin_system:Skipping extension 'colcon_core.shell.bat': Not used on non-Windows systems
[0.200s] INFO:colcon.colcon_core.shell:Creating environment hook '/home/majuste/Programação/ROS2/UDH1/Navigation/install/my_robot_bringup/share/my_robot_bringup/hook/ament_prefix_path.ps1'
[0.200s] INFO:colcon.colcon_core.shell:Creating environment descriptor '/home/majuste/Programação/ROS2/UDH1/Navigation/install/my_robot_bringup/share/my_robot_bringup/hook/ament_prefix_path.dsv'
[0.200s] INFO:colcon.colcon_core.shell:Creating environment hook '/home/majuste/Programação/ROS2/UDH1/Navigation/install/my_robot_bringup/share/my_robot_bringup/hook/ament_prefix_path.sh'
[0.201s] INFO:colcon.colcon_core.shell:Skip shell extension 'powershell' for command environment: Not usable outside of PowerShell
[0.201s] DEBUG:colcon.colcon_core.shell:Skip shell extension 'dsv' for command environment
[0.202s] INFO:colcon.colcon_ros.task.ament_python.build:Building ROS package in '/home/majuste/Programação/ROS2/UDH1/Navigation/src/serial_com_py' with build type 'ament_python'
[0.203s] Level 1:colcon.colcon_core.shell:create_environment_hook('serial_com_py', 'ament_prefix_path')
[0.203s] INFO:colcon.colcon_core.shell:Creating environment hook '/home/majuste/Programação/ROS2/UDH1/Navigation/install/serial_com_py/share/serial_com_py/hook/ament_prefix_path.ps1'
[0.203s] INFO:colcon.colcon_core.shell:Creating environment descriptor '/home/majuste/Programação/ROS2/UDH1/Navigation/install/serial_com_py/share/serial_com_py/hook/ament_prefix_path.dsv'
[0.203s] INFO:colcon.colcon_core.shell:Creating environment hook '/home/majuste/Programação/ROS2/UDH1/Navigation/install/serial_com_py/share/serial_com_py/hook/ament_prefix_path.sh'
[0.203s] INFO:colcon.colcon_core.shell:Skip shell extension 'powershell' for command environment: Not usable outside of PowerShell
[0.203s] DEBUG:colcon.colcon_core.shell:Skip shell extension 'dsv' for command environment
[0.205s] INFO:colcon.colcon_ros.task.ament_cmake.build:Building ROS package in '/home/majuste/Programação/ROS2/UDH1/Navigation/src/sllidar_ros2' with build type 'ament_cmake'
[0.205s] INFO:colcon.colcon_cmake.task.cmake.build:Building CMake package in '/home/majuste/Programação/ROS2/UDH1/Navigation/src/sllidar_ros2'
[0.205s] INFO:colcon.colcon_core.shell:Skip shell extension 'powershell' for command environment: Not usable outside of PowerShell
[0.205s] DEBUG:colcon.colcon_core.shell:Skip shell extension 'dsv' for command environment
[0.207s] INFO:colcon.colcon_ros.task.ament_cmake.build:Building ROS package in '/home/majuste/Programação/ROS2/UDH1/Navigation/src/udh1_description' with build type 'ament_cmake'
[0.207s] INFO:colcon.colcon_cmake.task.cmake.build:Building CMake package in '/home/majuste/Programação/ROS2/UDH1/Navigation/src/udh1_description'
[0.207s] INFO:colcon.colcon_core.shell:Skip shell extension 'powershell' for command environment: Not usable outside of PowerShell
[0.207s] DEBUG:colcon.colcon_core.shell:Skip shell extension 'dsv' for command environment
[0.209s] INFO:colcon.colcon_ros.task.ament_python.build:Building ROS package in '/home/majuste/Programação/ROS2/UDH1/Navigation/src/udh1_mapping' with build type 'ament_python'
[0.209s] Level 1:colcon.colcon_core.shell:create_environment_hook('udh1_mapping', 'ament_prefix_path')
[0.209s] INFO:colcon.colcon_core.shell:Creating environment hook '/home/majuste/Programação/ROS2/UDH1/Navigation/install/udh1_mapping/share/udh1_mapping/hook/ament_prefix_path.ps1'
[0.209s] INFO:colcon.colcon_core.shell:Creating environment descriptor '/home/majuste/Programação/ROS2/UDH1/Navigation/install/udh1_mapping/share/udh1_mapping/hook/ament_prefix_path.dsv'
[0.209s] INFO:colcon.colcon_core.shell:Creating environment hook '/home/majuste/Programação/ROS2/UDH1/Navigation/install/udh1_mapping/share/udh1_mapping/hook/ament_prefix_path.sh'
[0.209s] INFO:colcon.colcon_core.shell:Skip shell extension 'powershell' for command environment: Not usable outside of PowerShell
[0.209s] DEBUG:colcon.colcon_core.shell:Skip shell extension 'dsv' for command environment
[0.331s] INFO:colcon.colcon_core.task.python.build:Building Python package in '/home/majuste/Programação/ROS2/UDH1/Navigation/src/my_robot_bringup'
[0.332s] INFO:colcon.colcon_core.shell:Skip shell extension 'powershell' for command environment: Not usable outside of PowerShell
[0.332s] DEBUG:colcon.colcon_core.shell:Skip shell extension 'dsv' for command environment
[0.452s] INFO:colcon.colcon_core.task.python.build:Building Python package in '/home/majuste/Programação/ROS2/UDH1/Navigation/src/serial_com_py'
[0.452s] INFO:colcon.colcon_core.shell:Skip shell extension 'powershell' for command environment: Not usable outside of PowerShell
[0.452s] DEBUG:colcon.colcon_core.shell:Skip shell extension 'dsv' for command environment
[0.456s] DEBUG:colcon.colcon_core.event_handler.log_command:Invoking command in '/home/majuste/Programação/ROS2/UDH1/Navigation/build/sllidar_ros2': CMAKE_PREFIX_PATH=/opt/ros/humble DEBUGINFOD_URLS=https://debuginfod.archlinux.org PS1=[\u@\h \W]\$ /usr/bin/cmake --build /home/majuste/Programação/ROS2/UDH1/Navigation/build/sllidar_ros2 -- -j24 -l24
[0.458s] DEBUG:colcon.colcon_core.event_handler.log_command:Invoking command in '/home/majuste/Programação/ROS2/UDH1/Navigation/build/udh1_description': CMAKE_PREFIX_PATH=/opt/ros/humble DEBUGINFOD_URLS=https://debuginfod.archlinux.org PS1=[\u@\h \W]\$ /usr/bin/cmake --build /home/majuste/Programação/ROS2/UDH1/Navigation/build/udh1_description -- -j24 -l24
[0.580s] INFO:colcon.colcon_core.task.python.build:Building Python package in '/home/majuste/Programação/ROS2/UDH1/Navigation/src/udh1_mapping'
[0.580s] INFO:colcon.colcon_core.shell:Skip shell extension 'powershell' for command environment: Not usable outside of PowerShell
[0.580s] DEBUG:colcon.colcon_core.shell:Skip shell extension 'dsv' for command environment
[0.584s] DEBUG:colcon.colcon_core.event_handler.log_command:Invoked command in '/home/majuste/Programação/ROS2/UDH1/Navigation/build/sllidar_ros2' returned '0': CMAKE_PREFIX_PATH=/opt/ros/humble DEBUGINFOD_URLS=https://debuginfod.archlinux.org PS1=[\u@\h \W]\$ /usr/bin/cmake --build /home/majuste/Programação/ROS2/UDH1/Navigation/build/sllidar_ros2 -- -j24 -l24
[0.590s] DEBUG:colcon.colcon_core.event_handler.log_command:Invoking command in '/home/majuste/Programação/ROS2/UDH1/Navigation/build/sllidar_ros2': CMAKE_PREFIX_PATH=/opt/ros/humble DEBUGINFOD_URLS=https://debuginfod.archlinux.org PS1=[\u@\h \W]\$ /usr/bin/cmake --install /home/majuste/Programação/ROS2/UDH1/Navigation/build/sllidar_ros2
[0.728s] DEBUG:colcon.colcon_core.event_handler.log_command:Invoking command in '/home/majuste/Programação/ROS2/UDH1/Navigation/build/my_robot_bringup': DEBUGINFOD_URLS=https://debuginfod.archlinux.org PS1=[\u@\h \W]\$ PYTHONPATH=/home/majuste/Programação/ROS2/UDH1/Navigation/build/my_robot_bringup/prefix_override:/home/majuste/.local/lib/python3.10/site-packages/colcon_core/task/python/colcon_distutils_commands:/home/majuste/Programação/ROS2/UDH1/Navigation/install/my_robot_bringup/lib/python3.10/site-packages:${PYTHONPATH} /usr/bin/python3 -W ignore:setup.py install is deprecated -W ignore:easy_install command is deprecated setup.py develop --editable --build-directory /home/majuste/Programação/ROS2/UDH1/Navigation/build/my_robot_bringup/build --no-deps symlink_data
[0.736s] DEBUG:colcon.colcon_core.event_handler.log_command:Invoking command in '/home/majuste/Programação/ROS2/UDH1/Navigation/build/serial_com_py': DEBUGINFOD_URLS=https://debuginfod.archlinux.org PS1=[\u@\h \W]\$ PYTHONPATH=/home/majuste/Programação/ROS2/UDH1/Navigation/build/serial_com_py/prefix_override:/home/majuste/.local/lib/python3.10/site-packages/colcon_core/task/python/colcon_distutils_commands:/home/majuste/Programação/ROS2/UDH1/Navigation/install/serial_com_py/lib/python3.10/site-packages:${PYTHONPATH} /usr/bin/python3 -W ignore:setup.py install is deprecated -W ignore:easy_install command is deprecated setup.py develop --editable --build-directory /home/majuste/Programação/ROS2/UDH1/Navigation/build/serial_com_py/build --no-deps symlink_data
[0.743s] DEBUG:colcon.colcon_core.event_handler.log_command:Invoking command in '/home/majuste/Programação/ROS2/UDH1/Navigation/build/udh1_mapping': DEBUGINFOD_URLS=https://debuginfod.archlinux.org PS1=[\u@\h \W]\$ PYTHONPATH=/home/majuste/Programação/ROS2/UDH1/Navigation/build/udh1_mapping/prefix_override:/home/majuste/.local/lib/python3.10/site-packages/colcon_core/task/python/colcon_distutils_commands:/home/majuste/Programação/ROS2/UDH1/Navigation/install/udh1_mapping/lib/python3.10/site-packages:${PYTHONPATH} /usr/bin/python3 -W ignore:setup.py install is deprecated -W ignore:easy_install command is deprecated setup.py develop --editable --build-directory /home/majuste/Programação/ROS2/UDH1/Navigation/build/udh1_mapping/build --no-deps symlink_data
[0.872s] DEBUG:colcon.colcon_core.event_handler.log_command:Invoked command in '/home/majuste/Programação/ROS2/UDH1/Navigation/build/udh1_description' returned '0': CMAKE_PREFIX_PATH=/opt/ros/humble DEBUGINFOD_URLS=https://debuginfod.archlinux.org PS1=[\u@\h \W]\$ /usr/bin/cmake --build /home/majuste/Programação/ROS2/UDH1/Navigation/build/udh1_description -- -j24 -l24
[0.873s] DEBUG:colcon.colcon_core.event_handler.log_command:Invoking command in '/home/majuste/Programação/ROS2/UDH1/Navigation/build/udh1_description': CMAKE_PREFIX_PATH=/opt/ros/humble DEBUGINFOD_URLS=https://debuginfod.archlinux.org PS1=[\u@\h \W]\$ /usr/bin/cmake --install /home/majuste/Programação/ROS2/UDH1/Navigation/build/udh1_description
[0.918s] Level 1:colcon.colcon_core.shell:create_environment_hook('my_robot_bringup', 'pythonpath_develop')
[0.919s] INFO:colcon.colcon_core.shell:Creating environment hook '/home/majuste/Programação/ROS2/UDH1/Navigation/build/my_robot_bringup/share/my_robot_bringup/hook/pythonpath_develop.ps1'
[0.919s] DEBUG:colcon.colcon_core.event_handler.log_command:Invoked command in '/home/majuste/Programação/ROS2/UDH1/Navigation/build/my_robot_bringup' returned '0': DEBUGINFOD_URLS=https://debuginfod.archlinux.org PS1=[\u@\h \W]\$ PYTHONPATH=/home/majuste/Programação/ROS2/UDH1/Navigation/build/my_robot_bringup/prefix_override:/home/majuste/.local/lib/python3.10/site-packages/colcon_core/task/python/colcon_distutils_commands:/home/majuste/Programação/ROS2/UDH1/Navigation/install/my_robot_bringup/lib/python3.10/site-packages:${PYTHONPATH} /usr/bin/python3 -W ignore:setup.py install is deprecated -W ignore:easy_install command is deprecated setup.py develop --editable --build-directory /home/majuste/Programação/ROS2/UDH1/Navigation/build/my_robot_bringup/build --no-deps symlink_data
[0.919s] INFO:colcon.colcon_core.shell:Creating environment descriptor '/home/majuste/Programação/ROS2/UDH1/Navigation/build/my_robot_bringup/share/my_robot_bringup/hook/pythonpath_develop.dsv'
[0.919s] INFO:colcon.colcon_core.shell:Creating environment hook '/home/majuste/Programação/ROS2/UDH1/Navigation/build/my_robot_bringup/share/my_robot_bringup/hook/pythonpath_develop.sh'
[0.921s] Level 1:colcon.colcon_core.environment:checking '/home/majuste/Programação/ROS2/UDH1/Navigation/install/my_robot_bringup' for CMake module files
[0.921s] Level 1:colcon.colcon_core.environment:checking '/home/majuste/Programação/ROS2/UDH1/Navigation/install/my_robot_bringup' for CMake config files
[0.922s] Level 1:colcon.colcon_core.environment:checking '/home/majuste/Programação/ROS2/UDH1/Navigation/install/my_robot_bringup/lib'
[0.922s] Level 1:colcon.colcon_core.environment:checking '/home/majuste/Programação/ROS2/UDH1/Navigation/install/my_robot_bringup/bin'
[0.922s] Level 1:colcon.colcon_core.environment:checking '/home/majuste/Programação/ROS2/UDH1/Navigation/install/my_robot_bringup/lib/pkgconfig/my_robot_bringup.pc'
[0.922s] Level 1:colcon.colcon_core.environment:checking '/home/majuste/Programação/ROS2/UDH1/Navigation/install/my_robot_bringup/lib/python3.10/site-packages'
[0.922s] Level 1:colcon.colcon_core.shell:create_environment_hook('my_robot_bringup', 'pythonpath')
[0.922s] INFO:colcon.colcon_core.shell:Creating environment hook '/home/majuste/Programação/ROS2/UDH1/Navigation/install/my_robot_bringup/share/my_robot_bringup/hook/pythonpath.ps1'
[0.922s] INFO:colcon.colcon_core.shell:Creating environment descriptor '/home/majuste/Programação/ROS2/UDH1/Navigation/install/my_robot_bringup/share/my_robot_bringup/hook/pythonpath.dsv'
[0.923s] INFO:colcon.colcon_core.shell:Creating environment hook '/home/majuste/Programação/ROS2/UDH1/Navigation/install/my_robot_bringup/share/my_robot_bringup/hook/pythonpath.sh'
[0.923s] Level 1:colcon.colcon_core.environment:checking '/home/majuste/Programação/ROS2/UDH1/Navigation/install/my_robot_bringup/bin'
[0.923s] Level 1:colcon.colcon_core.environment:create_environment_scripts_only(my_robot_bringup)
[0.923s] INFO:colcon.colcon_core.shell:Creating package script '/home/majuste/Programação/ROS2/UDH1/Navigation/install/my_robot_bringup/share/my_robot_bringup/package.ps1'
[0.924s] INFO:colcon.colcon_core.shell:Creating package descriptor '/home/majuste/Programação/ROS2/UDH1/Navigation/install/my_robot_bringup/share/my_robot_bringup/package.dsv'
[0.924s] INFO:colcon.colcon_core.shell:Creating package script '/home/majuste/Programação/ROS2/UDH1/Navigation/install/my_robot_bringup/share/my_robot_bringup/package.sh'
[0.924s] INFO:colcon.colcon_core.shell:Creating package script '/home/majuste/Programação/ROS2/UDH1/Navigation/install/my_robot_bringup/share/my_robot_bringup/package.bash'
[0.925s] INFO:colcon.colcon_core.shell:Creating package script '/home/majuste/Programação/ROS2/UDH1/Navigation/install/my_robot_bringup/share/my_robot_bringup/package.zsh'
[0.925s] Level 1:colcon.colcon_core.environment:create_file_with_runtime_dependencies(/home/majuste/Programação/ROS2/UDH1/Navigation/install/my_robot_bringup/share/colcon-core/packages/my_robot_bringup)
[0.925s] Level 1:colcon.colcon_core.shell:create_environment_hook('serial_com_py', 'pythonpath_develop')
[0.925s] INFO:colcon.colcon_core.shell:Creating environment hook '/home/majuste/Programação/ROS2/UDH1/Navigation/build/serial_com_py/share/serial_com_py/hook/pythonpath_develop.ps1'
[0.926s] DEBUG:colcon.colcon_core.event_handler.log_command:Invoked command in '/home/majuste/Programação/ROS2/UDH1/Navigation/build/serial_com_py' returned '0': DEBUGINFOD_URLS=https://debuginfod.archlinux.org PS1=[\u@\h \W]\$ PYTHONPATH=/home/majuste/Programação/ROS2/UDH1/Navigation/build/serial_com_py/prefix_override:/home/majuste/.local/lib/python3.10/site-packages/colcon_core/task/python/colcon_distutils_commands:/home/majuste/Programação/ROS2/UDH1/Navigation/install/serial_com_py/lib/python3.10/site-packages:${PYTHONPATH} /usr/bin/python3 -W ignore:setup.py install is deprecated -W ignore:easy_install command is deprecated setup.py develop --editable --build-directory /home/majuste/Programação/ROS2/UDH1/Navigation/build/serial_com_py/build --no-deps symlink_data
[0.926s] INFO:colcon.colcon_core.shell:Creating environment descriptor '/home/majuste/Programação/ROS2/UDH1/Navigation/build/serial_com_py/share/serial_com_py/hook/pythonpath_develop.dsv'
[0.926s] INFO:colcon.colcon_core.shell:Creating environment hook '/home/majuste/Programação/ROS2/UDH1/Navigation/build/serial_com_py/share/serial_com_py/hook/pythonpath_develop.sh'
[0.926s] Level 1:colcon.colcon_core.environment:checking '/home/majuste/Programação/ROS2/UDH1/Navigation/install/serial_com_py' for CMake module files
[0.927s] Level 1:colcon.colcon_core.environment:checking '/home/majuste/Programação/ROS2/UDH1/Navigation/install/serial_com_py' for CMake config files
[0.927s] Level 1:colcon.colcon_core.environment:checking '/home/majuste/Programação/ROS2/UDH1/Navigation/install/serial_com_py/lib'
[0.927s] Level 1:colcon.colcon_core.environment:checking '/home/majuste/Programação/ROS2/UDH1/Navigation/install/serial_com_py/bin'
[0.927s] Level 1:colcon.colcon_core.environment:checking '/home/majuste/Programação/ROS2/UDH1/Navigation/install/serial_com_py/lib/pkgconfig/serial_com_py.pc'
[0.927s] Level 1:colcon.colcon_core.environment:checking '/home/majuste/Programação/ROS2/UDH1/Navigation/install/serial_com_py/lib/python3.10/site-packages'
[0.927s] Level 1:colcon.colcon_core.shell:create_environment_hook('serial_com_py', 'pythonpath')
[0.927s] INFO:colcon.colcon_core.shell:Creating environment hook '/home/majuste/Programação/ROS2/UDH1/Navigation/install/serial_com_py/share/serial_com_py/hook/pythonpath.ps1'
[0.927s] INFO:colcon.colcon_core.shell:Creating environment descriptor '/home/majuste/Programação/ROS2/UDH1/Navigation/install/serial_com_py/share/serial_com_py/hook/pythonpath.dsv'
[0.927s] INFO:colcon.colcon_core.shell:Creating environment hook '/home/majuste/Programação/ROS2/UDH1/Navigation/install/serial_com_py/share/serial_com_py/hook/pythonpath.sh'
[0.928s] Level 1:colcon.colcon_core.environment:checking '/home/majuste/Programação/ROS2/UDH1/Navigation/install/serial_com_py/bin'
[0.928s] Level 1:colcon.colcon_core.environment:create_environment_scripts_only(serial_com_py)
[0.928s] INFO:colcon.colcon_core.shell:Creating package script '/home/majuste/Programação/ROS2/UDH1/Navigation/install/serial_com_py/share/serial_com_py/package.ps1'
[0.928s] INFO:colcon.colcon_core.shell:Creating package descriptor '/home/majuste/Programação/ROS2/UDH1/Navigation/install/serial_com_py/share/serial_com_py/package.dsv'
[0.928s] INFO:colcon.colcon_core.shell:Creating package script '/home/majuste/Programação/ROS2/UDH1/Navigation/install/serial_com_py/share/serial_com_py/package.sh'
[0.929s] INFO:colcon.colcon_core.shell:Creating package script '/home/majuste/Programação/ROS2/UDH1/Navigation/install/serial_com_py/share/serial_com_py/package.bash'
[0.929s] INFO:colcon.colcon_core.shell:Creating package script '/home/majuste/Programação/ROS2/UDH1/Navigation/install/serial_com_py/share/serial_com_py/package.zsh'
[0.929s] Level 1:colcon.colcon_core.environment:create_file_with_runtime_dependencies(/home/majuste/Programação/ROS2/UDH1/Navigation/install/serial_com_py/share/colcon-core/packages/serial_com_py)
[0.936s] Level 1:colcon.colcon_core.shell:create_environment_hook('udh1_mapping', 'pythonpath_develop')
[0.936s] INFO:colcon.colcon_core.shell:Creating environment hook '/home/majuste/Programação/ROS2/UDH1/Navigation/build/udh1_mapping/share/udh1_mapping/hook/pythonpath_develop.ps1'
[0.937s] DEBUG:colcon.colcon_core.event_handler.log_command:Invoked command in '/home/majuste/Programação/ROS2/UDH1/Navigation/build/udh1_mapping' returned '0': DEBUGINFOD_URLS=https://debuginfod.archlinux.org PS1=[\u@\h \W]\$ PYTHONPATH=/home/majuste/Programação/ROS2/UDH1/Navigation/build/udh1_mapping/prefix_override:/home/majuste/.local/lib/python3.10/site-packages/colcon_core/task/python/colcon_distutils_commands:/home/majuste/Programação/ROS2/UDH1/Navigation/install/udh1_mapping/lib/python3.10/site-packages:${PYTHONPATH} /usr/bin/python3 -W ignore:setup.py install is deprecated -W ignore:easy_install command is deprecated setup.py develop --editable --build-directory /home/majuste/Programação/ROS2/UDH1/Navigation/build/udh1_mapping/build --no-deps symlink_data
[0.937s] INFO:colcon.colcon_core.shell:Creating environment descriptor '/home/majuste/Programação/ROS2/UDH1/Navigation/build/udh1_mapping/share/udh1_mapping/hook/pythonpath_develop.dsv'
[0.937s] INFO:colcon.colcon_core.shell:Creating environment hook '/home/majuste/Programação/ROS2/UDH1/Navigation/build/udh1_mapping/share/udh1_mapping/hook/pythonpath_develop.sh'
[0.937s] Level 1:colcon.colcon_core.environment:checking '/home/majuste/Programação/ROS2/UDH1/Navigation/install/udh1_mapping' for CMake module files
[0.937s] Level 1:colcon.colcon_core.environment:checking '/home/majuste/Programação/ROS2/UDH1/Navigation/install/udh1_mapping' for CMake config files
[0.938s] Level 1:colcon.colcon_core.environment:checking '/home/majuste/Programação/ROS2/UDH1/Navigation/install/udh1_mapping/lib'
[0.938s] Level 1:colcon.colcon_core.environment:checking '/home/majuste/Programação/ROS2/UDH1/Navigation/install/udh1_mapping/bin'
[0.938s] Level 1:colcon.colcon_core.environment:checking '/home/majuste/Programação/ROS2/UDH1/Navigation/install/udh1_mapping/lib/pkgconfig/udh1_mapping.pc'
[0.938s] Level 1:colcon.colcon_core.environment:checking '/home/majuste/Programação/ROS2/UDH1/Navigation/install/udh1_mapping/lib/python3.10/site-packages'
[0.938s] Level 1:colcon.colcon_core.shell:create_environment_hook('udh1_mapping', 'pythonpath')
[0.938s] INFO:colcon.colcon_core.shell:Creating environment hook '/home/majuste/Programação/ROS2/UDH1/Navigation/install/udh1_mapping/share/udh1_mapping/hook/pythonpath.ps1'
[0.938s] INFO:colcon.colcon_core.shell:Creating environment descriptor '/home/majuste/Programação/ROS2/UDH1/Navigation/install/udh1_mapping/share/udh1_mapping/hook/pythonpath.dsv'
[0.938s] INFO:colcon.colcon_core.shell:Creating environment hook '/home/majuste/Programação/ROS2/UDH1/Navigation/install/udh1_mapping/share/udh1_mapping/hook/pythonpath.sh'
[0.939s] Level 1:colcon.colcon_core.environment:checking '/home/majuste/Programação/ROS2/UDH1/Navigation/install/udh1_mapping/bin'
[0.939s] Level 1:colcon.colcon_core.environment:create_environment_scripts_only(udh1_mapping)
[0.939s] INFO:colcon.colcon_core.shell:Creating package script '/home/majuste/Programação/ROS2/UDH1/Navigation/install/udh1_mapping/share/udh1_mapping/package.ps1'
[0.939s] INFO:colcon.colcon_core.shell:Creating package descriptor '/home/majuste/Programação/ROS2/UDH1/Navigation/install/udh1_mapping/share/udh1_mapping/package.dsv'
[0.939s] INFO:colcon.colcon_core.shell:Creating package script '/home/majuste/Programação/ROS2/UDH1/Navigation/install/udh1_mapping/share/udh1_mapping/package.sh'
[0.940s] INFO:colcon.colcon_core.shell:Creating package script '/home/majuste/Programação/ROS2/UDH1/Navigation/install/udh1_mapping/share/udh1_mapping/package.bash'
[0.940s] INFO:colcon.colcon_core.shell:Creating package script '/home/majuste/Programação/ROS2/UDH1/Navigation/install/udh1_mapping/share/udh1_mapping/package.zsh'
[0.940s] Level 1:colcon.colcon_core.environment:create_file_with_runtime_dependencies(/home/majuste/Programação/ROS2/UDH1/Navigation/install/udh1_mapping/share/colcon-core/packages/udh1_mapping)
[0.957s] Level 1:colcon.colcon_core.environment:create_environment_scripts_only(sllidar_ros2)
[0.957s] Level 1:colcon.colcon_core.environment:checking '/home/majuste/Programação/ROS2/UDH1/Navigation/install/sllidar_ros2' for CMake module files
[0.957s] DEBUG:colcon.colcon_core.event_handler.log_command:Invoked command in '/home/majuste/Programação/ROS2/UDH1/Navigation/build/sllidar_ros2' returned '0': CMAKE_PREFIX_PATH=/opt/ros/humble DEBUGINFOD_URLS=https://debuginfod.archlinux.org PS1=[\u@\h \W]\$ /usr/bin/cmake --install /home/majuste/Programação/ROS2/UDH1/Navigation/build/sllidar_ros2
[0.958s] Level 1:colcon.colcon_core.environment:checking '/home/majuste/Programação/ROS2/UDH1/Navigation/install/sllidar_ros2' for CMake config files
[0.958s] Level 1:colcon.colcon_core.shell:create_environment_hook('sllidar_ros2', 'cmake_prefix_path')
[0.958s] INFO:colcon.colcon_core.shell:Creating environment hook '/home/majuste/Programação/ROS2/UDH1/Navigation/install/sllidar_ros2/share/sllidar_ros2/hook/cmake_prefix_path.ps1'
[0.958s] INFO:colcon.colcon_core.shell:Creating environment descriptor '/home/majuste/Programação/ROS2/UDH1/Navigation/install/sllidar_ros2/share/sllidar_ros2/hook/cmake_prefix_path.dsv'
[0.958s] INFO:colcon.colcon_core.shell:Creating environment hook '/home/majuste/Programação/ROS2/UDH1/Navigation/install/sllidar_ros2/share/sllidar_ros2/hook/cmake_prefix_path.sh'
[0.959s] Level 1:colcon.colcon_core.environment:checking '/home/majuste/Programação/ROS2/UDH1/Navigation/install/sllidar_ros2/lib'
[0.959s] Level 1:colcon.colcon_core.environment:checking '/home/majuste/Programação/ROS2/UDH1/Navigation/install/sllidar_ros2/bin'
[0.959s] Level 1:colcon.colcon_core.environment:checking '/home/majuste/Programação/ROS2/UDH1/Navigation/install/sllidar_ros2/lib/pkgconfig/sllidar_ros2.pc'
[0.959s] Level 1:colcon.colcon_core.environment:checking '/home/majuste/Programação/ROS2/UDH1/Navigation/install/sllidar_ros2/lib/python3.10/site-packages'
[0.959s] Level 1:colcon.colcon_core.environment:checking '/home/majuste/Programação/ROS2/UDH1/Navigation/install/sllidar_ros2/bin'
[0.959s] INFO:colcon.colcon_core.shell:Creating package script '/home/majuste/Programação/ROS2/UDH1/Navigation/install/sllidar_ros2/share/sllidar_ros2/package.ps1'
[0.960s] INFO:colcon.colcon_core.shell:Creating package descriptor '/home/majuste/Programação/ROS2/UDH1/Navigation/install/sllidar_ros2/share/sllidar_ros2/package.dsv'
[0.960s] INFO:colcon.colcon_core.shell:Creating package script '/home/majuste/Programação/ROS2/UDH1/Navigation/install/sllidar_ros2/share/sllidar_ros2/package.sh'
[0.960s] INFO:colcon.colcon_core.shell:Creating package script '/home/majuste/Programação/ROS2/UDH1/Navigation/install/sllidar_ros2/share/sllidar_ros2/package.bash'
[0.960s] INFO:colcon.colcon_core.shell:Creating package script '/home/majuste/Programação/ROS2/UDH1/Navigation/install/sllidar_ros2/share/sllidar_ros2/package.zsh'
[0.960s] Level 1:colcon.colcon_core.environment:create_file_with_runtime_dependencies(/home/majuste/Programação/ROS2/UDH1/Navigation/install/sllidar_ros2/share/colcon-core/packages/sllidar_ros2)
[0.961s] Level 1:colcon.colcon_core.environment:create_environment_scripts_only(sllidar_ros2)
[0.961s] Level 1:colcon.colcon_core.environment:checking '/home/majuste/Programação/ROS2/UDH1/Navigation/install/sllidar_ros2' for CMake module files
[0.961s] Level 1:colcon.colcon_core.environment:checking '/home/majuste/Programação/ROS2/UDH1/Navigation/install/sllidar_ros2' for CMake config files
[0.961s] Level 1:colcon.colcon_core.shell:create_environment_hook('sllidar_ros2', 'cmake_prefix_path')
[0.961s] INFO:colcon.colcon_core.shell:Creating environment hook '/home/majuste/Programação/ROS2/UDH1/Navigation/install/sllidar_ros2/share/sllidar_ros2/hook/cmake_prefix_path.ps1'
[0.961s] INFO:colcon.colcon_core.shell:Creating environment descriptor '/home/majuste/Programação/ROS2/UDH1/Navigation/install/sllidar_ros2/share/sllidar_ros2/hook/cmake_prefix_path.dsv'
[0.962s] INFO:colcon.colcon_core.shell:Creating environment hook '/home/majuste/Programação/ROS2/UDH1/Navigation/install/sllidar_ros2/share/sllidar_ros2/hook/cmake_prefix_path.sh'
[0.962s] Level 1:colcon.colcon_core.environment:checking '/home/majuste/Programação/ROS2/UDH1/Navigation/install/sllidar_ros2/lib'
[0.962s] Level 1:colcon.colcon_core.environment:checking '/home/majuste/Programação/ROS2/UDH1/Navigation/install/sllidar_ros2/bin'
[0.962s] Level 1:colcon.colcon_core.environment:checking '/home/majuste/Programação/ROS2/UDH1/Navigation/install/sllidar_ros2/lib/pkgconfig/sllidar_ros2.pc'
[0.962s] Level 1:colcon.colcon_core.environment:checking '/home/majuste/Programação/ROS2/UDH1/Navigation/install/sllidar_ros2/lib/python3.10/site-packages'
[0.962s] Level 1:colcon.colcon_core.environment:checking '/home/majuste/Programação/ROS2/UDH1/Navigation/install/sllidar_ros2/bin'
[0.962s] INFO:colcon.colcon_core.shell:Creating package script '/home/majuste/Programação/ROS2/UDH1/Navigation/install/sllidar_ros2/share/sllidar_ros2/package.ps1'
[0.963s] INFO:colcon.colcon_core.shell:Creating package descriptor '/home/majuste/Programação/ROS2/UDH1/Navigation/install/sllidar_ros2/share/sllidar_ros2/package.dsv'
[0.963s] INFO:colcon.colcon_core.shell:Creating package script '/home/majuste/Programação/ROS2/UDH1/Navigation/install/sllidar_ros2/share/sllidar_ros2/package.sh'
[0.963s] INFO:colcon.colcon_core.shell:Creating package script '/home/majuste/Programação/ROS2/UDH1/Navigation/install/sllidar_ros2/share/sllidar_ros2/package.bash'
[0.963s] INFO:colcon.colcon_core.shell:Creating package script '/home/majuste/Programação/ROS2/UDH1/Navigation/install/sllidar_ros2/share/sllidar_ros2/package.zsh'
[0.963s] Level 1:colcon.colcon_core.environment:create_file_with_runtime_dependencies(/home/majuste/Programação/ROS2/UDH1/Navigation/install/sllidar_ros2/share/colcon-core/packages/sllidar_ros2)
[0.974s] Level 1:colcon.colcon_core.environment:create_environment_scripts_only(udh1_description)
[0.974s] Level 1:colcon.colcon_core.environment:checking '/home/majuste/Programação/ROS2/UDH1/Navigation/install/udh1_description' for CMake module files
[0.974s] DEBUG:colcon.colcon_core.event_handler.log_command:Invoked command in '/home/majuste/Programação/ROS2/UDH1/Navigation/build/udh1_description' returned '0': CMAKE_PREFIX_PATH=/opt/ros/humble DEBUGINFOD_URLS=https://debuginfod.archlinux.org PS1=[\u@\h \W]\$ /usr/bin/cmake --install /home/majuste/Programação/ROS2/UDH1/Navigation/build/udh1_description
[0.975s] Level 1:colcon.colcon_core.environment:checking '/home/majuste/Programação/ROS2/UDH1/Navigation/install/udh1_description' for CMake config files
[0.975s] Level 1:colcon.colcon_core.shell:create_environment_hook('udh1_description', 'cmake_prefix_path')
[0.975s] INFO:colcon.colcon_core.shell:Creating environment hook '/home/majuste/Programação/ROS2/UDH1/Navigation/install/udh1_description/share/udh1_description/hook/cmake_prefix_path.ps1'
[0.975s] INFO:colcon.colcon_core.shell:Creating environment descriptor '/home/majuste/Programação/ROS2/UDH1/Navigation/install/udh1_description/share/udh1_description/hook/cmake_prefix_path.dsv'
[0.975s] INFO:colcon.colcon_core.shell:Creating environment hook '/home/majuste/Programação/ROS2/UDH1/Navigation/install/udh1_description/share/udh1_description/hook/cmake_prefix_path.sh'
[0.975s] Level 1:colcon.colcon_core.environment:checking '/home/majuste/Programação/ROS2/UDH1/Navigation/install/udh1_description/bin'
[0.976s] Level 1:colcon.colcon_core.environment:checking '/home/majuste/Programação/ROS2/UDH1/Navigation/install/udh1_description/lib/pkgconfig/udh1_description.pc'
[0.976s] Level 1:colcon.colcon_core.environment:checking '/home/majuste/Programação/ROS2/UDH1/Navigation/install/udh1_description/lib/python3.10/site-packages'
[0.976s] Level 1:colcon.colcon_core.environment:checking '/home/majuste/Programação/ROS2/UDH1/Navigation/install/udh1_description/bin'
[0.976s] INFO:colcon.colcon_core.shell:Creating package script '/home/majuste/Programação/ROS2/UDH1/Navigation/install/udh1_description/share/udh1_description/package.ps1'
[0.976s] INFO:colcon.colcon_core.shell:Creating package descriptor '/home/majuste/Programação/ROS2/UDH1/Navigation/install/udh1_description/share/udh1_description/package.dsv'
[0.976s] INFO:colcon.colcon_core.shell:Creating package script '/home/majuste/Programação/ROS2/UDH1/Navigation/install/udh1_description/share/udh1_description/package.sh'
[0.977s] INFO:colcon.colcon_core.shell:Creating package script '/home/majuste/Programação/ROS2/UDH1/Navigation/install/udh1_description/share/udh1_description/package.bash'
[0.977s] INFO:colcon.colcon_core.shell:Creating package script '/home/majuste/Programação/ROS2/UDH1/Navigation/install/udh1_description/share/udh1_description/package.zsh'
[0.977s] Level 1:colcon.colcon_core.environment:create_file_with_runtime_dependencies(/home/majuste/Programação/ROS2/UDH1/Navigation/install/udh1_description/share/colcon-core/packages/udh1_description)
[0.977s] Level 1:colcon.colcon_core.environment:create_environment_scripts_only(udh1_description)
[0.977s] Level 1:colcon.colcon_core.environment:checking '/home/majuste/Programação/ROS2/UDH1/Navigation/install/udh1_description' for CMake module files
[0.977s] Level 1:colcon.colcon_core.environment:checking '/home/majuste/Programação/ROS2/UDH1/Navigation/install/udh1_description' for CMake config files
[0.977s] Level 1:colcon.colcon_core.shell:create_environment_hook('udh1_description', 'cmake_prefix_path')
[0.978s] INFO:colcon.colcon_core.shell:Creating environment hook '/home/majuste/Programação/ROS2/UDH1/Navigation/install/udh1_description/share/udh1_description/hook/cmake_prefix_path.ps1'
[0.978s] INFO:colcon.colcon_core.shell:Creating environment descriptor '/home/majuste/Programação/ROS2/UDH1/Navigation/install/udh1_description/share/udh1_description/hook/cmake_prefix_path.dsv'
[0.978s] INFO:colcon.colcon_core.shell:Creating environment hook '/home/majuste/Programação/ROS2/UDH1/Navigation/install/udh1_description/share/udh1_description/hook/cmake_prefix_path.sh'
[0.978s] Level 1:colcon.colcon_core.environment:checking '/home/majuste/Programação/ROS2/UDH1/Navigation/install/udh1_description/bin'
[0.978s] Level 1:colcon.colcon_core.environment:checking '/home/majuste/Programação/ROS2/UDH1/Navigation/install/udh1_description/lib/pkgconfig/udh1_description.pc'
[0.978s] Level 1:colcon.colcon_core.environment:checking '/home/majuste/Programação/ROS2/UDH1/Navigation/install/udh1_description/lib/python3.10/site-packages'
[0.978s] Level 1:colcon.colcon_core.environment:checking '/home/majuste/Programação/ROS2/UDH1/Navigation/install/udh1_description/bin'
[0.979s] INFO:colcon.colcon_core.shell:Creating package script '/home/majuste/Programação/ROS2/UDH1/Navigation/install/udh1_description/share/udh1_description/package.ps1'
[0.979s] INFO:colcon.colcon_core.shell:Creating package descriptor '/home/majuste/Programação/ROS2/UDH1/Navigation/install/udh1_description/share/udh1_description/package.dsv'
[0.979s] INFO:colcon.colcon_core.shell:Creating package script '/home/majuste/Programação/ROS2/UDH1/Navigation/install/udh1_description/share/udh1_description/package.sh'
[0.979s] INFO:colcon.colcon_core.shell:Creating package script '/home/majuste/Programação/ROS2/UDH1/Navigation/install/udh1_description/share/udh1_description/package.bash'
[0.979s] INFO:colcon.colcon_core.shell:Creating package script '/home/majuste/Programação/ROS2/UDH1/Navigation/install/udh1_description/share/udh1_description/package.zsh'
[0.979s] Level 1:colcon.colcon_core.environment:create_file_with_runtime_dependencies(/home/majuste/Programação/ROS2/UDH1/Navigation/install/udh1_description/share/colcon-core/packages/udh1_description)
[0.980s] DEBUG:colcon.colcon_parallel_executor.executor.parallel:closing loop
[0.980s] DEBUG:colcon.colcon_parallel_executor.executor.parallel:loop closed
[0.980s] DEBUG:colcon.colcon_parallel_executor.executor.parallel:run_until_complete finished with '0'
[0.980s] DEBUG:colcon.colcon_core.event_reactor:joining thread
[0.983s] INFO:colcon.colcon_core.plugin_system:Skipping extension 'colcon_notification.desktop_notification.notify_send': Could not find 'notify-send'
[0.983s] INFO:colcon.colcon_core.plugin_system:Skipping extension 'colcon_notification.desktop_notification.terminal_notifier': Not used on non-Darwin systems
[0.983s] INFO:colcon.colcon_core.plugin_system:Skipping extension 'colcon_notification.desktop_notification.win32': Not used on non-Windows systems
[0.983s] INFO:colcon.colcon_notification.desktop_notification:Sending desktop notification using 'notify2'
[0.984s] DEBUG:colcon.colcon_core.event_reactor:joined thread
[0.985s] INFO:colcon.colcon_core.shell:Creating prefix script '/home/majuste/Programação/ROS2/UDH1/Navigation/install/local_setup.ps1'
[0.985s] INFO:colcon.colcon_core.shell:Creating prefix util module '/home/majuste/Programação/ROS2/UDH1/Navigation/install/_local_setup_util_ps1.py'
[0.986s] INFO:colcon.colcon_core.shell:Creating prefix chain script '/home/majuste/Programação/ROS2/UDH1/Navigation/install/setup.ps1'
[0.986s] INFO:colcon.colcon_core.shell:Creating prefix script '/home/majuste/Programação/ROS2/UDH1/Navigation/install/local_setup.sh'
[0.987s] INFO:colcon.colcon_core.shell:Creating prefix util module '/home/majuste/Programação/ROS2/UDH1/Navigation/install/_local_setup_util_sh.py'
[0.987s] INFO:colcon.colcon_core.shell:Creating prefix chain script '/home/majuste/Programação/ROS2/UDH1/Navigation/install/setup.sh'
[0.987s] INFO:colcon.colcon_core.shell:Creating prefix script '/home/majuste/Programação/ROS2/UDH1/Navigation/install/local_setup.bash'
[0.988s] INFO:colcon.colcon_core.shell:Creating prefix chain script '/home/majuste/Programação/ROS2/UDH1/Navigation/install/setup.bash'
[0.988s] INFO:colcon.colcon_core.shell:Creating prefix script '/home/majuste/Programação/ROS2/UDH1/Navigation/install/local_setup.zsh'
[0.988s] INFO:colcon.colcon_core.shell:Creating prefix chain script '/home/majuste/Programação/ROS2/UDH1/Navigation/install/setup.zsh'
