[0.069s] DEBUG:colcon:Command line arguments: ['/usr/bin/colcon', 'build', '--symlink-install']
[0.069s] DEBUG:colcon:Parsed command line arguments: Namespace(log_base=None, log_level=None, verb_name='build', build_base='build', install_base='install', merge_install=False, symlink_install=True, test_result_base=None, continue_on_error=False, executor='parallel', parallel_workers=24, event_handlers=None, ignore_user_meta=False, metas=['./colcon.meta'], base_paths=['.'], packages_ignore=None, packages_ignore_regex=None, paths=None, packages_up_to=None, packages_up_to_regex=None, packages_above=None, packages_above_and_dependencies=None, packages_above_depth=None, packages_select_by_dep=None, packages_skip_by_dep=None, packages_skip_up_to=None, packages_select_build_failed=False, packages_skip_build_finished=False, packages_select_test_failures=False, packages_skip_test_passed=False, packages_select=None, packages_skip=None, packages_select_regex=None, packages_skip_regex=None, packages_start=None, packages_end=None, allow_overriding=[], cmake_args=None, cmake_target=None, cmake_target_skip_unavailable=False, cmake_clean_cache=False, cmake_clean_first=False, cmake_force_configure=False, ament_cmake_args=None, catkin_cmake_args=None, catkin_skip_building_tests=False, verb_parser=<colcon_defaults.argument_parser.defaults.DefaultArgumentsDecorator object at 0x7f2a84a2d390>, verb_extension=<colcon_core.verb.build.BuildVerb object at 0x7f2a84ba6e00>, main=<bound method BuildVerb.main of <colcon_core.verb.build.BuildVerb object at 0x7f2a84ba6e00>>)
[0.185s] Level 1:colcon.colcon_core.package_discovery:discover_packages(colcon_meta) check parameters
[0.185s] Level 1:colcon.colcon_core.package_discovery:discover_packages(recursive) check parameters
[0.185s] Level 1:colcon.colcon_core.package_discovery:discover_packages(ignore) check parameters
[0.185s] Level 1:colcon.colcon_core.package_discovery:discover_packages(path) check parameters
[0.185s] Level 1:colcon.colcon_core.package_discovery:discover_packages(colcon_meta) discover
[0.185s] Level 1:colcon.colcon_core.package_discovery:discover_packages(recursive) discover
[0.185s] INFO:colcon.colcon_core.package_discovery:Crawling recursively for packages in '/home/majuste/Programação/ROS2/UDH1/Navigation'
[0.186s] Level 1:colcon.colcon_core.package_identification:_identify(.) by extensions ['ignore', 'ignore_ament_install']
[0.186s] Level 1:colcon.colcon_core.package_identification:_identify(.) by extension 'ignore'
[0.186s] Level 1:colcon.colcon_core.package_identification:_identify(.) by extension 'ignore_ament_install'
[0.186s] Level 1:colcon.colcon_core.package_identification:_identify(.) by extensions ['colcon_pkg']
[0.186s] Level 1:colcon.colcon_core.package_identification:_identify(.) by extension 'colcon_pkg'
[0.186s] Level 1:colcon.colcon_core.package_identification:_identify(.) by extensions ['colcon_meta']
[0.186s] Level 1:colcon.colcon_core.package_identification:_identify(.) by extension 'colcon_meta'
[0.186s] Level 1:colcon.colcon_core.package_identification:_identify(.) by extensions ['ros']
[0.186s] Level 1:colcon.colcon_core.package_identification:_identify(.) by extension 'ros'
[0.200s] Level 1:colcon.colcon_core.package_identification:_identify(.) by extensions ['cmake', 'python']
[0.200s] Level 1:colcon.colcon_core.package_identification:_identify(.) by extension 'cmake'
[0.200s] Level 1:colcon.colcon_core.package_identification:_identify(.) by extension 'python'
[0.201s] Level 1:colcon.colcon_core.package_identification:_identify(.) by extensions ['python_setup_py']
[0.201s] Level 1:colcon.colcon_core.package_identification:_identify(.) by extension 'python_setup_py'
[0.201s] Level 1:colcon.colcon_core.package_identification:_identify(Arduino) by extensions ['ignore', 'ignore_ament_install']
[0.201s] Level 1:colcon.colcon_core.package_identification:_identify(Arduino) by extension 'ignore'
[0.201s] Level 1:colcon.colcon_core.package_identification:_identify(Arduino) by extension 'ignore_ament_install'
[0.201s] Level 1:colcon.colcon_core.package_identification:_identify(Arduino) by extensions ['colcon_pkg']
[0.201s] Level 1:colcon.colcon_core.package_identification:_identify(Arduino) by extension 'colcon_pkg'
[0.201s] Level 1:colcon.colcon_core.package_identification:_identify(Arduino) by extensions ['colcon_meta']
[0.201s] Level 1:colcon.colcon_core.package_identification:_identify(Arduino) by extension 'colcon_meta'
[0.201s] Level 1:colcon.colcon_core.package_identification:_identify(Arduino) by extensions ['ros']
[0.202s] Level 1:colcon.colcon_core.package_identification:_identify(Arduino) by extension 'ros'
[0.202s] Level 1:colcon.colcon_core.package_identification:_identify(Arduino) by extensions ['cmake', 'python']
[0.202s] Level 1:colcon.colcon_core.package_identification:_identify(Arduino) by extension 'cmake'
[0.202s] Level 1:colcon.colcon_core.package_identification:_identify(Arduino) by extension 'python'
[0.202s] Level 1:colcon.colcon_core.package_identification:_identify(Arduino) by extensions ['python_setup_py']
[0.202s] Level 1:colcon.colcon_core.package_identification:_identify(Arduino) by extension 'python_setup_py'
[0.202s] Level 1:colcon.colcon_core.package_identification:_identify(Arduino/libraries) by extensions ['ignore', 'ignore_ament_install']
[0.202s] Level 1:colcon.colcon_core.package_identification:_identify(Arduino/libraries) by extension 'ignore'
[0.202s] Level 1:colcon.colcon_core.package_identification:_identify(Arduino/libraries) by extension 'ignore_ament_install'
[0.202s] Level 1:colcon.colcon_core.package_identification:_identify(Arduino/libraries) by extensions ['colcon_pkg']
[0.202s] Level 1:colcon.colcon_core.package_identification:_identify(Arduino/libraries) by extension 'colcon_pkg'
[0.203s] Level 1:colcon.colcon_core.package_identification:_identify(Arduino/libraries) by extensions ['colcon_meta']
[0.203s] Level 1:colcon.colcon_core.package_identification:_identify(Arduino/libraries) by extension 'colcon_meta'
[0.203s] Level 1:colcon.colcon_core.package_identification:_identify(Arduino/libraries) by extensions ['ros']
[0.203s] Level 1:colcon.colcon_core.package_identification:_identify(Arduino/libraries) by extension 'ros'
[0.203s] Level 1:colcon.colcon_core.package_identification:_identify(Arduino/libraries) by extensions ['cmake', 'python']
[0.203s] Level 1:colcon.colcon_core.package_identification:_identify(Arduino/libraries) by extension 'cmake'
[0.203s] Level 1:colcon.colcon_core.package_identification:_identify(Arduino/libraries) by extension 'python'
[0.203s] Level 1:colcon.colcon_core.package_identification:_identify(Arduino/libraries) by extensions ['python_setup_py']
[0.203s] Level 1:colcon.colcon_core.package_identification:_identify(Arduino/libraries) by extension 'python_setup_py'
[0.203s] Level 1:colcon.colcon_core.package_identification:_identify(Arduino/libraries/AccelStepper) by extensions ['ignore', 'ignore_ament_install']
[0.203s] Level 1:colcon.colcon_core.package_identification:_identify(Arduino/libraries/AccelStepper) by extension 'ignore'
[0.203s] Level 1:colcon.colcon_core.package_identification:_identify(Arduino/libraries/AccelStepper) by extension 'ignore_ament_install'
[0.204s] Level 1:colcon.colcon_core.package_identification:_identify(Arduino/libraries/AccelStepper) by extensions ['colcon_pkg']
[0.204s] Level 1:colcon.colcon_core.package_identification:_identify(Arduino/libraries/AccelStepper) by extension 'colcon_pkg'
[0.204s] Level 1:colcon.colcon_core.package_identification:_identify(Arduino/libraries/AccelStepper) by extensions ['colcon_meta']
[0.204s] Level 1:colcon.colcon_core.package_identification:_identify(Arduino/libraries/AccelStepper) by extension 'colcon_meta'
[0.204s] Level 1:colcon.colcon_core.package_identification:_identify(Arduino/libraries/AccelStepper) by extensions ['ros']
[0.204s] Level 1:colcon.colcon_core.package_identification:_identify(Arduino/libraries/AccelStepper) by extension 'ros'
[0.204s] Level 1:colcon.colcon_core.package_identification:_identify(Arduino/libraries/AccelStepper) by extensions ['cmake', 'python']
[0.204s] Level 1:colcon.colcon_core.package_identification:_identify(Arduino/libraries/AccelStepper) by extension 'cmake'
[0.204s] Level 1:colcon.colcon_core.package_identification:_identify(Arduino/libraries/AccelStepper) by extension 'python'
[0.204s] Level 1:colcon.colcon_core.package_identification:_identify(Arduino/libraries/AccelStepper) by extensions ['python_setup_py']
[0.204s] Level 1:colcon.colcon_core.package_identification:_identify(Arduino/libraries/AccelStepper) by extension 'python_setup_py'
[0.204s] Level 1:colcon.colcon_core.package_identification:_identify(Arduino/libraries/AccelStepper/examples) by extensions ['ignore', 'ignore_ament_install']
[0.204s] Level 1:colcon.colcon_core.package_identification:_identify(Arduino/libraries/AccelStepper/examples) by extension 'ignore'
[0.204s] Level 1:colcon.colcon_core.package_identification:_identify(Arduino/libraries/AccelStepper/examples) by extension 'ignore_ament_install'
[0.204s] Level 1:colcon.colcon_core.package_identification:_identify(Arduino/libraries/AccelStepper/examples) by extensions ['colcon_pkg']
[0.204s] Level 1:colcon.colcon_core.package_identification:_identify(Arduino/libraries/AccelStepper/examples) by extension 'colcon_pkg'
[0.204s] Level 1:colcon.colcon_core.package_identification:_identify(Arduino/libraries/AccelStepper/examples) by extensions ['colcon_meta']
[0.204s] Level 1:colcon.colcon_core.package_identification:_identify(Arduino/libraries/AccelStepper/examples) by extension 'colcon_meta'
[0.204s] Level 1:colcon.colcon_core.package_identification:_identify(Arduino/libraries/AccelStepper/examples) by extensions ['ros']
[0.204s] Level 1:colcon.colcon_core.package_identification:_identify(Arduino/libraries/AccelStepper/examples) by extension 'ros'
[0.204s] Level 1:colcon.colcon_core.package_identification:_identify(Arduino/libraries/AccelStepper/examples) by extensions ['cmake', 'python']
[0.204s] Level 1:colcon.colcon_core.package_identification:_identify(Arduino/libraries/AccelStepper/examples) by extension 'cmake'
[0.204s] Level 1:colcon.colcon_core.package_identification:_identify(Arduino/libraries/AccelStepper/examples) by extension 'python'
[0.204s] Level 1:colcon.colcon_core.package_identification:_identify(Arduino/libraries/AccelStepper/examples) by extensions ['python_setup_py']
[0.204s] Level 1:colcon.colcon_core.package_identification:_identify(Arduino/libraries/AccelStepper/examples) by extension 'python_setup_py'
[0.204s] Level 1:colcon.colcon_core.package_identification:_identify(Arduino/libraries/AccelStepper/examples/AFMotor_ConstantSpeed) by extensions ['ignore', 'ignore_ament_install']
[0.204s] Level 1:colcon.colcon_core.package_identification:_identify(Arduino/libraries/AccelStepper/examples/AFMotor_ConstantSpeed) by extension 'ignore'
[0.204s] Level 1:colcon.colcon_core.package_identification:_identify(Arduino/libraries/AccelStepper/examples/AFMotor_ConstantSpeed) by extension 'ignore_ament_install'
[0.204s] Level 1:colcon.colcon_core.package_identification:_identify(Arduino/libraries/AccelStepper/examples/AFMotor_ConstantSpeed) by extensions ['colcon_pkg']
[0.205s] Level 1:colcon.colcon_core.package_identification:_identify(Arduino/libraries/AccelStepper/examples/AFMotor_ConstantSpeed) by extension 'colcon_pkg'
[0.205s] Level 1:colcon.colcon_core.package_identification:_identify(Arduino/libraries/AccelStepper/examples/AFMotor_ConstantSpeed) by extensions ['colcon_meta']
[0.205s] Level 1:colcon.colcon_core.package_identification:_identify(Arduino/libraries/AccelStepper/examples/AFMotor_ConstantSpeed) by extension 'colcon_meta'
[0.205s] Level 1:colcon.colcon_core.package_identification:_identify(Arduino/libraries/AccelStepper/examples/AFMotor_ConstantSpeed) by extensions ['ros']
[0.205s] Level 1:colcon.colcon_core.package_identification:_identify(Arduino/libraries/AccelStepper/examples/AFMotor_ConstantSpeed) by extension 'ros'
[0.205s] Level 1:colcon.colcon_core.package_identification:_identify(Arduino/libraries/AccelStepper/examples/AFMotor_ConstantSpeed) by extensions ['cmake', 'python']
[0.205s] Level 1:colcon.colcon_core.package_identification:_identify(Arduino/libraries/AccelStepper/examples/AFMotor_ConstantSpeed) by extension 'cmake'
[0.205s] Level 1:colcon.colcon_core.package_identification:_identify(Arduino/libraries/AccelStepper/examples/AFMotor_ConstantSpeed) by extension 'python'
[0.205s] Level 1:colcon.colcon_core.package_identification:_identify(Arduino/libraries/AccelStepper/examples/AFMotor_ConstantSpeed) by extensions ['python_setup_py']
[0.205s] Level 1:colcon.colcon_core.package_identification:_identify(Arduino/libraries/AccelStepper/examples/AFMotor_ConstantSpeed) by extension 'python_setup_py'
[0.205s] Level 1:colcon.colcon_core.package_identification:_identify(Arduino/libraries/AccelStepper/examples/AFMotor_MultiStepper) by extensions ['ignore', 'ignore_ament_install']
[0.205s] Level 1:colcon.colcon_core.package_identification:_identify(Arduino/libraries/AccelStepper/examples/AFMotor_MultiStepper) by extension 'ignore'
[0.205s] Level 1:colcon.colcon_core.package_identification:_identify(Arduino/libraries/AccelStepper/examples/AFMotor_MultiStepper) by extension 'ignore_ament_install'
[0.205s] Level 1:colcon.colcon_core.package_identification:_identify(Arduino/libraries/AccelStepper/examples/AFMotor_MultiStepper) by extensions ['colcon_pkg']
[0.205s] Level 1:colcon.colcon_core.package_identification:_identify(Arduino/libraries/AccelStepper/examples/AFMotor_MultiStepper) by extension 'colcon_pkg'
[0.205s] Level 1:colcon.colcon_core.package_identification:_identify(Arduino/libraries/AccelStepper/examples/AFMotor_MultiStepper) by extensions ['colcon_meta']
[0.205s] Level 1:colcon.colcon_core.package_identification:_identify(Arduino/libraries/AccelStepper/examples/AFMotor_MultiStepper) by extension 'colcon_meta'
[0.205s] Level 1:colcon.colcon_core.package_identification:_identify(Arduino/libraries/AccelStepper/examples/AFMotor_MultiStepper) by extensions ['ros']
[0.205s] Level 1:colcon.colcon_core.package_identification:_identify(Arduino/libraries/AccelStepper/examples/AFMotor_MultiStepper) by extension 'ros'
[0.205s] Level 1:colcon.colcon_core.package_identification:_identify(Arduino/libraries/AccelStepper/examples/AFMotor_MultiStepper) by extensions ['cmake', 'python']
[0.205s] Level 1:colcon.colcon_core.package_identification:_identify(Arduino/libraries/AccelStepper/examples/AFMotor_MultiStepper) by extension 'cmake'
[0.205s] Level 1:colcon.colcon_core.package_identification:_identify(Arduino/libraries/AccelStepper/examples/AFMotor_MultiStepper) by extension 'python'
[0.205s] Level 1:colcon.colcon_core.package_identification:_identify(Arduino/libraries/AccelStepper/examples/AFMotor_MultiStepper) by extensions ['python_setup_py']
[0.205s] Level 1:colcon.colcon_core.package_identification:_identify(Arduino/libraries/AccelStepper/examples/AFMotor_MultiStepper) by extension 'python_setup_py'
[0.205s] Level 1:colcon.colcon_core.package_identification:_identify(Arduino/libraries/AccelStepper/examples/Blocking) by extensions ['ignore', 'ignore_ament_install']
[0.205s] Level 1:colcon.colcon_core.package_identification:_identify(Arduino/libraries/AccelStepper/examples/Blocking) by extension 'ignore'
[0.205s] Level 1:colcon.colcon_core.package_identification:_identify(Arduino/libraries/AccelStepper/examples/Blocking) by extension 'ignore_ament_install'
[0.205s] Level 1:colcon.colcon_core.package_identification:_identify(Arduino/libraries/AccelStepper/examples/Blocking) by extensions ['colcon_pkg']
[0.205s] Level 1:colcon.colcon_core.package_identification:_identify(Arduino/libraries/AccelStepper/examples/Blocking) by extension 'colcon_pkg'
[0.205s] Level 1:colcon.colcon_core.package_identification:_identify(Arduino/libraries/AccelStepper/examples/Blocking) by extensions ['colcon_meta']
[0.205s] Level 1:colcon.colcon_core.package_identification:_identify(Arduino/libraries/AccelStepper/examples/Blocking) by extension 'colcon_meta'
[0.205s] Level 1:colcon.colcon_core.package_identification:_identify(Arduino/libraries/AccelStepper/examples/Blocking) by extensions ['ros']
[0.205s] Level 1:colcon.colcon_core.package_identification:_identify(Arduino/libraries/AccelStepper/examples/Blocking) by extension 'ros'
[0.205s] Level 1:colcon.colcon_core.package_identification:_identify(Arduino/libraries/AccelStepper/examples/Blocking) by extensions ['cmake', 'python']
[0.205s] Level 1:colcon.colcon_core.package_identification:_identify(Arduino/libraries/AccelStepper/examples/Blocking) by extension 'cmake'
[0.205s] Level 1:colcon.colcon_core.package_identification:_identify(Arduino/libraries/AccelStepper/examples/Blocking) by extension 'python'
[0.205s] Level 1:colcon.colcon_core.package_identification:_identify(Arduino/libraries/AccelStepper/examples/Blocking) by extensions ['python_setup_py']
[0.205s] Level 1:colcon.colcon_core.package_identification:_identify(Arduino/libraries/AccelStepper/examples/Blocking) by extension 'python_setup_py'
[0.205s] Level 1:colcon.colcon_core.package_identification:_identify(Arduino/libraries/AccelStepper/examples/Bounce) by extensions ['ignore', 'ignore_ament_install']
[0.205s] Level 1:colcon.colcon_core.package_identification:_identify(Arduino/libraries/AccelStepper/examples/Bounce) by extension 'ignore'
[0.205s] Level 1:colcon.colcon_core.package_identification:_identify(Arduino/libraries/AccelStepper/examples/Bounce) by extension 'ignore_ament_install'
[0.205s] Level 1:colcon.colcon_core.package_identification:_identify(Arduino/libraries/AccelStepper/examples/Bounce) by extensions ['colcon_pkg']
[0.206s] Level 1:colcon.colcon_core.package_identification:_identify(Arduino/libraries/AccelStepper/examples/Bounce) by extension 'colcon_pkg'
[0.206s] Level 1:colcon.colcon_core.package_identification:_identify(Arduino/libraries/AccelStepper/examples/Bounce) by extensions ['colcon_meta']
[0.206s] Level 1:colcon.colcon_core.package_identification:_identify(Arduino/libraries/AccelStepper/examples/Bounce) by extension 'colcon_meta'
[0.206s] Level 1:colcon.colcon_core.package_identification:_identify(Arduino/libraries/AccelStepper/examples/Bounce) by extensions ['ros']
[0.206s] Level 1:colcon.colcon_core.package_identification:_identify(Arduino/libraries/AccelStepper/examples/Bounce) by extension 'ros'
[0.206s] Level 1:colcon.colcon_core.package_identification:_identify(Arduino/libraries/AccelStepper/examples/Bounce) by extensions ['cmake', 'python']
[0.206s] Level 1:colcon.colcon_core.package_identification:_identify(Arduino/libraries/AccelStepper/examples/Bounce) by extension 'cmake'
[0.206s] Level 1:colcon.colcon_core.package_identification:_identify(Arduino/libraries/AccelStepper/examples/Bounce) by extension 'python'
[0.206s] Level 1:colcon.colcon_core.package_identification:_identify(Arduino/libraries/AccelStepper/examples/Bounce) by extensions ['python_setup_py']
[0.206s] Level 1:colcon.colcon_core.package_identification:_identify(Arduino/libraries/AccelStepper/examples/Bounce) by extension 'python_setup_py'
[0.206s] Level 1:colcon.colcon_core.package_identification:_identify(Arduino/libraries/AccelStepper/examples/ConstantSpeed) by extensions ['ignore', 'ignore_ament_install']
[0.206s] Level 1:colcon.colcon_core.package_identification:_identify(Arduino/libraries/AccelStepper/examples/ConstantSpeed) by extension 'ignore'
[0.206s] Level 1:colcon.colcon_core.package_identification:_identify(Arduino/libraries/AccelStepper/examples/ConstantSpeed) by extension 'ignore_ament_install'
[0.206s] Level 1:colcon.colcon_core.package_identification:_identify(Arduino/libraries/AccelStepper/examples/ConstantSpeed) by extensions ['colcon_pkg']
[0.206s] Level 1:colcon.colcon_core.package_identification:_identify(Arduino/libraries/AccelStepper/examples/ConstantSpeed) by extension 'colcon_pkg'
[0.206s] Level 1:colcon.colcon_core.package_identification:_identify(Arduino/libraries/AccelStepper/examples/ConstantSpeed) by extensions ['colcon_meta']
[0.206s] Level 1:colcon.colcon_core.package_identification:_identify(Arduino/libraries/AccelStepper/examples/ConstantSpeed) by extension 'colcon_meta'
[0.206s] Level 1:colcon.colcon_core.package_identification:_identify(Arduino/libraries/AccelStepper/examples/ConstantSpeed) by extensions ['ros']
[0.206s] Level 1:colcon.colcon_core.package_identification:_identify(Arduino/libraries/AccelStepper/examples/ConstantSpeed) by extension 'ros'
[0.206s] Level 1:colcon.colcon_core.package_identification:_identify(Arduino/libraries/AccelStepper/examples/ConstantSpeed) by extensions ['cmake', 'python']
[0.206s] Level 1:colcon.colcon_core.package_identification:_identify(Arduino/libraries/AccelStepper/examples/ConstantSpeed) by extension 'cmake'
[0.206s] Level 1:colcon.colcon_core.package_identification:_identify(Arduino/libraries/AccelStepper/examples/ConstantSpeed) by extension 'python'
[0.206s] Level 1:colcon.colcon_core.package_identification:_identify(Arduino/libraries/AccelStepper/examples/ConstantSpeed) by extensions ['python_setup_py']
[0.206s] Level 1:colcon.colcon_core.package_identification:_identify(Arduino/libraries/AccelStepper/examples/ConstantSpeed) by extension 'python_setup_py'
[0.206s] Level 1:colcon.colcon_core.package_identification:_identify(Arduino/libraries/AccelStepper/examples/DualMotorShield) by extensions ['ignore', 'ignore_ament_install']
[0.206s] Level 1:colcon.colcon_core.package_identification:_identify(Arduino/libraries/AccelStepper/examples/DualMotorShield) by extension 'ignore'
[0.206s] Level 1:colcon.colcon_core.package_identification:_identify(Arduino/libraries/AccelStepper/examples/DualMotorShield) by extension 'ignore_ament_install'
[0.206s] Level 1:colcon.colcon_core.package_identification:_identify(Arduino/libraries/AccelStepper/examples/DualMotorShield) by extensions ['colcon_pkg']
[0.206s] Level 1:colcon.colcon_core.package_identification:_identify(Arduino/libraries/AccelStepper/examples/DualMotorShield) by extension 'colcon_pkg'
[0.206s] Level 1:colcon.colcon_core.package_identification:_identify(Arduino/libraries/AccelStepper/examples/DualMotorShield) by extensions ['colcon_meta']
[0.206s] Level 1:colcon.colcon_core.package_identification:_identify(Arduino/libraries/AccelStepper/examples/DualMotorShield) by extension 'colcon_meta'
[0.206s] Level 1:colcon.colcon_core.package_identification:_identify(Arduino/libraries/AccelStepper/examples/DualMotorShield) by extensions ['ros']
[0.206s] Level 1:colcon.colcon_core.package_identification:_identify(Arduino/libraries/AccelStepper/examples/DualMotorShield) by extension 'ros'
[0.206s] Level 1:colcon.colcon_core.package_identification:_identify(Arduino/libraries/AccelStepper/examples/DualMotorShield) by extensions ['cmake', 'python']
[0.206s] Level 1:colcon.colcon_core.package_identification:_identify(Arduino/libraries/AccelStepper/examples/DualMotorShield) by extension 'cmake'
[0.206s] Level 1:colcon.colcon_core.package_identification:_identify(Arduino/libraries/AccelStepper/examples/DualMotorShield) by extension 'python'
[0.206s] Level 1:colcon.colcon_core.package_identification:_identify(Arduino/libraries/AccelStepper/examples/DualMotorShield) by extensions ['python_setup_py']
[0.206s] Level 1:colcon.colcon_core.package_identification:_identify(Arduino/libraries/AccelStepper/examples/DualMotorShield) by extension 'python_setup_py'
[0.206s] Level 1:colcon.colcon_core.package_identification:_identify(Arduino/libraries/AccelStepper/examples/MotorShield) by extensions ['ignore', 'ignore_ament_install']
[0.206s] Level 1:colcon.colcon_core.package_identification:_identify(Arduino/libraries/AccelStepper/examples/MotorShield) by extension 'ignore'
[0.206s] Level 1:colcon.colcon_core.package_identification:_identify(Arduino/libraries/AccelStepper/examples/MotorShield) by extension 'ignore_ament_install'
[0.206s] Level 1:colcon.colcon_core.package_identification:_identify(Arduino/libraries/AccelStepper/examples/MotorShield) by extensions ['colcon_pkg']
[0.206s] Level 1:colcon.colcon_core.package_identification:_identify(Arduino/libraries/AccelStepper/examples/MotorShield) by extension 'colcon_pkg'
[0.206s] Level 1:colcon.colcon_core.package_identification:_identify(Arduino/libraries/AccelStepper/examples/MotorShield) by extensions ['colcon_meta']
[0.206s] Level 1:colcon.colcon_core.package_identification:_identify(Arduino/libraries/AccelStepper/examples/MotorShield) by extension 'colcon_meta'
[0.206s] Level 1:colcon.colcon_core.package_identification:_identify(Arduino/libraries/AccelStepper/examples/MotorShield) by extensions ['ros']
[0.206s] Level 1:colcon.colcon_core.package_identification:_identify(Arduino/libraries/AccelStepper/examples/MotorShield) by extension 'ros'
[0.207s] Level 1:colcon.colcon_core.package_identification:_identify(Arduino/libraries/AccelStepper/examples/MotorShield) by extensions ['cmake', 'python']
[0.207s] Level 1:colcon.colcon_core.package_identification:_identify(Arduino/libraries/AccelStepper/examples/MotorShield) by extension 'cmake'
[0.207s] Level 1:colcon.colcon_core.package_identification:_identify(Arduino/libraries/AccelStepper/examples/MotorShield) by extension 'python'
[0.207s] Level 1:colcon.colcon_core.package_identification:_identify(Arduino/libraries/AccelStepper/examples/MotorShield) by extensions ['python_setup_py']
[0.207s] Level 1:colcon.colcon_core.package_identification:_identify(Arduino/libraries/AccelStepper/examples/MotorShield) by extension 'python_setup_py'
[0.207s] Level 1:colcon.colcon_core.package_identification:_identify(Arduino/libraries/AccelStepper/examples/MultiStepper) by extensions ['ignore', 'ignore_ament_install']
[0.207s] Level 1:colcon.colcon_core.package_identification:_identify(Arduino/libraries/AccelStepper/examples/MultiStepper) by extension 'ignore'
[0.207s] Level 1:colcon.colcon_core.package_identification:_identify(Arduino/libraries/AccelStepper/examples/MultiStepper) by extension 'ignore_ament_install'
[0.207s] Level 1:colcon.colcon_core.package_identification:_identify(Arduino/libraries/AccelStepper/examples/MultiStepper) by extensions ['colcon_pkg']
[0.207s] Level 1:colcon.colcon_core.package_identification:_identify(Arduino/libraries/AccelStepper/examples/MultiStepper) by extension 'colcon_pkg'
[0.207s] Level 1:colcon.colcon_core.package_identification:_identify(Arduino/libraries/AccelStepper/examples/MultiStepper) by extensions ['colcon_meta']
[0.207s] Level 1:colcon.colcon_core.package_identification:_identify(Arduino/libraries/AccelStepper/examples/MultiStepper) by extension 'colcon_meta'
[0.207s] Level 1:colcon.colcon_core.package_identification:_identify(Arduino/libraries/AccelStepper/examples/MultiStepper) by extensions ['ros']
[0.207s] Level 1:colcon.colcon_core.package_identification:_identify(Arduino/libraries/AccelStepper/examples/MultiStepper) by extension 'ros'
[0.207s] Level 1:colcon.colcon_core.package_identification:_identify(Arduino/libraries/AccelStepper/examples/MultiStepper) by extensions ['cmake', 'python']
[0.207s] Level 1:colcon.colcon_core.package_identification:_identify(Arduino/libraries/AccelStepper/examples/MultiStepper) by extension 'cmake'
[0.207s] Level 1:colcon.colcon_core.package_identification:_identify(Arduino/libraries/AccelStepper/examples/MultiStepper) by extension 'python'
[0.207s] Level 1:colcon.colcon_core.package_identification:_identify(Arduino/libraries/AccelStepper/examples/MultiStepper) by extensions ['python_setup_py']
[0.207s] Level 1:colcon.colcon_core.package_identification:_identify(Arduino/libraries/AccelStepper/examples/MultiStepper) by extension 'python_setup_py'
[0.207s] Level 1:colcon.colcon_core.package_identification:_identify(Arduino/libraries/AccelStepper/examples/MultipleSteppers) by extensions ['ignore', 'ignore_ament_install']
[0.207s] Level 1:colcon.colcon_core.package_identification:_identify(Arduino/libraries/AccelStepper/examples/MultipleSteppers) by extension 'ignore'
[0.207s] Level 1:colcon.colcon_core.package_identification:_identify(Arduino/libraries/AccelStepper/examples/MultipleSteppers) by extension 'ignore_ament_install'
[0.207s] Level 1:colcon.colcon_core.package_identification:_identify(Arduino/libraries/AccelStepper/examples/MultipleSteppers) by extensions ['colcon_pkg']
[0.207s] Level 1:colcon.colcon_core.package_identification:_identify(Arduino/libraries/AccelStepper/examples/MultipleSteppers) by extension 'colcon_pkg'
[0.207s] Level 1:colcon.colcon_core.package_identification:_identify(Arduino/libraries/AccelStepper/examples/MultipleSteppers) by extensions ['colcon_meta']
[0.207s] Level 1:colcon.colcon_core.package_identification:_identify(Arduino/libraries/AccelStepper/examples/MultipleSteppers) by extension 'colcon_meta'
[0.207s] Level 1:colcon.colcon_core.package_identification:_identify(Arduino/libraries/AccelStepper/examples/MultipleSteppers) by extensions ['ros']
[0.207s] Level 1:colcon.colcon_core.package_identification:_identify(Arduino/libraries/AccelStepper/examples/MultipleSteppers) by extension 'ros'
[0.207s] Level 1:colcon.colcon_core.package_identification:_identify(Arduino/libraries/AccelStepper/examples/MultipleSteppers) by extensions ['cmake', 'python']
[0.207s] Level 1:colcon.colcon_core.package_identification:_identify(Arduino/libraries/AccelStepper/examples/MultipleSteppers) by extension 'cmake'
[0.207s] Level 1:colcon.colcon_core.package_identification:_identify(Arduino/libraries/AccelStepper/examples/MultipleSteppers) by extension 'python'
[0.207s] Level 1:colcon.colcon_core.package_identification:_identify(Arduino/libraries/AccelStepper/examples/MultipleSteppers) by extensions ['python_setup_py']
[0.207s] Level 1:colcon.colcon_core.package_identification:_identify(Arduino/libraries/AccelStepper/examples/MultipleSteppers) by extension 'python_setup_py'
[0.207s] Level 1:colcon.colcon_core.package_identification:_identify(Arduino/libraries/AccelStepper/examples/Overshoot) by extensions ['ignore', 'ignore_ament_install']
[0.207s] Level 1:colcon.colcon_core.package_identification:_identify(Arduino/libraries/AccelStepper/examples/Overshoot) by extension 'ignore'
[0.207s] Level 1:colcon.colcon_core.package_identification:_identify(Arduino/libraries/AccelStepper/examples/Overshoot) by extension 'ignore_ament_install'
[0.207s] Level 1:colcon.colcon_core.package_identification:_identify(Arduino/libraries/AccelStepper/examples/Overshoot) by extensions ['colcon_pkg']
[0.207s] Level 1:colcon.colcon_core.package_identification:_identify(Arduino/libraries/AccelStepper/examples/Overshoot) by extension 'colcon_pkg'
[0.207s] Level 1:colcon.colcon_core.package_identification:_identify(Arduino/libraries/AccelStepper/examples/Overshoot) by extensions ['colcon_meta']
[0.207s] Level 1:colcon.colcon_core.package_identification:_identify(Arduino/libraries/AccelStepper/examples/Overshoot) by extension 'colcon_meta'
[0.207s] Level 1:colcon.colcon_core.package_identification:_identify(Arduino/libraries/AccelStepper/examples/Overshoot) by extensions ['ros']
[0.207s] Level 1:colcon.colcon_core.package_identification:_identify(Arduino/libraries/AccelStepper/examples/Overshoot) by extension 'ros'
[0.207s] Level 1:colcon.colcon_core.package_identification:_identify(Arduino/libraries/AccelStepper/examples/Overshoot) by extensions ['cmake', 'python']
[0.207s] Level 1:colcon.colcon_core.package_identification:_identify(Arduino/libraries/AccelStepper/examples/Overshoot) by extension 'cmake'
[0.207s] Level 1:colcon.colcon_core.package_identification:_identify(Arduino/libraries/AccelStepper/examples/Overshoot) by extension 'python'
[0.208s] Level 1:colcon.colcon_core.package_identification:_identify(Arduino/libraries/AccelStepper/examples/Overshoot) by extensions ['python_setup_py']
[0.208s] Level 1:colcon.colcon_core.package_identification:_identify(Arduino/libraries/AccelStepper/examples/Overshoot) by extension 'python_setup_py'
[0.208s] Level 1:colcon.colcon_core.package_identification:_identify(Arduino/libraries/AccelStepper/examples/ProportionalControl) by extensions ['ignore', 'ignore_ament_install']
[0.208s] Level 1:colcon.colcon_core.package_identification:_identify(Arduino/libraries/AccelStepper/examples/ProportionalControl) by extension 'ignore'
[0.208s] Level 1:colcon.colcon_core.package_identification:_identify(Arduino/libraries/AccelStepper/examples/ProportionalControl) by extension 'ignore_ament_install'
[0.208s] Level 1:colcon.colcon_core.package_identification:_identify(Arduino/libraries/AccelStepper/examples/ProportionalControl) by extensions ['colcon_pkg']
[0.208s] Level 1:colcon.colcon_core.package_identification:_identify(Arduino/libraries/AccelStepper/examples/ProportionalControl) by extension 'colcon_pkg'
[0.208s] Level 1:colcon.colcon_core.package_identification:_identify(Arduino/libraries/AccelStepper/examples/ProportionalControl) by extensions ['colcon_meta']
[0.208s] Level 1:colcon.colcon_core.package_identification:_identify(Arduino/libraries/AccelStepper/examples/ProportionalControl) by extension 'colcon_meta'
[0.208s] Level 1:colcon.colcon_core.package_identification:_identify(Arduino/libraries/AccelStepper/examples/ProportionalControl) by extensions ['ros']
[0.208s] Level 1:colcon.colcon_core.package_identification:_identify(Arduino/libraries/AccelStepper/examples/ProportionalControl) by extension 'ros'
[0.208s] Level 1:colcon.colcon_core.package_identification:_identify(Arduino/libraries/AccelStepper/examples/ProportionalControl) by extensions ['cmake', 'python']
[0.208s] Level 1:colcon.colcon_core.package_identification:_identify(Arduino/libraries/AccelStepper/examples/ProportionalControl) by extension 'cmake'
[0.208s] Level 1:colcon.colcon_core.package_identification:_identify(Arduino/libraries/AccelStepper/examples/ProportionalControl) by extension 'python'
[0.208s] Level 1:colcon.colcon_core.package_identification:_identify(Arduino/libraries/AccelStepper/examples/ProportionalControl) by extensions ['python_setup_py']
[0.208s] Level 1:colcon.colcon_core.package_identification:_identify(Arduino/libraries/AccelStepper/examples/ProportionalControl) by extension 'python_setup_py'
[0.208s] Level 1:colcon.colcon_core.package_identification:_identify(Arduino/libraries/AccelStepper/examples/Quickstop) by extensions ['ignore', 'ignore_ament_install']
[0.208s] Level 1:colcon.colcon_core.package_identification:_identify(Arduino/libraries/AccelStepper/examples/Quickstop) by extension 'ignore'
[0.208s] Level 1:colcon.colcon_core.package_identification:_identify(Arduino/libraries/AccelStepper/examples/Quickstop) by extension 'ignore_ament_install'
[0.208s] Level 1:colcon.colcon_core.package_identification:_identify(Arduino/libraries/AccelStepper/examples/Quickstop) by extensions ['colcon_pkg']
[0.208s] Level 1:colcon.colcon_core.package_identification:_identify(Arduino/libraries/AccelStepper/examples/Quickstop) by extension 'colcon_pkg'
[0.208s] Level 1:colcon.colcon_core.package_identification:_identify(Arduino/libraries/AccelStepper/examples/Quickstop) by extensions ['colcon_meta']
[0.208s] Level 1:colcon.colcon_core.package_identification:_identify(Arduino/libraries/AccelStepper/examples/Quickstop) by extension 'colcon_meta'
[0.208s] Level 1:colcon.colcon_core.package_identification:_identify(Arduino/libraries/AccelStepper/examples/Quickstop) by extensions ['ros']
[0.208s] Level 1:colcon.colcon_core.package_identification:_identify(Arduino/libraries/AccelStepper/examples/Quickstop) by extension 'ros'
[0.208s] Level 1:colcon.colcon_core.package_identification:_identify(Arduino/libraries/AccelStepper/examples/Quickstop) by extensions ['cmake', 'python']
[0.208s] Level 1:colcon.colcon_core.package_identification:_identify(Arduino/libraries/AccelStepper/examples/Quickstop) by extension 'cmake'
[0.208s] Level 1:colcon.colcon_core.package_identification:_identify(Arduino/libraries/AccelStepper/examples/Quickstop) by extension 'python'
[0.208s] Level 1:colcon.colcon_core.package_identification:_identify(Arduino/libraries/AccelStepper/examples/Quickstop) by extensions ['python_setup_py']
[0.208s] Level 1:colcon.colcon_core.package_identification:_identify(Arduino/libraries/AccelStepper/examples/Quickstop) by extension 'python_setup_py'
[0.208s] Level 1:colcon.colcon_core.package_identification:_identify(Arduino/libraries/AccelStepper/examples/Random) by extensions ['ignore', 'ignore_ament_install']
[0.208s] Level 1:colcon.colcon_core.package_identification:_identify(Arduino/libraries/AccelStepper/examples/Random) by extension 'ignore'
[0.208s] Level 1:colcon.colcon_core.package_identification:_identify(Arduino/libraries/AccelStepper/examples/Random) by extension 'ignore_ament_install'
[0.208s] Level 1:colcon.colcon_core.package_identification:_identify(Arduino/libraries/AccelStepper/examples/Random) by extensions ['colcon_pkg']
[0.208s] Level 1:colcon.colcon_core.package_identification:_identify(Arduino/libraries/AccelStepper/examples/Random) by extension 'colcon_pkg'
[0.208s] Level 1:colcon.colcon_core.package_identification:_identify(Arduino/libraries/AccelStepper/examples/Random) by extensions ['colcon_meta']
[0.208s] Level 1:colcon.colcon_core.package_identification:_identify(Arduino/libraries/AccelStepper/examples/Random) by extension 'colcon_meta'
[0.209s] Level 1:colcon.colcon_core.package_identification:_identify(Arduino/libraries/AccelStepper/examples/Random) by extensions ['ros']
[0.209s] Level 1:colcon.colcon_core.package_identification:_identify(Arduino/libraries/AccelStepper/examples/Random) by extension 'ros'
[0.209s] Level 1:colcon.colcon_core.package_identification:_identify(Arduino/libraries/AccelStepper/examples/Random) by extensions ['cmake', 'python']
[0.209s] Level 1:colcon.colcon_core.package_identification:_identify(Arduino/libraries/AccelStepper/examples/Random) by extension 'cmake'
[0.209s] Level 1:colcon.colcon_core.package_identification:_identify(Arduino/libraries/AccelStepper/examples/Random) by extension 'python'
[0.209s] Level 1:colcon.colcon_core.package_identification:_identify(Arduino/libraries/AccelStepper/examples/Random) by extensions ['python_setup_py']
[0.209s] Level 1:colcon.colcon_core.package_identification:_identify(Arduino/libraries/AccelStepper/examples/Random) by extension 'python_setup_py'
[0.209s] Level 1:colcon.colcon_core.package_identification:_identify(Arduino/libraries/AccelStepper/extras) by extensions ['ignore', 'ignore_ament_install']
[0.209s] Level 1:colcon.colcon_core.package_identification:_identify(Arduino/libraries/AccelStepper/extras) by extension 'ignore'
[0.209s] Level 1:colcon.colcon_core.package_identification:_identify(Arduino/libraries/AccelStepper/extras) by extension 'ignore_ament_install'
[0.209s] Level 1:colcon.colcon_core.package_identification:_identify(Arduino/libraries/AccelStepper/extras) by extensions ['colcon_pkg']
[0.209s] Level 1:colcon.colcon_core.package_identification:_identify(Arduino/libraries/AccelStepper/extras) by extension 'colcon_pkg'
[0.209s] Level 1:colcon.colcon_core.package_identification:_identify(Arduino/libraries/AccelStepper/extras) by extensions ['colcon_meta']
[0.209s] Level 1:colcon.colcon_core.package_identification:_identify(Arduino/libraries/AccelStepper/extras) by extension 'colcon_meta'
[0.209s] Level 1:colcon.colcon_core.package_identification:_identify(Arduino/libraries/AccelStepper/extras) by extensions ['ros']
[0.209s] Level 1:colcon.colcon_core.package_identification:_identify(Arduino/libraries/AccelStepper/extras) by extension 'ros'
[0.209s] Level 1:colcon.colcon_core.package_identification:_identify(Arduino/libraries/AccelStepper/extras) by extensions ['cmake', 'python']
[0.209s] Level 1:colcon.colcon_core.package_identification:_identify(Arduino/libraries/AccelStepper/extras) by extension 'cmake'
[0.209s] Level 1:colcon.colcon_core.package_identification:_identify(Arduino/libraries/AccelStepper/extras) by extension 'python'
[0.209s] Level 1:colcon.colcon_core.package_identification:_identify(Arduino/libraries/AccelStepper/extras) by extensions ['python_setup_py']
[0.209s] Level 1:colcon.colcon_core.package_identification:_identify(Arduino/libraries/AccelStepper/extras) by extension 'python_setup_py'
[0.209s] Level 1:colcon.colcon_core.package_identification:_identify(Arduino/libraries/AccelStepper/extras/doc) by extensions ['ignore', 'ignore_ament_install']
[0.209s] Level 1:colcon.colcon_core.package_identification:_identify(Arduino/libraries/AccelStepper/extras/doc) by extension 'ignore'
[0.209s] Level 1:colcon.colcon_core.package_identification:_identify(Arduino/libraries/AccelStepper/extras/doc) by extension 'ignore_ament_install'
[0.209s] Level 1:colcon.colcon_core.package_identification:_identify(Arduino/libraries/AccelStepper/extras/doc) by extensions ['colcon_pkg']
[0.209s] Level 1:colcon.colcon_core.package_identification:_identify(Arduino/libraries/AccelStepper/extras/doc) by extension 'colcon_pkg'
[0.209s] Level 1:colcon.colcon_core.package_identification:_identify(Arduino/libraries/AccelStepper/extras/doc) by extensions ['colcon_meta']
[0.209s] Level 1:colcon.colcon_core.package_identification:_identify(Arduino/libraries/AccelStepper/extras/doc) by extension 'colcon_meta'
[0.209s] Level 1:colcon.colcon_core.package_identification:_identify(Arduino/libraries/AccelStepper/extras/doc) by extensions ['ros']
[0.209s] Level 1:colcon.colcon_core.package_identification:_identify(Arduino/libraries/AccelStepper/extras/doc) by extension 'ros'
[0.209s] Level 1:colcon.colcon_core.package_identification:_identify(Arduino/libraries/AccelStepper/extras/doc) by extensions ['cmake', 'python']
[0.209s] Level 1:colcon.colcon_core.package_identification:_identify(Arduino/libraries/AccelStepper/extras/doc) by extension 'cmake'
[0.209s] Level 1:colcon.colcon_core.package_identification:_identify(Arduino/libraries/AccelStepper/extras/doc) by extension 'python'
[0.209s] Level 1:colcon.colcon_core.package_identification:_identify(Arduino/libraries/AccelStepper/extras/doc) by extensions ['python_setup_py']
[0.209s] Level 1:colcon.colcon_core.package_identification:_identify(Arduino/libraries/AccelStepper/extras/doc) by extension 'python_setup_py'
[0.209s] Level 1:colcon.colcon_core.package_identification:_identify(Arduino/libraries/AccelStepper/src) by extensions ['ignore', 'ignore_ament_install']
[0.209s] Level 1:colcon.colcon_core.package_identification:_identify(Arduino/libraries/AccelStepper/src) by extension 'ignore'
[0.209s] Level 1:colcon.colcon_core.package_identification:_identify(Arduino/libraries/AccelStepper/src) by extension 'ignore_ament_install'
[0.209s] Level 1:colcon.colcon_core.package_identification:_identify(Arduino/libraries/AccelStepper/src) by extensions ['colcon_pkg']
[0.209s] Level 1:colcon.colcon_core.package_identification:_identify(Arduino/libraries/AccelStepper/src) by extension 'colcon_pkg'
[0.209s] Level 1:colcon.colcon_core.package_identification:_identify(Arduino/libraries/AccelStepper/src) by extensions ['colcon_meta']
[0.210s] Level 1:colcon.colcon_core.package_identification:_identify(Arduino/libraries/AccelStepper/src) by extension 'colcon_meta'
[0.210s] Level 1:colcon.colcon_core.package_identification:_identify(Arduino/libraries/AccelStepper/src) by extensions ['ros']
[0.210s] Level 1:colcon.colcon_core.package_identification:_identify(Arduino/libraries/AccelStepper/src) by extension 'ros'
[0.210s] Level 1:colcon.colcon_core.package_identification:_identify(Arduino/libraries/AccelStepper/src) by extensions ['cmake', 'python']
[0.210s] Level 1:colcon.colcon_core.package_identification:_identify(Arduino/libraries/AccelStepper/src) by extension 'cmake'
[0.210s] Level 1:colcon.colcon_core.package_identification:_identify(Arduino/libraries/AccelStepper/src) by extension 'python'
[0.210s] Level 1:colcon.colcon_core.package_identification:_identify(Arduino/libraries/AccelStepper/src) by extensions ['python_setup_py']
[0.210s] Level 1:colcon.colcon_core.package_identification:_identify(Arduino/libraries/AccelStepper/src) by extension 'python_setup_py'
[0.210s] Level 1:colcon.colcon_core.package_identification:_identify(Arduino/libraries/PinChangeInterrupt) by extensions ['ignore', 'ignore_ament_install']
[0.210s] Level 1:colcon.colcon_core.package_identification:_identify(Arduino/libraries/PinChangeInterrupt) by extension 'ignore'
[0.210s] Level 1:colcon.colcon_core.package_identification:_identify(Arduino/libraries/PinChangeInterrupt) by extension 'ignore_ament_install'
[0.210s] Level 1:colcon.colcon_core.package_identification:_identify(Arduino/libraries/PinChangeInterrupt) by extensions ['colcon_pkg']
[0.210s] Level 1:colcon.colcon_core.package_identification:_identify(Arduino/libraries/PinChangeInterrupt) by extension 'colcon_pkg'
[0.210s] Level 1:colcon.colcon_core.package_identification:_identify(Arduino/libraries/PinChangeInterrupt) by extensions ['colcon_meta']
[0.210s] Level 1:colcon.colcon_core.package_identification:_identify(Arduino/libraries/PinChangeInterrupt) by extension 'colcon_meta'
[0.210s] Level 1:colcon.colcon_core.package_identification:_identify(Arduino/libraries/PinChangeInterrupt) by extensions ['ros']
[0.210s] Level 1:colcon.colcon_core.package_identification:_identify(Arduino/libraries/PinChangeInterrupt) by extension 'ros'
[0.210s] Level 1:colcon.colcon_core.package_identification:_identify(Arduino/libraries/PinChangeInterrupt) by extensions ['cmake', 'python']
[0.210s] Level 1:colcon.colcon_core.package_identification:_identify(Arduino/libraries/PinChangeInterrupt) by extension 'cmake'
[0.210s] Level 1:colcon.colcon_core.package_identification:_identify(Arduino/libraries/PinChangeInterrupt) by extension 'python'
[0.210s] Level 1:colcon.colcon_core.package_identification:_identify(Arduino/libraries/PinChangeInterrupt) by extensions ['python_setup_py']
[0.210s] Level 1:colcon.colcon_core.package_identification:_identify(Arduino/libraries/PinChangeInterrupt) by extension 'python_setup_py'
[0.210s] Level 1:colcon.colcon_core.package_identification:_identify(Arduino/libraries/PinChangeInterrupt/examples) by extensions ['ignore', 'ignore_ament_install']
[0.210s] Level 1:colcon.colcon_core.package_identification:_identify(Arduino/libraries/PinChangeInterrupt/examples) by extension 'ignore'
[0.210s] Level 1:colcon.colcon_core.package_identification:_identify(Arduino/libraries/PinChangeInterrupt/examples) by extension 'ignore_ament_install'
[0.210s] Level 1:colcon.colcon_core.package_identification:_identify(Arduino/libraries/PinChangeInterrupt/examples) by extensions ['colcon_pkg']
[0.210s] Level 1:colcon.colcon_core.package_identification:_identify(Arduino/libraries/PinChangeInterrupt/examples) by extension 'colcon_pkg'
[0.210s] Level 1:colcon.colcon_core.package_identification:_identify(Arduino/libraries/PinChangeInterrupt/examples) by extensions ['colcon_meta']
[0.210s] Level 1:colcon.colcon_core.package_identification:_identify(Arduino/libraries/PinChangeInterrupt/examples) by extension 'colcon_meta'
[0.210s] Level 1:colcon.colcon_core.package_identification:_identify(Arduino/libraries/PinChangeInterrupt/examples) by extensions ['ros']
[0.210s] Level 1:colcon.colcon_core.package_identification:_identify(Arduino/libraries/PinChangeInterrupt/examples) by extension 'ros'
[0.210s] Level 1:colcon.colcon_core.package_identification:_identify(Arduino/libraries/PinChangeInterrupt/examples) by extensions ['cmake', 'python']
[0.210s] Level 1:colcon.colcon_core.package_identification:_identify(Arduino/libraries/PinChangeInterrupt/examples) by extension 'cmake'
[0.210s] Level 1:colcon.colcon_core.package_identification:_identify(Arduino/libraries/PinChangeInterrupt/examples) by extension 'python'
[0.210s] Level 1:colcon.colcon_core.package_identification:_identify(Arduino/libraries/PinChangeInterrupt/examples) by extensions ['python_setup_py']
[0.210s] Level 1:colcon.colcon_core.package_identification:_identify(Arduino/libraries/PinChangeInterrupt/examples) by extension 'python_setup_py'
[0.210s] Level 1:colcon.colcon_core.package_identification:_identify(Arduino/libraries/PinChangeInterrupt/examples/PinChangeInterrupt_HowItWorks) by extensions ['ignore', 'ignore_ament_install']
[0.210s] Level 1:colcon.colcon_core.package_identification:_identify(Arduino/libraries/PinChangeInterrupt/examples/PinChangeInterrupt_HowItWorks) by extension 'ignore'
[0.210s] Level 1:colcon.colcon_core.package_identification:_identify(Arduino/libraries/PinChangeInterrupt/examples/PinChangeInterrupt_HowItWorks) by extension 'ignore_ament_install'
[0.210s] Level 1:colcon.colcon_core.package_identification:_identify(Arduino/libraries/PinChangeInterrupt/examples/PinChangeInterrupt_HowItWorks) by extensions ['colcon_pkg']
[0.210s] Level 1:colcon.colcon_core.package_identification:_identify(Arduino/libraries/PinChangeInterrupt/examples/PinChangeInterrupt_HowItWorks) by extension 'colcon_pkg'
[0.210s] Level 1:colcon.colcon_core.package_identification:_identify(Arduino/libraries/PinChangeInterrupt/examples/PinChangeInterrupt_HowItWorks) by extensions ['colcon_meta']
[0.211s] Level 1:colcon.colcon_core.package_identification:_identify(Arduino/libraries/PinChangeInterrupt/examples/PinChangeInterrupt_HowItWorks) by extension 'colcon_meta'
[0.211s] Level 1:colcon.colcon_core.package_identification:_identify(Arduino/libraries/PinChangeInterrupt/examples/PinChangeInterrupt_HowItWorks) by extensions ['ros']
[0.211s] Level 1:colcon.colcon_core.package_identification:_identify(Arduino/libraries/PinChangeInterrupt/examples/PinChangeInterrupt_HowItWorks) by extension 'ros'
[0.211s] Level 1:colcon.colcon_core.package_identification:_identify(Arduino/libraries/PinChangeInterrupt/examples/PinChangeInterrupt_HowItWorks) by extensions ['cmake', 'python']
[0.211s] Level 1:colcon.colcon_core.package_identification:_identify(Arduino/libraries/PinChangeInterrupt/examples/PinChangeInterrupt_HowItWorks) by extension 'cmake'
[0.211s] Level 1:colcon.colcon_core.package_identification:_identify(Arduino/libraries/PinChangeInterrupt/examples/PinChangeInterrupt_HowItWorks) by extension 'python'
[0.211s] Level 1:colcon.colcon_core.package_identification:_identify(Arduino/libraries/PinChangeInterrupt/examples/PinChangeInterrupt_HowItWorks) by extensions ['python_setup_py']
[0.211s] Level 1:colcon.colcon_core.package_identification:_identify(Arduino/libraries/PinChangeInterrupt/examples/PinChangeInterrupt_HowItWorks) by extension 'python_setup_py'
[0.211s] Level 1:colcon.colcon_core.package_identification:_identify(Arduino/libraries/PinChangeInterrupt/examples/PinChangeInterrupt_Led) by extensions ['ignore', 'ignore_ament_install']
[0.211s] Level 1:colcon.colcon_core.package_identification:_identify(Arduino/libraries/PinChangeInterrupt/examples/PinChangeInterrupt_Led) by extension 'ignore'
[0.211s] Level 1:colcon.colcon_core.package_identification:_identify(Arduino/libraries/PinChangeInterrupt/examples/PinChangeInterrupt_Led) by extension 'ignore_ament_install'
[0.211s] Level 1:colcon.colcon_core.package_identification:_identify(Arduino/libraries/PinChangeInterrupt/examples/PinChangeInterrupt_Led) by extensions ['colcon_pkg']
[0.211s] Level 1:colcon.colcon_core.package_identification:_identify(Arduino/libraries/PinChangeInterrupt/examples/PinChangeInterrupt_Led) by extension 'colcon_pkg'
[0.211s] Level 1:colcon.colcon_core.package_identification:_identify(Arduino/libraries/PinChangeInterrupt/examples/PinChangeInterrupt_Led) by extensions ['colcon_meta']
[0.211s] Level 1:colcon.colcon_core.package_identification:_identify(Arduino/libraries/PinChangeInterrupt/examples/PinChangeInterrupt_Led) by extension 'colcon_meta'
[0.211s] Level 1:colcon.colcon_core.package_identification:_identify(Arduino/libraries/PinChangeInterrupt/examples/PinChangeInterrupt_Led) by extensions ['ros']
[0.211s] Level 1:colcon.colcon_core.package_identification:_identify(Arduino/libraries/PinChangeInterrupt/examples/PinChangeInterrupt_Led) by extension 'ros'
[0.211s] Level 1:colcon.colcon_core.package_identification:_identify(Arduino/libraries/PinChangeInterrupt/examples/PinChangeInterrupt_Led) by extensions ['cmake', 'python']
[0.211s] Level 1:colcon.colcon_core.package_identification:_identify(Arduino/libraries/PinChangeInterrupt/examples/PinChangeInterrupt_Led) by extension 'cmake'
[0.211s] Level 1:colcon.colcon_core.package_identification:_identify(Arduino/libraries/PinChangeInterrupt/examples/PinChangeInterrupt_Led) by extension 'python'
[0.211s] Level 1:colcon.colcon_core.package_identification:_identify(Arduino/libraries/PinChangeInterrupt/examples/PinChangeInterrupt_Led) by extensions ['python_setup_py']
[0.211s] Level 1:colcon.colcon_core.package_identification:_identify(Arduino/libraries/PinChangeInterrupt/examples/PinChangeInterrupt_Led) by extension 'python_setup_py'
[0.211s] Level 1:colcon.colcon_core.package_identification:_identify(Arduino/libraries/PinChangeInterrupt/examples/PinChangeInterrupt_LowLevel) by extensions ['ignore', 'ignore_ament_install']
[0.211s] Level 1:colcon.colcon_core.package_identification:_identify(Arduino/libraries/PinChangeInterrupt/examples/PinChangeInterrupt_LowLevel) by extension 'ignore'
[0.211s] Level 1:colcon.colcon_core.package_identification:_identify(Arduino/libraries/PinChangeInterrupt/examples/PinChangeInterrupt_LowLevel) by extension 'ignore_ament_install'
[0.211s] Level 1:colcon.colcon_core.package_identification:_identify(Arduino/libraries/PinChangeInterrupt/examples/PinChangeInterrupt_LowLevel) by extensions ['colcon_pkg']
[0.211s] Level 1:colcon.colcon_core.package_identification:_identify(Arduino/libraries/PinChangeInterrupt/examples/PinChangeInterrupt_LowLevel) by extension 'colcon_pkg'
[0.211s] Level 1:colcon.colcon_core.package_identification:_identify(Arduino/libraries/PinChangeInterrupt/examples/PinChangeInterrupt_LowLevel) by extensions ['colcon_meta']
[0.211s] Level 1:colcon.colcon_core.package_identification:_identify(Arduino/libraries/PinChangeInterrupt/examples/PinChangeInterrupt_LowLevel) by extension 'colcon_meta'
[0.211s] Level 1:colcon.colcon_core.package_identification:_identify(Arduino/libraries/PinChangeInterrupt/examples/PinChangeInterrupt_LowLevel) by extensions ['ros']
[0.211s] Level 1:colcon.colcon_core.package_identification:_identify(Arduino/libraries/PinChangeInterrupt/examples/PinChangeInterrupt_LowLevel) by extension 'ros'
[0.211s] Level 1:colcon.colcon_core.package_identification:_identify(Arduino/libraries/PinChangeInterrupt/examples/PinChangeInterrupt_LowLevel) by extensions ['cmake', 'python']
[0.211s] Level 1:colcon.colcon_core.package_identification:_identify(Arduino/libraries/PinChangeInterrupt/examples/PinChangeInterrupt_LowLevel) by extension 'cmake'
[0.211s] Level 1:colcon.colcon_core.package_identification:_identify(Arduino/libraries/PinChangeInterrupt/examples/PinChangeInterrupt_LowLevel) by extension 'python'
[0.211s] Level 1:colcon.colcon_core.package_identification:_identify(Arduino/libraries/PinChangeInterrupt/examples/PinChangeInterrupt_LowLevel) by extensions ['python_setup_py']
[0.211s] Level 1:colcon.colcon_core.package_identification:_identify(Arduino/libraries/PinChangeInterrupt/examples/PinChangeInterrupt_LowLevel) by extension 'python_setup_py'
[0.212s] Level 1:colcon.colcon_core.package_identification:_identify(Arduino/libraries/PinChangeInterrupt/examples/PinChangeInterrupt_TickTock) by extensions ['ignore', 'ignore_ament_install']
[0.212s] Level 1:colcon.colcon_core.package_identification:_identify(Arduino/libraries/PinChangeInterrupt/examples/PinChangeInterrupt_TickTock) by extension 'ignore'
[0.212s] Level 1:colcon.colcon_core.package_identification:_identify(Arduino/libraries/PinChangeInterrupt/examples/PinChangeInterrupt_TickTock) by extension 'ignore_ament_install'
[0.212s] Level 1:colcon.colcon_core.package_identification:_identify(Arduino/libraries/PinChangeInterrupt/examples/PinChangeInterrupt_TickTock) by extensions ['colcon_pkg']
[0.212s] Level 1:colcon.colcon_core.package_identification:_identify(Arduino/libraries/PinChangeInterrupt/examples/PinChangeInterrupt_TickTock) by extension 'colcon_pkg'
[0.212s] Level 1:colcon.colcon_core.package_identification:_identify(Arduino/libraries/PinChangeInterrupt/examples/PinChangeInterrupt_TickTock) by extensions ['colcon_meta']
[0.212s] Level 1:colcon.colcon_core.package_identification:_identify(Arduino/libraries/PinChangeInterrupt/examples/PinChangeInterrupt_TickTock) by extension 'colcon_meta'
[0.212s] Level 1:colcon.colcon_core.package_identification:_identify(Arduino/libraries/PinChangeInterrupt/examples/PinChangeInterrupt_TickTock) by extensions ['ros']
[0.212s] Level 1:colcon.colcon_core.package_identification:_identify(Arduino/libraries/PinChangeInterrupt/examples/PinChangeInterrupt_TickTock) by extension 'ros'
[0.212s] Level 1:colcon.colcon_core.package_identification:_identify(Arduino/libraries/PinChangeInterrupt/examples/PinChangeInterrupt_TickTock) by extensions ['cmake', 'python']
[0.212s] Level 1:colcon.colcon_core.package_identification:_identify(Arduino/libraries/PinChangeInterrupt/examples/PinChangeInterrupt_TickTock) by extension 'cmake'
[0.212s] Level 1:colcon.colcon_core.package_identification:_identify(Arduino/libraries/PinChangeInterrupt/examples/PinChangeInterrupt_TickTock) by extension 'python'
[0.212s] Level 1:colcon.colcon_core.package_identification:_identify(Arduino/libraries/PinChangeInterrupt/examples/PinChangeInterrupt_TickTock) by extensions ['python_setup_py']
[0.212s] Level 1:colcon.colcon_core.package_identification:_identify(Arduino/libraries/PinChangeInterrupt/examples/PinChangeInterrupt_TickTock) by extension 'python_setup_py'
[0.212s] Level 1:colcon.colcon_core.package_identification:_identify(Arduino/libraries/PinChangeInterrupt/src) by extensions ['ignore', 'ignore_ament_install']
[0.212s] Level 1:colcon.colcon_core.package_identification:_identify(Arduino/libraries/PinChangeInterrupt/src) by extension 'ignore'
[0.212s] Level 1:colcon.colcon_core.package_identification:_identify(Arduino/libraries/PinChangeInterrupt/src) by extension 'ignore_ament_install'
[0.212s] Level 1:colcon.colcon_core.package_identification:_identify(Arduino/libraries/PinChangeInterrupt/src) by extensions ['colcon_pkg']
[0.212s] Level 1:colcon.colcon_core.package_identification:_identify(Arduino/libraries/PinChangeInterrupt/src) by extension 'colcon_pkg'
[0.212s] Level 1:colcon.colcon_core.package_identification:_identify(Arduino/libraries/PinChangeInterrupt/src) by extensions ['colcon_meta']
[0.212s] Level 1:colcon.colcon_core.package_identification:_identify(Arduino/libraries/PinChangeInterrupt/src) by extension 'colcon_meta'
[0.212s] Level 1:colcon.colcon_core.package_identification:_identify(Arduino/libraries/PinChangeInterrupt/src) by extensions ['ros']
[0.212s] Level 1:colcon.colcon_core.package_identification:_identify(Arduino/libraries/PinChangeInterrupt/src) by extension 'ros'
[0.212s] Level 1:colcon.colcon_core.package_identification:_identify(Arduino/libraries/PinChangeInterrupt/src) by extensions ['cmake', 'python']
[0.212s] Level 1:colcon.colcon_core.package_identification:_identify(Arduino/libraries/PinChangeInterrupt/src) by extension 'cmake'
[0.212s] Level 1:colcon.colcon_core.package_identification:_identify(Arduino/libraries/PinChangeInterrupt/src) by extension 'python'
[0.212s] Level 1:colcon.colcon_core.package_identification:_identify(Arduino/libraries/PinChangeInterrupt/src) by extensions ['python_setup_py']
[0.212s] Level 1:colcon.colcon_core.package_identification:_identify(Arduino/libraries/PinChangeInterrupt/src) by extension 'python_setup_py'
[0.212s] Level 1:colcon.colcon_core.package_identification:_identify(Arduino/odometry_new) by extensions ['ignore', 'ignore_ament_install']
[0.212s] Level 1:colcon.colcon_core.package_identification:_identify(Arduino/odometry_new) by extension 'ignore'
[0.212s] Level 1:colcon.colcon_core.package_identification:_identify(Arduino/odometry_new) by extension 'ignore_ament_install'
[0.212s] Level 1:colcon.colcon_core.package_identification:_identify(Arduino/odometry_new) by extensions ['colcon_pkg']
[0.212s] Level 1:colcon.colcon_core.package_identification:_identify(Arduino/odometry_new) by extension 'colcon_pkg'
[0.212s] Level 1:colcon.colcon_core.package_identification:_identify(Arduino/odometry_new) by extensions ['colcon_meta']
[0.212s] Level 1:colcon.colcon_core.package_identification:_identify(Arduino/odometry_new) by extension 'colcon_meta'
[0.212s] Level 1:colcon.colcon_core.package_identification:_identify(Arduino/odometry_new) by extensions ['ros']
[0.212s] Level 1:colcon.colcon_core.package_identification:_identify(Arduino/odometry_new) by extension 'ros'
[0.213s] Level 1:colcon.colcon_core.package_identification:_identify(Arduino/odometry_new) by extensions ['cmake', 'python']
[0.213s] Level 1:colcon.colcon_core.package_identification:_identify(Arduino/odometry_new) by extension 'cmake'
[0.213s] Level 1:colcon.colcon_core.package_identification:_identify(Arduino/odometry_new) by extension 'python'
[0.213s] Level 1:colcon.colcon_core.package_identification:_identify(Arduino/odometry_new) by extensions ['python_setup_py']
[0.213s] Level 1:colcon.colcon_core.package_identification:_identify(Arduino/odometry_new) by extension 'python_setup_py'
[0.213s] Level 1:colcon.colcon_core.package_identification:_identify(Arduino/odometrypulse) by extensions ['ignore', 'ignore_ament_install']
[0.213s] Level 1:colcon.colcon_core.package_identification:_identify(Arduino/odometrypulse) by extension 'ignore'
[0.213s] Level 1:colcon.colcon_core.package_identification:_identify(Arduino/odometrypulse) by extension 'ignore_ament_install'
[0.213s] Level 1:colcon.colcon_core.package_identification:_identify(Arduino/odometrypulse) by extensions ['colcon_pkg']
[0.213s] Level 1:colcon.colcon_core.package_identification:_identify(Arduino/odometrypulse) by extension 'colcon_pkg'
[0.213s] Level 1:colcon.colcon_core.package_identification:_identify(Arduino/odometrypulse) by extensions ['colcon_meta']
[0.213s] Level 1:colcon.colcon_core.package_identification:_identify(Arduino/odometrypulse) by extension 'colcon_meta'
[0.213s] Level 1:colcon.colcon_core.package_identification:_identify(Arduino/odometrypulse) by extensions ['ros']
[0.213s] Level 1:colcon.colcon_core.package_identification:_identify(Arduino/odometrypulse) by extension 'ros'
[0.213s] Level 1:colcon.colcon_core.package_identification:_identify(Arduino/odometrypulse) by extensions ['cmake', 'python']
[0.213s] Level 1:colcon.colcon_core.package_identification:_identify(Arduino/odometrypulse) by extension 'cmake'
[0.213s] Level 1:colcon.colcon_core.package_identification:_identify(Arduino/odometrypulse) by extension 'python'
[0.213s] Level 1:colcon.colcon_core.package_identification:_identify(Arduino/odometrypulse) by extensions ['python_setup_py']
[0.213s] Level 1:colcon.colcon_core.package_identification:_identify(Arduino/odometrypulse) by extension 'python_setup_py'
[0.213s] Level 1:colcon.colcon_core.package_identification:_identify(Arduino/odometrypulse-malha) by extensions ['ignore', 'ignore_ament_install']
[0.213s] Level 1:colcon.colcon_core.package_identification:_identify(Arduino/odometrypulse-malha) by extension 'ignore'
[0.213s] Level 1:colcon.colcon_core.package_identification:_identify(Arduino/odometrypulse-malha) by extension 'ignore_ament_install'
[0.213s] Level 1:colcon.colcon_core.package_identification:_identify(Arduino/odometrypulse-malha) by extensions ['colcon_pkg']
[0.213s] Level 1:colcon.colcon_core.package_identification:_identify(Arduino/odometrypulse-malha) by extension 'colcon_pkg'
[0.213s] Level 1:colcon.colcon_core.package_identification:_identify(Arduino/odometrypulse-malha) by extensions ['colcon_meta']
[0.213s] Level 1:colcon.colcon_core.package_identification:_identify(Arduino/odometrypulse-malha) by extension 'colcon_meta'
[0.213s] Level 1:colcon.colcon_core.package_identification:_identify(Arduino/odometrypulse-malha) by extensions ['ros']
[0.213s] Level 1:colcon.colcon_core.package_identification:_identify(Arduino/odometrypulse-malha) by extension 'ros'
[0.213s] Level 1:colcon.colcon_core.package_identification:_identify(Arduino/odometrypulse-malha) by extensions ['cmake', 'python']
[0.213s] Level 1:colcon.colcon_core.package_identification:_identify(Arduino/odometrypulse-malha) by extension 'cmake'
[0.213s] Level 1:colcon.colcon_core.package_identification:_identify(Arduino/odometrypulse-malha) by extension 'python'
[0.213s] Level 1:colcon.colcon_core.package_identification:_identify(Arduino/odometrypulse-malha) by extensions ['python_setup_py']
[0.213s] Level 1:colcon.colcon_core.package_identification:_identify(Arduino/odometrypulse-malha) by extension 'python_setup_py'
[0.213s] Level 1:colcon.colcon_core.package_identification:_identify(build) by extensions ['ignore', 'ignore_ament_install']
[0.213s] Level 1:colcon.colcon_core.package_identification:_identify(build) by extension 'ignore'
[0.213s] Level 1:colcon.colcon_core.package_identification:_identify(build) ignored
[0.214s] Level 1:colcon.colcon_core.package_identification:_identify(install) by extensions ['ignore', 'ignore_ament_install']
[0.214s] Level 1:colcon.colcon_core.package_identification:_identify(install) by extension 'ignore'
[0.214s] Level 1:colcon.colcon_core.package_identification:_identify(install) ignored
[0.214s] Level 1:colcon.colcon_core.package_identification:_identify(log) by extensions ['ignore', 'ignore_ament_install']
[0.214s] Level 1:colcon.colcon_core.package_identification:_identify(log) by extension 'ignore'
[0.214s] Level 1:colcon.colcon_core.package_identification:_identify(log) ignored
[0.214s] Level 1:colcon.colcon_core.package_identification:_identify(mapas) by extensions ['ignore', 'ignore_ament_install']
[0.214s] Level 1:colcon.colcon_core.package_identification:_identify(mapas) by extension 'ignore'
[0.214s] Level 1:colcon.colcon_core.package_identification:_identify(mapas) by extension 'ignore_ament_install'
[0.214s] Level 1:colcon.colcon_core.package_identification:_identify(mapas) by extensions ['colcon_pkg']
[0.214s] Level 1:colcon.colcon_core.package_identification:_identify(mapas) by extension 'colcon_pkg'
[0.214s] Level 1:colcon.colcon_core.package_identification:_identify(mapas) by extensions ['colcon_meta']
[0.214s] Level 1:colcon.colcon_core.package_identification:_identify(mapas) by extension 'colcon_meta'
[0.214s] Level 1:colcon.colcon_core.package_identification:_identify(mapas) by extensions ['ros']
[0.214s] Level 1:colcon.colcon_core.package_identification:_identify(mapas) by extension 'ros'
[0.214s] Level 1:colcon.colcon_core.package_identification:_identify(mapas) by extensions ['cmake', 'python']
[0.214s] Level 1:colcon.colcon_core.package_identification:_identify(mapas) by extension 'cmake'
[0.214s] Level 1:colcon.colcon_core.package_identification:_identify(mapas) by extension 'python'
[0.214s] Level 1:colcon.colcon_core.package_identification:_identify(mapas) by extensions ['python_setup_py']
[0.214s] Level 1:colcon.colcon_core.package_identification:_identify(mapas) by extension 'python_setup_py'
[0.214s] Level 1:colcon.colcon_core.package_identification:_identify(src) by extensions ['ignore', 'ignore_ament_install']
[0.214s] Level 1:colcon.colcon_core.package_identification:_identify(src) by extension 'ignore'
[0.214s] Level 1:colcon.colcon_core.package_identification:_identify(src) by extension 'ignore_ament_install'
[0.214s] Level 1:colcon.colcon_core.package_identification:_identify(src) by extensions ['colcon_pkg']
[0.214s] Level 1:colcon.colcon_core.package_identification:_identify(src) by extension 'colcon_pkg'
[0.214s] Level 1:colcon.colcon_core.package_identification:_identify(src) by extensions ['colcon_meta']
[0.214s] Level 1:colcon.colcon_core.package_identification:_identify(src) by extension 'colcon_meta'
[0.214s] Level 1:colcon.colcon_core.package_identification:_identify(src) by extensions ['ros']
[0.214s] Level 1:colcon.colcon_core.package_identification:_identify(src) by extension 'ros'
[0.214s] Level 1:colcon.colcon_core.package_identification:_identify(src) by extensions ['cmake', 'python']
[0.214s] Level 1:colcon.colcon_core.package_identification:_identify(src) by extension 'cmake'
[0.214s] Level 1:colcon.colcon_core.package_identification:_identify(src) by extension 'python'
[0.214s] Level 1:colcon.colcon_core.package_identification:_identify(src) by extensions ['python_setup_py']
[0.214s] Level 1:colcon.colcon_core.package_identification:_identify(src) by extension 'python_setup_py'
[0.215s] Level 1:colcon.colcon_core.package_identification:_identify(src/my_robot_bringup) by extensions ['ignore', 'ignore_ament_install']
[0.215s] Level 1:colcon.colcon_core.package_identification:_identify(src/my_robot_bringup) by extension 'ignore'
[0.215s] Level 1:colcon.colcon_core.package_identification:_identify(src/my_robot_bringup) by extension 'ignore_ament_install'
[0.215s] Level 1:colcon.colcon_core.package_identification:_identify(src/my_robot_bringup) by extensions ['colcon_pkg']
[0.215s] Level 1:colcon.colcon_core.package_identification:_identify(src/my_robot_bringup) by extension 'colcon_pkg'
[0.215s] Level 1:colcon.colcon_core.package_identification:_identify(src/my_robot_bringup) by extensions ['colcon_meta']
[0.215s] Level 1:colcon.colcon_core.package_identification:_identify(src/my_robot_bringup) by extension 'colcon_meta'
[0.215s] Level 1:colcon.colcon_core.package_identification:_identify(src/my_robot_bringup) by extensions ['ros']
[0.215s] Level 1:colcon.colcon_core.package_identification:_identify(src/my_robot_bringup) by extension 'ros'
[0.217s] DEBUG:colcon.colcon_core.package_identification:Package 'src/my_robot_bringup' with type 'ros.ament_python' and name 'my_robot_bringup'
[0.217s] Level 1:colcon.colcon_core.package_identification:_identify(src/serial_com_py) by extensions ['ignore', 'ignore_ament_install']
[0.217s] Level 1:colcon.colcon_core.package_identification:_identify(src/serial_com_py) by extension 'ignore'
[0.217s] Level 1:colcon.colcon_core.package_identification:_identify(src/serial_com_py) by extension 'ignore_ament_install'
[0.217s] Level 1:colcon.colcon_core.package_identification:_identify(src/serial_com_py) by extensions ['colcon_pkg']
[0.217s] Level 1:colcon.colcon_core.package_identification:_identify(src/serial_com_py) by extension 'colcon_pkg'
[0.217s] Level 1:colcon.colcon_core.package_identification:_identify(src/serial_com_py) by extensions ['colcon_meta']
[0.217s] Level 1:colcon.colcon_core.package_identification:_identify(src/serial_com_py) by extension 'colcon_meta'
[0.217s] Level 1:colcon.colcon_core.package_identification:_identify(src/serial_com_py) by extensions ['ros']
[0.217s] Level 1:colcon.colcon_core.package_identification:_identify(src/serial_com_py) by extension 'ros'
[0.217s] DEBUG:colcon.colcon_core.package_identification:Package 'src/serial_com_py' with type 'ros.ament_python' and name 'serial_com_py'
[0.217s] Level 1:colcon.colcon_core.package_identification:_identify(src/sllidar_ros2) by extensions ['ignore', 'ignore_ament_install']
[0.218s] Level 1:colcon.colcon_core.package_identification:_identify(src/sllidar_ros2) by extension 'ignore'
[0.218s] Level 1:colcon.colcon_core.package_identification:_identify(src/sllidar_ros2) by extension 'ignore_ament_install'
[0.218s] Level 1:colcon.colcon_core.package_identification:_identify(src/sllidar_ros2) by extensions ['colcon_pkg']
[0.218s] Level 1:colcon.colcon_core.package_identification:_identify(src/sllidar_ros2) by extension 'colcon_pkg'
[0.218s] Level 1:colcon.colcon_core.package_identification:_identify(src/sllidar_ros2) by extensions ['colcon_meta']
[0.218s] Level 1:colcon.colcon_core.package_identification:_identify(src/sllidar_ros2) by extension 'colcon_meta'
[0.218s] Level 1:colcon.colcon_core.package_identification:_identify(src/sllidar_ros2) by extensions ['ros']
[0.218s] Level 1:colcon.colcon_core.package_identification:_identify(src/sllidar_ros2) by extension 'ros'
[0.218s] DEBUG:colcon.colcon_core.package_identification:Package 'src/sllidar_ros2' with type 'ros.ament_cmake' and name 'sllidar_ros2'
[0.218s] Level 1:colcon.colcon_core.package_identification:_identify(src/udh1_description) by extensions ['ignore', 'ignore_ament_install']
[0.218s] Level 1:colcon.colcon_core.package_identification:_identify(src/udh1_description) by extension 'ignore'
[0.218s] Level 1:colcon.colcon_core.package_identification:_identify(src/udh1_description) by extension 'ignore_ament_install'
[0.218s] Level 1:colcon.colcon_core.package_identification:_identify(src/udh1_description) by extensions ['colcon_pkg']
[0.218s] Level 1:colcon.colcon_core.package_identification:_identify(src/udh1_description) by extension 'colcon_pkg'
[0.218s] Level 1:colcon.colcon_core.package_identification:_identify(src/udh1_description) by extensions ['colcon_meta']
[0.218s] Level 1:colcon.colcon_core.package_identification:_identify(src/udh1_description) by extension 'colcon_meta'
[0.218s] Level 1:colcon.colcon_core.package_identification:_identify(src/udh1_description) by extensions ['ros']
[0.218s] Level 1:colcon.colcon_core.package_identification:_identify(src/udh1_description) by extension 'ros'
[0.219s] DEBUG:colcon.colcon_core.package_identification:Package 'src/udh1_description' with type 'ros.ament_cmake' and name 'udh1_description'
[0.219s] Level 1:colcon.colcon_core.package_identification:_identify(src/udh1_mapping) by extensions ['ignore', 'ignore_ament_install']
[0.219s] Level 1:colcon.colcon_core.package_identification:_identify(src/udh1_mapping) by extension 'ignore'
[0.219s] Level 1:colcon.colcon_core.package_identification:_identify(src/udh1_mapping) by extension 'ignore_ament_install'
[0.219s] Level 1:colcon.colcon_core.package_identification:_identify(src/udh1_mapping) by extensions ['colcon_pkg']
[0.219s] Level 1:colcon.colcon_core.package_identification:_identify(src/udh1_mapping) by extension 'colcon_pkg'
[0.219s] Level 1:colcon.colcon_core.package_identification:_identify(src/udh1_mapping) by extensions ['colcon_meta']
[0.219s] Level 1:colcon.colcon_core.package_identification:_identify(src/udh1_mapping) by extension 'colcon_meta'
[0.219s] Level 1:colcon.colcon_core.package_identification:_identify(src/udh1_mapping) by extensions ['ros']
[0.219s] Level 1:colcon.colcon_core.package_identification:_identify(src/udh1_mapping) by extension 'ros'
[0.219s] DEBUG:colcon.colcon_core.package_identification:Package 'src/udh1_mapping' with type 'ros.ament_python' and name 'udh1_mapping'
[0.219s] Level 1:colcon.colcon_core.package_discovery:discover_packages(recursive) using defaults
[0.219s] Level 1:colcon.colcon_core.package_discovery:discover_packages(ignore) discover
[0.219s] Level 1:colcon.colcon_core.package_discovery:discover_packages(ignore) using defaults
[0.219s] Level 1:colcon.colcon_core.package_discovery:discover_packages(path) discover
[0.219s] Level 1:colcon.colcon_core.package_discovery:discover_packages(path) using defaults
[0.234s] Level 1:colcon.colcon_core.package_discovery:discover_packages(prefix_path) check parameters
[0.234s] Level 1:colcon.colcon_core.package_discovery:discover_packages(prefix_path) discover
[0.235s] DEBUG:colcon.colcon_installed_package_information.package_discovery:Found 5 installed packages in /home/majuste/Programação/ROS2/UDH1/Navigation/install
[0.236s] DEBUG:colcon.colcon_installed_package_information.package_discovery:Found 328 installed packages in /opt/ros/humble
[0.237s] Level 1:colcon.colcon_core.package_discovery:discover_packages(prefix_path) using defaults
[0.266s] Level 5:colcon.colcon_core.verb:set package 'my_robot_bringup' build argument 'cmake_args' from command line to 'None'
[0.266s] Level 5:colcon.colcon_core.verb:set package 'my_robot_bringup' build argument 'cmake_target' from command line to 'None'
[0.266s] Level 5:colcon.colcon_core.verb:set package 'my_robot_bringup' build argument 'cmake_target_skip_unavailable' from command line to 'False'
[0.266s] Level 5:colcon.colcon_core.verb:set package 'my_robot_bringup' build argument 'cmake_clean_cache' from command line to 'False'
[0.266s] Level 5:colcon.colcon_core.verb:set package 'my_robot_bringup' build argument 'cmake_clean_first' from command line to 'False'
[0.266s] Level 5:colcon.colcon_core.verb:set package 'my_robot_bringup' build argument 'cmake_force_configure' from command line to 'False'
[0.266s] Level 5:colcon.colcon_core.verb:set package 'my_robot_bringup' build argument 'ament_cmake_args' from command line to 'None'
[0.266s] Level 5:colcon.colcon_core.verb:set package 'my_robot_bringup' build argument 'catkin_cmake_args' from command line to 'None'
[0.266s] Level 5:colcon.colcon_core.verb:set package 'my_robot_bringup' build argument 'catkin_skip_building_tests' from command line to 'False'
[0.266s] DEBUG:colcon.colcon_core.verb:Building package 'my_robot_bringup' with the following arguments: {'ament_cmake_args': None, 'build_base': '/home/majuste/Programação/ROS2/UDH1/Navigation/build/my_robot_bringup', 'catkin_cmake_args': None, 'catkin_skip_building_tests': False, 'cmake_args': None, 'cmake_clean_cache': False, 'cmake_clean_first': False, 'cmake_force_configure': False, 'cmake_target': None, 'cmake_target_skip_unavailable': False, 'install_base': '/home/majuste/Programação/ROS2/UDH1/Navigation/install/my_robot_bringup', 'merge_install': False, 'path': '/home/majuste/Programação/ROS2/UDH1/Navigation/src/my_robot_bringup', 'symlink_install': True, 'test_result_base': None}
[0.266s] Level 5:colcon.colcon_core.verb:set package 'serial_com_py' build argument 'cmake_args' from command line to 'None'
[0.266s] Level 5:colcon.colcon_core.verb:set package 'serial_com_py' build argument 'cmake_target' from command line to 'None'
[0.266s] Level 5:colcon.colcon_core.verb:set package 'serial_com_py' build argument 'cmake_target_skip_unavailable' from command line to 'False'
[0.266s] Level 5:colcon.colcon_core.verb:set package 'serial_com_py' build argument 'cmake_clean_cache' from command line to 'False'
[0.266s] Level 5:colcon.colcon_core.verb:set package 'serial_com_py' build argument 'cmake_clean_first' from command line to 'False'
[0.266s] Level 5:colcon.colcon_core.verb:set package 'serial_com_py' build argument 'cmake_force_configure' from command line to 'False'
[0.266s] Level 5:colcon.colcon_core.verb:set package 'serial_com_py' build argument 'ament_cmake_args' from command line to 'None'
[0.266s] Level 5:colcon.colcon_core.verb:set package 'serial_com_py' build argument 'catkin_cmake_args' from command line to 'None'
[0.266s] Level 5:colcon.colcon_core.verb:set package 'serial_com_py' build argument 'catkin_skip_building_tests' from command line to 'False'
[0.266s] DEBUG:colcon.colcon_core.verb:Building package 'serial_com_py' with the following arguments: {'ament_cmake_args': None, 'build_base': '/home/majuste/Programação/ROS2/UDH1/Navigation/build/serial_com_py', 'catkin_cmake_args': None, 'catkin_skip_building_tests': False, 'cmake_args': None, 'cmake_clean_cache': False, 'cmake_clean_first': False, 'cmake_force_configure': False, 'cmake_target': None, 'cmake_target_skip_unavailable': False, 'install_base': '/home/majuste/Programação/ROS2/UDH1/Navigation/install/serial_com_py', 'merge_install': False, 'path': '/home/majuste/Programação/ROS2/UDH1/Navigation/src/serial_com_py', 'symlink_install': True, 'test_result_base': None}
[0.267s] Level 5:colcon.colcon_core.verb:set package 'sllidar_ros2' build argument 'cmake_args' from command line to 'None'
[0.267s] Level 5:colcon.colcon_core.verb:set package 'sllidar_ros2' build argument 'cmake_target' from command line to 'None'
[0.267s] Level 5:colcon.colcon_core.verb:set package 'sllidar_ros2' build argument 'cmake_target_skip_unavailable' from command line to 'False'
[0.267s] Level 5:colcon.colcon_core.verb:set package 'sllidar_ros2' build argument 'cmake_clean_cache' from command line to 'False'
[0.267s] Level 5:colcon.colcon_core.verb:set package 'sllidar_ros2' build argument 'cmake_clean_first' from command line to 'False'
[0.267s] Level 5:colcon.colcon_core.verb:set package 'sllidar_ros2' build argument 'cmake_force_configure' from command line to 'False'
[0.267s] Level 5:colcon.colcon_core.verb:set package 'sllidar_ros2' build argument 'ament_cmake_args' from command line to 'None'
[0.267s] Level 5:colcon.colcon_core.verb:set package 'sllidar_ros2' build argument 'catkin_cmake_args' from command line to 'None'
[0.267s] Level 5:colcon.colcon_core.verb:set package 'sllidar_ros2' build argument 'catkin_skip_building_tests' from command line to 'False'
[0.267s] DEBUG:colcon.colcon_core.verb:Building package 'sllidar_ros2' with the following arguments: {'ament_cmake_args': None, 'build_base': '/home/majuste/Programação/ROS2/UDH1/Navigation/build/sllidar_ros2', 'catkin_cmake_args': None, 'catkin_skip_building_tests': False, 'cmake_args': None, 'cmake_clean_cache': False, 'cmake_clean_first': False, 'cmake_force_configure': False, 'cmake_target': None, 'cmake_target_skip_unavailable': False, 'install_base': '/home/majuste/Programação/ROS2/UDH1/Navigation/install/sllidar_ros2', 'merge_install': False, 'path': '/home/majuste/Programação/ROS2/UDH1/Navigation/src/sllidar_ros2', 'symlink_install': True, 'test_result_base': None}
[0.267s] Level 5:colcon.colcon_core.verb:set package 'udh1_description' build argument 'cmake_args' from command line to 'None'
[0.267s] Level 5:colcon.colcon_core.verb:set package 'udh1_description' build argument 'cmake_target' from command line to 'None'
[0.267s] Level 5:colcon.colcon_core.verb:set package 'udh1_description' build argument 'cmake_target_skip_unavailable' from command line to 'False'
[0.267s] Level 5:colcon.colcon_core.verb:set package 'udh1_description' build argument 'cmake_clean_cache' from command line to 'False'
[0.267s] Level 5:colcon.colcon_core.verb:set package 'udh1_description' build argument 'cmake_clean_first' from command line to 'False'
[0.267s] Level 5:colcon.colcon_core.verb:set package 'udh1_description' build argument 'cmake_force_configure' from command line to 'False'
[0.267s] Level 5:colcon.colcon_core.verb:set package 'udh1_description' build argument 'ament_cmake_args' from command line to 'None'
[0.267s] Level 5:colcon.colcon_core.verb:set package 'udh1_description' build argument 'catkin_cmake_args' from command line to 'None'
[0.267s] Level 5:colcon.colcon_core.verb:set package 'udh1_description' build argument 'catkin_skip_building_tests' from command line to 'False'
[0.267s] DEBUG:colcon.colcon_core.verb:Building package 'udh1_description' with the following arguments: {'ament_cmake_args': None, 'build_base': '/home/majuste/Programação/ROS2/UDH1/Navigation/build/udh1_description', 'catkin_cmake_args': None, 'catkin_skip_building_tests': False, 'cmake_args': None, 'cmake_clean_cache': False, 'cmake_clean_first': False, 'cmake_force_configure': False, 'cmake_target': None, 'cmake_target_skip_unavailable': False, 'install_base': '/home/majuste/Programação/ROS2/UDH1/Navigation/install/udh1_description', 'merge_install': False, 'path': '/home/majuste/Programação/ROS2/UDH1/Navigation/src/udh1_description', 'symlink_install': True, 'test_result_base': None}
[0.267s] Level 5:colcon.colcon_core.verb:set package 'udh1_mapping' build argument 'cmake_args' from command line to 'None'
[0.267s] Level 5:colcon.colcon_core.verb:set package 'udh1_mapping' build argument 'cmake_target' from command line to 'None'
[0.267s] Level 5:colcon.colcon_core.verb:set package 'udh1_mapping' build argument 'cmake_target_skip_unavailable' from command line to 'False'
[0.267s] Level 5:colcon.colcon_core.verb:set package 'udh1_mapping' build argument 'cmake_clean_cache' from command line to 'False'
[0.267s] Level 5:colcon.colcon_core.verb:set package 'udh1_mapping' build argument 'cmake_clean_first' from command line to 'False'
[0.267s] Level 5:colcon.colcon_core.verb:set package 'udh1_mapping' build argument 'cmake_force_configure' from command line to 'False'
[0.267s] Level 5:colcon.colcon_core.verb:set package 'udh1_mapping' build argument 'ament_cmake_args' from command line to 'None'
[0.267s] Level 5:colcon.colcon_core.verb:set package 'udh1_mapping' build argument 'catkin_cmake_args' from command line to 'None'
[0.267s] Level 5:colcon.colcon_core.verb:set package 'udh1_mapping' build argument 'catkin_skip_building_tests' from command line to 'False'
[0.267s] DEBUG:colcon.colcon_core.verb:Building package 'udh1_mapping' with the following arguments: {'ament_cmake_args': None, 'build_base': '/home/majuste/Programação/ROS2/UDH1/Navigation/build/udh1_mapping', 'catkin_cmake_args': None, 'catkin_skip_building_tests': False, 'cmake_args': None, 'cmake_clean_cache': False, 'cmake_clean_first': False, 'cmake_force_configure': False, 'cmake_target': None, 'cmake_target_skip_unavailable': False, 'install_base': '/home/majuste/Programação/ROS2/UDH1/Navigation/install/udh1_mapping', 'merge_install': False, 'path': '/home/majuste/Programação/ROS2/UDH1/Navigation/src/udh1_mapping', 'symlink_install': True, 'test_result_base': None}
[0.267s] INFO:colcon.colcon_core.executor:Executing jobs using 'parallel' executor
[0.268s] DEBUG:colcon.colcon_parallel_executor.executor.parallel:run_until_complete
[0.268s] INFO:colcon.colcon_ros.task.ament_python.build:Building ROS package in '/home/majuste/Programação/ROS2/UDH1/Navigation/src/my_robot_bringup' with build type 'ament_python'
[0.268s] Level 1:colcon.colcon_core.shell:create_environment_hook('my_robot_bringup', 'ament_prefix_path')
[0.269s] INFO:colcon.colcon_core.plugin_system:Skipping extension 'colcon_core.shell.bat': Not used on non-Windows systems
[0.270s] INFO:colcon.colcon_core.shell:Creating environment hook '/home/majuste/Programação/ROS2/UDH1/Navigation/install/my_robot_bringup/share/my_robot_bringup/hook/ament_prefix_path.ps1'
[0.270s] INFO:colcon.colcon_core.shell:Creating environment descriptor '/home/majuste/Programação/ROS2/UDH1/Navigation/install/my_robot_bringup/share/my_robot_bringup/hook/ament_prefix_path.dsv'
[0.270s] INFO:colcon.colcon_core.shell:Creating environment hook '/home/majuste/Programação/ROS2/UDH1/Navigation/install/my_robot_bringup/share/my_robot_bringup/hook/ament_prefix_path.sh'
[0.271s] INFO:colcon.colcon_core.shell:Skip shell extension 'powershell' for command environment: Not usable outside of PowerShell
[0.271s] DEBUG:colcon.colcon_core.shell:Skip shell extension 'dsv' for command environment
[0.273s] INFO:colcon.colcon_ros.task.ament_python.build:Building ROS package in '/home/majuste/Programação/ROS2/UDH1/Navigation/src/serial_com_py' with build type 'ament_python'
[0.273s] Level 1:colcon.colcon_core.shell:create_environment_hook('serial_com_py', 'ament_prefix_path')
[0.273s] INFO:colcon.colcon_core.shell:Creating environment hook '/home/majuste/Programação/ROS2/UDH1/Navigation/install/serial_com_py/share/serial_com_py/hook/ament_prefix_path.ps1'
[0.274s] INFO:colcon.colcon_core.shell:Creating environment descriptor '/home/majuste/Programação/ROS2/UDH1/Navigation/install/serial_com_py/share/serial_com_py/hook/ament_prefix_path.dsv'
[0.274s] INFO:colcon.colcon_core.shell:Creating environment hook '/home/majuste/Programação/ROS2/UDH1/Navigation/install/serial_com_py/share/serial_com_py/hook/ament_prefix_path.sh'
[0.274s] INFO:colcon.colcon_core.shell:Skip shell extension 'powershell' for command environment: Not usable outside of PowerShell
[0.274s] DEBUG:colcon.colcon_core.shell:Skip shell extension 'dsv' for command environment
[0.277s] INFO:colcon.colcon_ros.task.ament_cmake.build:Building ROS package in '/home/majuste/Programação/ROS2/UDH1/Navigation/src/sllidar_ros2' with build type 'ament_cmake'
[0.277s] INFO:colcon.colcon_cmake.task.cmake.build:Building CMake package in '/home/majuste/Programação/ROS2/UDH1/Navigation/src/sllidar_ros2'
[0.277s] INFO:colcon.colcon_core.shell:Skip shell extension 'powershell' for command environment: Not usable outside of PowerShell
[0.277s] DEBUG:colcon.colcon_core.shell:Skip shell extension 'dsv' for command environment
[0.280s] INFO:colcon.colcon_ros.task.ament_cmake.build:Building ROS package in '/home/majuste/Programação/ROS2/UDH1/Navigation/src/udh1_description' with build type 'ament_cmake'
[0.280s] INFO:colcon.colcon_cmake.task.cmake.build:Building CMake package in '/home/majuste/Programação/ROS2/UDH1/Navigation/src/udh1_description'
[0.280s] INFO:colcon.colcon_core.shell:Skip shell extension 'powershell' for command environment: Not usable outside of PowerShell
[0.280s] DEBUG:colcon.colcon_core.shell:Skip shell extension 'dsv' for command environment
[0.284s] INFO:colcon.colcon_ros.task.ament_python.build:Building ROS package in '/home/majuste/Programação/ROS2/UDH1/Navigation/src/udh1_mapping' with build type 'ament_python'
[0.284s] Level 1:colcon.colcon_core.shell:create_environment_hook('udh1_mapping', 'ament_prefix_path')
[0.285s] INFO:colcon.colcon_core.shell:Creating environment hook '/home/majuste/Programação/ROS2/UDH1/Navigation/install/udh1_mapping/share/udh1_mapping/hook/ament_prefix_path.ps1'
[0.286s] INFO:colcon.colcon_core.shell:Creating environment descriptor '/home/majuste/Programação/ROS2/UDH1/Navigation/install/udh1_mapping/share/udh1_mapping/hook/ament_prefix_path.dsv'
[0.286s] INFO:colcon.colcon_core.shell:Creating environment hook '/home/majuste/Programação/ROS2/UDH1/Navigation/install/udh1_mapping/share/udh1_mapping/hook/ament_prefix_path.sh'
[0.286s] INFO:colcon.colcon_core.shell:Skip shell extension 'powershell' for command environment: Not usable outside of PowerShell
[0.286s] DEBUG:colcon.colcon_core.shell:Skip shell extension 'dsv' for command environment
[0.465s] INFO:colcon.colcon_core.task.python.build:Building Python package in '/home/majuste/Programação/ROS2/UDH1/Navigation/src/my_robot_bringup'
[0.466s] INFO:colcon.colcon_core.shell:Skip shell extension 'powershell' for command environment: Not usable outside of PowerShell
[0.466s] DEBUG:colcon.colcon_core.shell:Skip shell extension 'dsv' for command environment
[0.644s] INFO:colcon.colcon_core.task.python.build:Building Python package in '/home/majuste/Programação/ROS2/UDH1/Navigation/src/serial_com_py'
[0.644s] INFO:colcon.colcon_core.shell:Skip shell extension 'powershell' for command environment: Not usable outside of PowerShell
[0.644s] DEBUG:colcon.colcon_core.shell:Skip shell extension 'dsv' for command environment
[0.650s] DEBUG:colcon.colcon_core.event_handler.log_command:Invoking command in '/home/majuste/Programação/ROS2/UDH1/Navigation/build/sllidar_ros2': CMAKE_PREFIX_PATH=${CMAKE_PREFIX_PATH}:/home/majuste/Programação/ROS2/UDH1/Navigation/install/udh1_mapping:/home/majuste/Programação/ROS2/UDH1/Navigation/install/serial_com_py:/home/majuste/Programação/ROS2/UDH1/Navigation/install/my_robot_bringup:/opt/ros/humble DEBUGINFOD_URLS=https://debuginfod.archlinux.org PS1=[\u@\h \W]\$ /usr/bin/cmake --build /home/majuste/Programação/ROS2/UDH1/Navigation/build/sllidar_ros2 -- -j24 -l24
[0.654s] DEBUG:colcon.colcon_core.event_handler.log_command:Invoking command in '/home/majuste/Programação/ROS2/UDH1/Navigation/build/udh1_description': CMAKE_PREFIX_PATH=${CMAKE_PREFIX_PATH}:/home/majuste/Programação/ROS2/UDH1/Navigation/install/udh1_mapping:/home/majuste/Programação/ROS2/UDH1/Navigation/install/serial_com_py:/home/majuste/Programação/ROS2/UDH1/Navigation/install/my_robot_bringup:/opt/ros/humble DEBUGINFOD_URLS=https://debuginfod.archlinux.org PS1=[\u@\h \W]\$ /usr/bin/cmake --build /home/majuste/Programação/ROS2/UDH1/Navigation/build/udh1_description -- -j24 -l24
[0.824s] INFO:colcon.colcon_core.task.python.build:Building Python package in '/home/majuste/Programação/ROS2/UDH1/Navigation/src/udh1_mapping'
[0.824s] INFO:colcon.colcon_core.shell:Skip shell extension 'powershell' for command environment: Not usable outside of PowerShell
[0.824s] DEBUG:colcon.colcon_core.shell:Skip shell extension 'dsv' for command environment
[0.831s] DEBUG:colcon.colcon_core.event_handler.log_command:Invoked command in '/home/majuste/Programação/ROS2/UDH1/Navigation/build/udh1_description' returned '0': CMAKE_PREFIX_PATH=${CMAKE_PREFIX_PATH}:/home/majuste/Programação/ROS2/UDH1/Navigation/install/udh1_mapping:/home/majuste/Programação/ROS2/UDH1/Navigation/install/serial_com_py:/home/majuste/Programação/ROS2/UDH1/Navigation/install/my_robot_bringup:/opt/ros/humble DEBUGINFOD_URLS=https://debuginfod.archlinux.org PS1=[\u@\h \W]\$ /usr/bin/cmake --build /home/majuste/Programação/ROS2/UDH1/Navigation/build/udh1_description -- -j24 -l24
[0.844s] DEBUG:colcon.colcon_core.event_handler.log_command:Invoking command in '/home/majuste/Programação/ROS2/UDH1/Navigation/build/udh1_description': CMAKE_PREFIX_PATH=${CMAKE_PREFIX_PATH}:/home/majuste/Programação/ROS2/UDH1/Navigation/install/udh1_mapping:/home/majuste/Programação/ROS2/UDH1/Navigation/install/serial_com_py:/home/majuste/Programação/ROS2/UDH1/Navigation/install/my_robot_bringup:/opt/ros/humble DEBUGINFOD_URLS=https://debuginfod.archlinux.org PS1=[\u@\h \W]\$ /usr/bin/cmake --install /home/majuste/Programação/ROS2/UDH1/Navigation/build/udh1_description
[0.847s] DEBUG:colcon.colcon_core.event_handler.log_command:Invoked command in '/home/majuste/Programação/ROS2/UDH1/Navigation/build/sllidar_ros2' returned '0': CMAKE_PREFIX_PATH=${CMAKE_PREFIX_PATH}:/home/majuste/Programação/ROS2/UDH1/Navigation/install/udh1_mapping:/home/majuste/Programação/ROS2/UDH1/Navigation/install/serial_com_py:/home/majuste/Programação/ROS2/UDH1/Navigation/install/my_robot_bringup:/opt/ros/humble DEBUGINFOD_URLS=https://debuginfod.archlinux.org PS1=[\u@\h \W]\$ /usr/bin/cmake --build /home/majuste/Programação/ROS2/UDH1/Navigation/build/sllidar_ros2 -- -j24 -l24
[0.847s] DEBUG:colcon.colcon_core.event_handler.log_command:Invoking command in '/home/majuste/Programação/ROS2/UDH1/Navigation/build/sllidar_ros2': CMAKE_PREFIX_PATH=${CMAKE_PREFIX_PATH}:/home/majuste/Programação/ROS2/UDH1/Navigation/install/udh1_mapping:/home/majuste/Programação/ROS2/UDH1/Navigation/install/serial_com_py:/home/majuste/Programação/ROS2/UDH1/Navigation/install/my_robot_bringup:/opt/ros/humble DEBUGINFOD_URLS=https://debuginfod.archlinux.org PS1=[\u@\h \W]\$ /usr/bin/cmake --install /home/majuste/Programação/ROS2/UDH1/Navigation/build/sllidar_ros2
[0.864s] Level 1:colcon.colcon_core.environment:create_environment_scripts_only(sllidar_ros2)
[0.864s] DEBUG:colcon.colcon_core.event_handler.log_command:Invoked command in '/home/majuste/Programação/ROS2/UDH1/Navigation/build/sllidar_ros2' returned '0': CMAKE_PREFIX_PATH=${CMAKE_PREFIX_PATH}:/home/majuste/Programação/ROS2/UDH1/Navigation/install/udh1_mapping:/home/majuste/Programação/ROS2/UDH1/Navigation/install/serial_com_py:/home/majuste/Programação/ROS2/UDH1/Navigation/install/my_robot_bringup:/opt/ros/humble DEBUGINFOD_URLS=https://debuginfod.archlinux.org PS1=[\u@\h \W]\$ /usr/bin/cmake --install /home/majuste/Programação/ROS2/UDH1/Navigation/build/sllidar_ros2
[0.866s] Level 1:colcon.colcon_core.environment:checking '/home/majuste/Programação/ROS2/UDH1/Navigation/install/sllidar_ros2' for CMake module files
[0.866s] Level 1:colcon.colcon_core.environment:checking '/home/majuste/Programação/ROS2/UDH1/Navigation/install/sllidar_ros2' for CMake config files
[0.866s] Level 1:colcon.colcon_core.shell:create_environment_hook('sllidar_ros2', 'cmake_prefix_path')
[0.867s] INFO:colcon.colcon_core.shell:Creating environment hook '/home/majuste/Programação/ROS2/UDH1/Navigation/install/sllidar_ros2/share/sllidar_ros2/hook/cmake_prefix_path.ps1'
[0.867s] INFO:colcon.colcon_core.shell:Creating environment descriptor '/home/majuste/Programação/ROS2/UDH1/Navigation/install/sllidar_ros2/share/sllidar_ros2/hook/cmake_prefix_path.dsv'
[0.867s] INFO:colcon.colcon_core.shell:Creating environment hook '/home/majuste/Programação/ROS2/UDH1/Navigation/install/sllidar_ros2/share/sllidar_ros2/hook/cmake_prefix_path.sh'
[0.867s] Level 1:colcon.colcon_core.environment:checking '/home/majuste/Programação/ROS2/UDH1/Navigation/install/sllidar_ros2/lib'
[0.868s] Level 1:colcon.colcon_core.environment:checking '/home/majuste/Programação/ROS2/UDH1/Navigation/install/sllidar_ros2/bin'
[0.868s] Level 1:colcon.colcon_core.environment:checking '/home/majuste/Programação/ROS2/UDH1/Navigation/install/sllidar_ros2/lib/pkgconfig/sllidar_ros2.pc'
[0.868s] Level 1:colcon.colcon_core.environment:checking '/home/majuste/Programação/ROS2/UDH1/Navigation/install/sllidar_ros2/lib/python3.10/site-packages'
[0.868s] Level 1:colcon.colcon_core.environment:checking '/home/majuste/Programação/ROS2/UDH1/Navigation/install/sllidar_ros2/bin'
[0.868s] INFO:colcon.colcon_core.shell:Creating package script '/home/majuste/Programação/ROS2/UDH1/Navigation/install/sllidar_ros2/share/sllidar_ros2/package.ps1'
[0.869s] INFO:colcon.colcon_core.shell:Creating package descriptor '/home/majuste/Programação/ROS2/UDH1/Navigation/install/sllidar_ros2/share/sllidar_ros2/package.dsv'
[0.869s] INFO:colcon.colcon_core.shell:Creating package script '/home/majuste/Programação/ROS2/UDH1/Navigation/install/sllidar_ros2/share/sllidar_ros2/package.sh'
[0.870s] INFO:colcon.colcon_core.shell:Creating package script '/home/majuste/Programação/ROS2/UDH1/Navigation/install/sllidar_ros2/share/sllidar_ros2/package.bash'
[0.870s] INFO:colcon.colcon_core.shell:Creating package script '/home/majuste/Programação/ROS2/UDH1/Navigation/install/sllidar_ros2/share/sllidar_ros2/package.zsh'
[0.871s] Level 1:colcon.colcon_core.environment:create_file_with_runtime_dependencies(/home/majuste/Programação/ROS2/UDH1/Navigation/install/sllidar_ros2/share/colcon-core/packages/sllidar_ros2)
[0.871s] Level 1:colcon.colcon_core.environment:create_environment_scripts_only(sllidar_ros2)
[0.871s] Level 1:colcon.colcon_core.environment:checking '/home/majuste/Programação/ROS2/UDH1/Navigation/install/sllidar_ros2' for CMake module files
[0.872s] Level 1:colcon.colcon_core.environment:checking '/home/majuste/Programação/ROS2/UDH1/Navigation/install/sllidar_ros2' for CMake config files
[0.872s] Level 1:colcon.colcon_core.shell:create_environment_hook('sllidar_ros2', 'cmake_prefix_path')
[0.872s] INFO:colcon.colcon_core.shell:Creating environment hook '/home/majuste/Programação/ROS2/UDH1/Navigation/install/sllidar_ros2/share/sllidar_ros2/hook/cmake_prefix_path.ps1'
[0.872s] INFO:colcon.colcon_core.shell:Creating environment descriptor '/home/majuste/Programação/ROS2/UDH1/Navigation/install/sllidar_ros2/share/sllidar_ros2/hook/cmake_prefix_path.dsv'
[0.873s] INFO:colcon.colcon_core.shell:Creating environment hook '/home/majuste/Programação/ROS2/UDH1/Navigation/install/sllidar_ros2/share/sllidar_ros2/hook/cmake_prefix_path.sh'
[0.873s] Level 1:colcon.colcon_core.environment:checking '/home/majuste/Programação/ROS2/UDH1/Navigation/install/sllidar_ros2/lib'
[0.873s] Level 1:colcon.colcon_core.environment:checking '/home/majuste/Programação/ROS2/UDH1/Navigation/install/sllidar_ros2/bin'
[0.873s] Level 1:colcon.colcon_core.environment:checking '/home/majuste/Programação/ROS2/UDH1/Navigation/install/sllidar_ros2/lib/pkgconfig/sllidar_ros2.pc'
[0.874s] Level 1:colcon.colcon_core.environment:checking '/home/majuste/Programação/ROS2/UDH1/Navigation/install/sllidar_ros2/lib/python3.10/site-packages'
[0.874s] Level 1:colcon.colcon_core.environment:checking '/home/majuste/Programação/ROS2/UDH1/Navigation/install/sllidar_ros2/bin'
[0.874s] INFO:colcon.colcon_core.shell:Creating package script '/home/majuste/Programação/ROS2/UDH1/Navigation/install/sllidar_ros2/share/sllidar_ros2/package.ps1'
[0.874s] INFO:colcon.colcon_core.shell:Creating package descriptor '/home/majuste/Programação/ROS2/UDH1/Navigation/install/sllidar_ros2/share/sllidar_ros2/package.dsv'
[0.875s] INFO:colcon.colcon_core.shell:Creating package script '/home/majuste/Programação/ROS2/UDH1/Navigation/install/sllidar_ros2/share/sllidar_ros2/package.sh'
[0.875s] INFO:colcon.colcon_core.shell:Creating package script '/home/majuste/Programação/ROS2/UDH1/Navigation/install/sllidar_ros2/share/sllidar_ros2/package.bash'
[0.875s] INFO:colcon.colcon_core.shell:Creating package script '/home/majuste/Programação/ROS2/UDH1/Navigation/install/sllidar_ros2/share/sllidar_ros2/package.zsh'
[0.875s] Level 1:colcon.colcon_core.environment:create_file_with_runtime_dependencies(/home/majuste/Programação/ROS2/UDH1/Navigation/install/sllidar_ros2/share/colcon-core/packages/sllidar_ros2)
[0.876s] Level 1:colcon.colcon_core.environment:create_environment_scripts_only(udh1_description)
[0.877s] Level 1:colcon.colcon_core.environment:checking '/home/majuste/Programação/ROS2/UDH1/Navigation/install/udh1_description' for CMake module files
[0.877s] DEBUG:colcon.colcon_core.event_handler.log_command:Invoked command in '/home/majuste/Programação/ROS2/UDH1/Navigation/build/udh1_description' returned '0': CMAKE_PREFIX_PATH=${CMAKE_PREFIX_PATH}:/home/majuste/Programação/ROS2/UDH1/Navigation/install/udh1_mapping:/home/majuste/Programação/ROS2/UDH1/Navigation/install/serial_com_py:/home/majuste/Programação/ROS2/UDH1/Navigation/install/my_robot_bringup:/opt/ros/humble DEBUGINFOD_URLS=https://debuginfod.archlinux.org PS1=[\u@\h \W]\$ /usr/bin/cmake --install /home/majuste/Programação/ROS2/UDH1/Navigation/build/udh1_description
[0.877s] Level 1:colcon.colcon_core.environment:checking '/home/majuste/Programação/ROS2/UDH1/Navigation/install/udh1_description' for CMake config files
[0.878s] Level 1:colcon.colcon_core.shell:create_environment_hook('udh1_description', 'cmake_prefix_path')
[0.878s] INFO:colcon.colcon_core.shell:Creating environment hook '/home/majuste/Programação/ROS2/UDH1/Navigation/install/udh1_description/share/udh1_description/hook/cmake_prefix_path.ps1'
[0.878s] INFO:colcon.colcon_core.shell:Creating environment descriptor '/home/majuste/Programação/ROS2/UDH1/Navigation/install/udh1_description/share/udh1_description/hook/cmake_prefix_path.dsv'
[0.878s] INFO:colcon.colcon_core.shell:Creating environment hook '/home/majuste/Programação/ROS2/UDH1/Navigation/install/udh1_description/share/udh1_description/hook/cmake_prefix_path.sh'
[0.878s] Level 1:colcon.colcon_core.environment:checking '/home/majuste/Programação/ROS2/UDH1/Navigation/install/udh1_description/bin'
[0.878s] Level 1:colcon.colcon_core.environment:checking '/home/majuste/Programação/ROS2/UDH1/Navigation/install/udh1_description/lib/pkgconfig/udh1_description.pc'
[0.879s] Level 1:colcon.colcon_core.environment:checking '/home/majuste/Programação/ROS2/UDH1/Navigation/install/udh1_description/lib/python3.10/site-packages'
[0.879s] Level 1:colcon.colcon_core.environment:checking '/home/majuste/Programação/ROS2/UDH1/Navigation/install/udh1_description/bin'
[0.879s] INFO:colcon.colcon_core.shell:Creating package script '/home/majuste/Programação/ROS2/UDH1/Navigation/install/udh1_description/share/udh1_description/package.ps1'
[0.879s] INFO:colcon.colcon_core.shell:Creating package descriptor '/home/majuste/Programação/ROS2/UDH1/Navigation/install/udh1_description/share/udh1_description/package.dsv'
[0.880s] INFO:colcon.colcon_core.shell:Creating package script '/home/majuste/Programação/ROS2/UDH1/Navigation/install/udh1_description/share/udh1_description/package.sh'
[0.880s] INFO:colcon.colcon_core.shell:Creating package script '/home/majuste/Programação/ROS2/UDH1/Navigation/install/udh1_description/share/udh1_description/package.bash'
[0.880s] INFO:colcon.colcon_core.shell:Creating package script '/home/majuste/Programação/ROS2/UDH1/Navigation/install/udh1_description/share/udh1_description/package.zsh'
[0.880s] Level 1:colcon.colcon_core.environment:create_file_with_runtime_dependencies(/home/majuste/Programação/ROS2/UDH1/Navigation/install/udh1_description/share/colcon-core/packages/udh1_description)
[0.881s] Level 1:colcon.colcon_core.environment:create_environment_scripts_only(udh1_description)
[0.881s] Level 1:colcon.colcon_core.environment:checking '/home/majuste/Programação/ROS2/UDH1/Navigation/install/udh1_description' for CMake module files
[0.881s] Level 1:colcon.colcon_core.environment:checking '/home/majuste/Programação/ROS2/UDH1/Navigation/install/udh1_description' for CMake config files
[0.881s] Level 1:colcon.colcon_core.shell:create_environment_hook('udh1_description', 'cmake_prefix_path')
[0.881s] INFO:colcon.colcon_core.shell:Creating environment hook '/home/majuste/Programação/ROS2/UDH1/Navigation/install/udh1_description/share/udh1_description/hook/cmake_prefix_path.ps1'
[0.882s] INFO:colcon.colcon_core.shell:Creating environment descriptor '/home/majuste/Programação/ROS2/UDH1/Navigation/install/udh1_description/share/udh1_description/hook/cmake_prefix_path.dsv'
[0.882s] INFO:colcon.colcon_core.shell:Creating environment hook '/home/majuste/Programação/ROS2/UDH1/Navigation/install/udh1_description/share/udh1_description/hook/cmake_prefix_path.sh'
[0.882s] Level 1:colcon.colcon_core.environment:checking '/home/majuste/Programação/ROS2/UDH1/Navigation/install/udh1_description/bin'
[0.882s] Level 1:colcon.colcon_core.environment:checking '/home/majuste/Programação/ROS2/UDH1/Navigation/install/udh1_description/lib/pkgconfig/udh1_description.pc'
[0.882s] Level 1:colcon.colcon_core.environment:checking '/home/majuste/Programação/ROS2/UDH1/Navigation/install/udh1_description/lib/python3.10/site-packages'
[0.882s] Level 1:colcon.colcon_core.environment:checking '/home/majuste/Programação/ROS2/UDH1/Navigation/install/udh1_description/bin'
[0.883s] INFO:colcon.colcon_core.shell:Creating package script '/home/majuste/Programação/ROS2/UDH1/Navigation/install/udh1_description/share/udh1_description/package.ps1'
[0.883s] INFO:colcon.colcon_core.shell:Creating package descriptor '/home/majuste/Programação/ROS2/UDH1/Navigation/install/udh1_description/share/udh1_description/package.dsv'
[0.883s] INFO:colcon.colcon_core.shell:Creating package script '/home/majuste/Programação/ROS2/UDH1/Navigation/install/udh1_description/share/udh1_description/package.sh'
[0.883s] INFO:colcon.colcon_core.shell:Creating package script '/home/majuste/Programação/ROS2/UDH1/Navigation/install/udh1_description/share/udh1_description/package.bash'
[0.884s] INFO:colcon.colcon_core.shell:Creating package script '/home/majuste/Programação/ROS2/UDH1/Navigation/install/udh1_description/share/udh1_description/package.zsh'
[0.884s] Level 1:colcon.colcon_core.environment:create_file_with_runtime_dependencies(/home/majuste/Programação/ROS2/UDH1/Navigation/install/udh1_description/share/colcon-core/packages/udh1_description)
[1.048s] DEBUG:colcon.colcon_core.event_handler.log_command:Invoking command in '/home/majuste/Programação/ROS2/UDH1/Navigation/build/my_robot_bringup': DEBUGINFOD_URLS=https://debuginfod.archlinux.org PS1=[\u@\h \W]\$ PYTHONPATH=/home/majuste/Programação/ROS2/UDH1/Navigation/build/my_robot_bringup/prefix_override:/home/majuste/.local/lib/python3.10/site-packages/colcon_core/task/python/colcon_distutils_commands:/home/majuste/Programação/ROS2/UDH1/Navigation/install/my_robot_bringup/lib/python3.10/site-packages:${PYTHONPATH} /usr/bin/python3 -W ignore:setup.py install is deprecated -W ignore:easy_install command is deprecated setup.py develop --editable --build-directory /home/majuste/Programação/ROS2/UDH1/Navigation/build/my_robot_bringup/build --no-deps symlink_data
[1.051s] DEBUG:colcon.colcon_core.event_handler.log_command:Invoking command in '/home/majuste/Programação/ROS2/UDH1/Navigation/build/serial_com_py': DEBUGINFOD_URLS=https://debuginfod.archlinux.org PS1=[\u@\h \W]\$ PYTHONPATH=/home/majuste/Programação/ROS2/UDH1/Navigation/build/serial_com_py/prefix_override:/home/majuste/.local/lib/python3.10/site-packages/colcon_core/task/python/colcon_distutils_commands:/home/majuste/Programação/ROS2/UDH1/Navigation/install/serial_com_py/lib/python3.10/site-packages:${PYTHONPATH} /usr/bin/python3 -W ignore:setup.py install is deprecated -W ignore:easy_install command is deprecated setup.py develop --editable --build-directory /home/majuste/Programação/ROS2/UDH1/Navigation/build/serial_com_py/build --no-deps symlink_data
[1.067s] DEBUG:colcon.colcon_core.event_handler.log_command:Invoking command in '/home/majuste/Programação/ROS2/UDH1/Navigation/build/udh1_mapping': DEBUGINFOD_URLS=https://debuginfod.archlinux.org PS1=[\u@\h \W]\$ PYTHONPATH=/home/majuste/Programação/ROS2/UDH1/Navigation/build/udh1_mapping/prefix_override:/home/majuste/.local/lib/python3.10/site-packages/colcon_core/task/python/colcon_distutils_commands:/home/majuste/Programação/ROS2/UDH1/Navigation/install/udh1_mapping/lib/python3.10/site-packages:${PYTHONPATH} /usr/bin/python3 -W ignore:setup.py install is deprecated -W ignore:easy_install command is deprecated setup.py develop --editable --build-directory /home/majuste/Programação/ROS2/UDH1/Navigation/build/udh1_mapping/build --no-deps symlink_data
[1.332s] Level 1:colcon.colcon_core.shell:create_environment_hook('serial_com_py', 'pythonpath_develop')
[1.333s] INFO:colcon.colcon_core.shell:Creating environment hook '/home/majuste/Programação/ROS2/UDH1/Navigation/build/serial_com_py/share/serial_com_py/hook/pythonpath_develop.ps1'
[1.333s] DEBUG:colcon.colcon_core.event_handler.log_command:Invoked command in '/home/majuste/Programação/ROS2/UDH1/Navigation/build/serial_com_py' returned '0': DEBUGINFOD_URLS=https://debuginfod.archlinux.org PS1=[\u@\h \W]\$ PYTHONPATH=/home/majuste/Programação/ROS2/UDH1/Navigation/build/serial_com_py/prefix_override:/home/majuste/.local/lib/python3.10/site-packages/colcon_core/task/python/colcon_distutils_commands:/home/majuste/Programação/ROS2/UDH1/Navigation/install/serial_com_py/lib/python3.10/site-packages:${PYTHONPATH} /usr/bin/python3 -W ignore:setup.py install is deprecated -W ignore:easy_install command is deprecated setup.py develop --editable --build-directory /home/majuste/Programação/ROS2/UDH1/Navigation/build/serial_com_py/build --no-deps symlink_data
[1.333s] INFO:colcon.colcon_core.shell:Creating environment descriptor '/home/majuste/Programação/ROS2/UDH1/Navigation/build/serial_com_py/share/serial_com_py/hook/pythonpath_develop.dsv'
[1.334s] INFO:colcon.colcon_core.shell:Creating environment hook '/home/majuste/Programação/ROS2/UDH1/Navigation/build/serial_com_py/share/serial_com_py/hook/pythonpath_develop.sh'
[1.334s] Level 1:colcon.colcon_core.environment:checking '/home/majuste/Programação/ROS2/UDH1/Navigation/install/serial_com_py' for CMake module files
[1.334s] Level 1:colcon.colcon_core.environment:checking '/home/majuste/Programação/ROS2/UDH1/Navigation/install/serial_com_py' for CMake config files
[1.335s] Level 1:colcon.colcon_core.environment:checking '/home/majuste/Programação/ROS2/UDH1/Navigation/install/serial_com_py/lib'
[1.335s] Level 1:colcon.colcon_core.environment:checking '/home/majuste/Programação/ROS2/UDH1/Navigation/install/serial_com_py/bin'
[1.335s] Level 1:colcon.colcon_core.environment:checking '/home/majuste/Programação/ROS2/UDH1/Navigation/install/serial_com_py/lib/pkgconfig/serial_com_py.pc'
[1.335s] Level 1:colcon.colcon_core.environment:checking '/home/majuste/Programação/ROS2/UDH1/Navigation/install/serial_com_py/lib/python3.10/site-packages'
[1.335s] Level 1:colcon.colcon_core.shell:create_environment_hook('serial_com_py', 'pythonpath')
[1.335s] INFO:colcon.colcon_core.shell:Creating environment hook '/home/majuste/Programação/ROS2/UDH1/Navigation/install/serial_com_py/share/serial_com_py/hook/pythonpath.ps1'
[1.335s] INFO:colcon.colcon_core.shell:Creating environment descriptor '/home/majuste/Programação/ROS2/UDH1/Navigation/install/serial_com_py/share/serial_com_py/hook/pythonpath.dsv'
[1.335s] INFO:colcon.colcon_core.shell:Creating environment hook '/home/majuste/Programação/ROS2/UDH1/Navigation/install/serial_com_py/share/serial_com_py/hook/pythonpath.sh'
[1.336s] Level 1:colcon.colcon_core.environment:checking '/home/majuste/Programação/ROS2/UDH1/Navigation/install/serial_com_py/bin'
[1.336s] Level 1:colcon.colcon_core.environment:create_environment_scripts_only(serial_com_py)
[1.336s] INFO:colcon.colcon_core.shell:Creating package script '/home/majuste/Programação/ROS2/UDH1/Navigation/install/serial_com_py/share/serial_com_py/package.ps1'
[1.336s] INFO:colcon.colcon_core.shell:Creating package descriptor '/home/majuste/Programação/ROS2/UDH1/Navigation/install/serial_com_py/share/serial_com_py/package.dsv'
[1.337s] INFO:colcon.colcon_core.shell:Creating package script '/home/majuste/Programação/ROS2/UDH1/Navigation/install/serial_com_py/share/serial_com_py/package.sh'
[1.337s] INFO:colcon.colcon_core.shell:Creating package script '/home/majuste/Programação/ROS2/UDH1/Navigation/install/serial_com_py/share/serial_com_py/package.bash'
[1.337s] INFO:colcon.colcon_core.shell:Creating package script '/home/majuste/Programação/ROS2/UDH1/Navigation/install/serial_com_py/share/serial_com_py/package.zsh'
[1.337s] Level 1:colcon.colcon_core.environment:create_file_with_runtime_dependencies(/home/majuste/Programação/ROS2/UDH1/Navigation/install/serial_com_py/share/colcon-core/packages/serial_com_py)
[1.338s] Level 1:colcon.colcon_core.shell:create_environment_hook('my_robot_bringup', 'pythonpath_develop')
[1.338s] INFO:colcon.colcon_core.shell:Creating environment hook '/home/majuste/Programação/ROS2/UDH1/Navigation/build/my_robot_bringup/share/my_robot_bringup/hook/pythonpath_develop.ps1'
[1.338s] INFO:colcon.colcon_core.shell:Creating environment descriptor '/home/majuste/Programação/ROS2/UDH1/Navigation/build/my_robot_bringup/share/my_robot_bringup/hook/pythonpath_develop.dsv'
[1.338s] DEBUG:colcon.colcon_core.event_handler.log_command:Invoked command in '/home/majuste/Programação/ROS2/UDH1/Navigation/build/my_robot_bringup' returned '0': DEBUGINFOD_URLS=https://debuginfod.archlinux.org PS1=[\u@\h \W]\$ PYTHONPATH=/home/majuste/Programação/ROS2/UDH1/Navigation/build/my_robot_bringup/prefix_override:/home/majuste/.local/lib/python3.10/site-packages/colcon_core/task/python/colcon_distutils_commands:/home/majuste/Programação/ROS2/UDH1/Navigation/install/my_robot_bringup/lib/python3.10/site-packages:${PYTHONPATH} /usr/bin/python3 -W ignore:setup.py install is deprecated -W ignore:easy_install command is deprecated setup.py develop --editable --build-directory /home/majuste/Programação/ROS2/UDH1/Navigation/build/my_robot_bringup/build --no-deps symlink_data
[1.339s] INFO:colcon.colcon_core.shell:Creating environment hook '/home/majuste/Programação/ROS2/UDH1/Navigation/build/my_robot_bringup/share/my_robot_bringup/hook/pythonpath_develop.sh'
[1.339s] Level 1:colcon.colcon_core.environment:checking '/home/majuste/Programação/ROS2/UDH1/Navigation/install/my_robot_bringup' for CMake module files
[1.340s] Level 1:colcon.colcon_core.environment:checking '/home/majuste/Programação/ROS2/UDH1/Navigation/install/my_robot_bringup' for CMake config files
[1.340s] Level 1:colcon.colcon_core.environment:checking '/home/majuste/Programação/ROS2/UDH1/Navigation/install/my_robot_bringup/lib'
[1.340s] Level 1:colcon.colcon_core.environment:checking '/home/majuste/Programação/ROS2/UDH1/Navigation/install/my_robot_bringup/bin'
[1.340s] Level 1:colcon.colcon_core.environment:checking '/home/majuste/Programação/ROS2/UDH1/Navigation/install/my_robot_bringup/lib/pkgconfig/my_robot_bringup.pc'
[1.341s] Level 1:colcon.colcon_core.environment:checking '/home/majuste/Programação/ROS2/UDH1/Navigation/install/my_robot_bringup/lib/python3.10/site-packages'
[1.341s] Level 1:colcon.colcon_core.shell:create_environment_hook('my_robot_bringup', 'pythonpath')
[1.341s] INFO:colcon.colcon_core.shell:Creating environment hook '/home/majuste/Programação/ROS2/UDH1/Navigation/install/my_robot_bringup/share/my_robot_bringup/hook/pythonpath.ps1'
[1.341s] INFO:colcon.colcon_core.shell:Creating environment descriptor '/home/majuste/Programação/ROS2/UDH1/Navigation/install/my_robot_bringup/share/my_robot_bringup/hook/pythonpath.dsv'
[1.341s] INFO:colcon.colcon_core.shell:Creating environment hook '/home/majuste/Programação/ROS2/UDH1/Navigation/install/my_robot_bringup/share/my_robot_bringup/hook/pythonpath.sh'
[1.342s] Level 1:colcon.colcon_core.environment:checking '/home/majuste/Programação/ROS2/UDH1/Navigation/install/my_robot_bringup/bin'
[1.342s] Level 1:colcon.colcon_core.environment:create_environment_scripts_only(my_robot_bringup)
[1.342s] INFO:colcon.colcon_core.shell:Creating package script '/home/majuste/Programação/ROS2/UDH1/Navigation/install/my_robot_bringup/share/my_robot_bringup/package.ps1'
[1.342s] INFO:colcon.colcon_core.shell:Creating package descriptor '/home/majuste/Programação/ROS2/UDH1/Navigation/install/my_robot_bringup/share/my_robot_bringup/package.dsv'
[1.343s] INFO:colcon.colcon_core.shell:Creating package script '/home/majuste/Programação/ROS2/UDH1/Navigation/install/my_robot_bringup/share/my_robot_bringup/package.sh'
[1.343s] INFO:colcon.colcon_core.shell:Creating package script '/home/majuste/Programação/ROS2/UDH1/Navigation/install/my_robot_bringup/share/my_robot_bringup/package.bash'
[1.343s] INFO:colcon.colcon_core.shell:Creating package script '/home/majuste/Programação/ROS2/UDH1/Navigation/install/my_robot_bringup/share/my_robot_bringup/package.zsh'
[1.343s] Level 1:colcon.colcon_core.environment:create_file_with_runtime_dependencies(/home/majuste/Programação/ROS2/UDH1/Navigation/install/my_robot_bringup/share/colcon-core/packages/my_robot_bringup)
[1.349s] Level 1:colcon.colcon_core.shell:create_environment_hook('udh1_mapping', 'pythonpath_develop')
[1.349s] INFO:colcon.colcon_core.shell:Creating environment hook '/home/majuste/Programação/ROS2/UDH1/Navigation/build/udh1_mapping/share/udh1_mapping/hook/pythonpath_develop.ps1'
[1.350s] DEBUG:colcon.colcon_core.event_handler.log_command:Invoked command in '/home/majuste/Programação/ROS2/UDH1/Navigation/build/udh1_mapping' returned '0': DEBUGINFOD_URLS=https://debuginfod.archlinux.org PS1=[\u@\h \W]\$ PYTHONPATH=/home/majuste/Programação/ROS2/UDH1/Navigation/build/udh1_mapping/prefix_override:/home/majuste/.local/lib/python3.10/site-packages/colcon_core/task/python/colcon_distutils_commands:/home/majuste/Programação/ROS2/UDH1/Navigation/install/udh1_mapping/lib/python3.10/site-packages:${PYTHONPATH} /usr/bin/python3 -W ignore:setup.py install is deprecated -W ignore:easy_install command is deprecated setup.py develop --editable --build-directory /home/majuste/Programação/ROS2/UDH1/Navigation/build/udh1_mapping/build --no-deps symlink_data
[1.350s] INFO:colcon.colcon_core.shell:Creating environment descriptor '/home/majuste/Programação/ROS2/UDH1/Navigation/build/udh1_mapping/share/udh1_mapping/hook/pythonpath_develop.dsv'
[1.350s] INFO:colcon.colcon_core.shell:Creating environment hook '/home/majuste/Programação/ROS2/UDH1/Navigation/build/udh1_mapping/share/udh1_mapping/hook/pythonpath_develop.sh'
[1.350s] Level 1:colcon.colcon_core.environment:checking '/home/majuste/Programação/ROS2/UDH1/Navigation/install/udh1_mapping' for CMake module files
[1.351s] Level 1:colcon.colcon_core.environment:checking '/home/majuste/Programação/ROS2/UDH1/Navigation/install/udh1_mapping' for CMake config files
[1.351s] Level 1:colcon.colcon_core.environment:checking '/home/majuste/Programação/ROS2/UDH1/Navigation/install/udh1_mapping/lib'
[1.351s] Level 1:colcon.colcon_core.environment:checking '/home/majuste/Programação/ROS2/UDH1/Navigation/install/udh1_mapping/bin'
[1.351s] Level 1:colcon.colcon_core.environment:checking '/home/majuste/Programação/ROS2/UDH1/Navigation/install/udh1_mapping/lib/pkgconfig/udh1_mapping.pc'
[1.351s] Level 1:colcon.colcon_core.environment:checking '/home/majuste/Programação/ROS2/UDH1/Navigation/install/udh1_mapping/lib/python3.10/site-packages'
[1.351s] Level 1:colcon.colcon_core.shell:create_environment_hook('udh1_mapping', 'pythonpath')
[1.351s] INFO:colcon.colcon_core.shell:Creating environment hook '/home/majuste/Programação/ROS2/UDH1/Navigation/install/udh1_mapping/share/udh1_mapping/hook/pythonpath.ps1'
[1.352s] INFO:colcon.colcon_core.shell:Creating environment descriptor '/home/majuste/Programação/ROS2/UDH1/Navigation/install/udh1_mapping/share/udh1_mapping/hook/pythonpath.dsv'
[1.352s] INFO:colcon.colcon_core.shell:Creating environment hook '/home/majuste/Programação/ROS2/UDH1/Navigation/install/udh1_mapping/share/udh1_mapping/hook/pythonpath.sh'
[1.352s] Level 1:colcon.colcon_core.environment:checking '/home/majuste/Programação/ROS2/UDH1/Navigation/install/udh1_mapping/bin'
[1.352s] Level 1:colcon.colcon_core.environment:create_environment_scripts_only(udh1_mapping)
[1.352s] INFO:colcon.colcon_core.shell:Creating package script '/home/majuste/Programação/ROS2/UDH1/Navigation/install/udh1_mapping/share/udh1_mapping/package.ps1'
[1.353s] INFO:colcon.colcon_core.shell:Creating package descriptor '/home/majuste/Programação/ROS2/UDH1/Navigation/install/udh1_mapping/share/udh1_mapping/package.dsv'
[1.353s] INFO:colcon.colcon_core.shell:Creating package script '/home/majuste/Programação/ROS2/UDH1/Navigation/install/udh1_mapping/share/udh1_mapping/package.sh'
[1.353s] INFO:colcon.colcon_core.shell:Creating package script '/home/majuste/Programação/ROS2/UDH1/Navigation/install/udh1_mapping/share/udh1_mapping/package.bash'
[1.354s] INFO:colcon.colcon_core.shell:Creating package script '/home/majuste/Programação/ROS2/UDH1/Navigation/install/udh1_mapping/share/udh1_mapping/package.zsh'
[1.354s] Level 1:colcon.colcon_core.environment:create_file_with_runtime_dependencies(/home/majuste/Programação/ROS2/UDH1/Navigation/install/udh1_mapping/share/colcon-core/packages/udh1_mapping)
[1.354s] DEBUG:colcon.colcon_parallel_executor.executor.parallel:closing loop
[1.354s] DEBUG:colcon.colcon_parallel_executor.executor.parallel:loop closed
[1.355s] DEBUG:colcon.colcon_parallel_executor.executor.parallel:run_until_complete finished with '0'
[1.355s] DEBUG:colcon.colcon_core.event_reactor:joining thread
[1.359s] INFO:colcon.colcon_core.plugin_system:Skipping extension 'colcon_notification.desktop_notification.notify_send': Could not find 'notify-send'
[1.360s] INFO:colcon.colcon_core.plugin_system:Skipping extension 'colcon_notification.desktop_notification.terminal_notifier': Not used on non-Darwin systems
[1.360s] INFO:colcon.colcon_core.plugin_system:Skipping extension 'colcon_notification.desktop_notification.win32': Not used on non-Windows systems
[1.360s] INFO:colcon.colcon_notification.desktop_notification:Sending desktop notification using 'notify2'
[1.361s] DEBUG:colcon.colcon_core.event_reactor:joined thread
[1.362s] INFO:colcon.colcon_core.shell:Creating prefix script '/home/majuste/Programação/ROS2/UDH1/Navigation/install/local_setup.ps1'
[1.362s] INFO:colcon.colcon_core.shell:Creating prefix util module '/home/majuste/Programação/ROS2/UDH1/Navigation/install/_local_setup_util_ps1.py'
[1.364s] INFO:colcon.colcon_core.shell:Creating prefix chain script '/home/majuste/Programação/ROS2/UDH1/Navigation/install/setup.ps1'
[1.365s] INFO:colcon.colcon_core.shell:Creating prefix script '/home/majuste/Programação/ROS2/UDH1/Navigation/install/local_setup.sh'
[1.366s] INFO:colcon.colcon_core.shell:Creating prefix util module '/home/majuste/Programação/ROS2/UDH1/Navigation/install/_local_setup_util_sh.py'
[1.366s] INFO:colcon.colcon_core.shell:Creating prefix chain script '/home/majuste/Programação/ROS2/UDH1/Navigation/install/setup.sh'
[1.367s] INFO:colcon.colcon_core.shell:Creating prefix script '/home/majuste/Programação/ROS2/UDH1/Navigation/install/local_setup.bash'
[1.367s] INFO:colcon.colcon_core.shell:Creating prefix chain script '/home/majuste/Programação/ROS2/UDH1/Navigation/install/setup.bash'
[1.368s] INFO:colcon.colcon_core.shell:Creating prefix script '/home/majuste/Programação/ROS2/UDH1/Navigation/install/local_setup.zsh'
[1.368s] INFO:colcon.colcon_core.shell:Creating prefix chain script '/home/majuste/Programação/ROS2/UDH1/Navigation/install/setup.zsh'
