[0.000000] (-) TimerEvent: {}
[0.000326] (my_robot_bringup) JobQueued: {'identifier': 'my_robot_bringup', 'dependencies': OrderedDict()}
[0.000410] (serial_com_py) JobQueued: {'identifier': 'serial_com_py', 'dependencies': OrderedDict()}
[0.000472] (sllidar_ros2) JobQueued: {'identifier': 'sllidar_ros2', 'dependencies': OrderedDict()}
[0.000531] (udh1_description) JobQueued: {'identifier': 'udh1_description', 'dependencies': OrderedDict()}
[0.000557] (udh1_mapping) JobQueued: {'identifier': 'udh1_mapping', 'dependencies': OrderedDict()}
[0.000577] (my_robot_bringup) JobStarted: {'identifier': 'my_robot_bringup'}
[0.004244] (serial_com_py) JobStarted: {'identifier': 'serial_com_py'}
[0.006707] (sllidar_ros2) JobStarted: {'identifier': 'sllidar_ros2'}
[0.008486] (udh1_description) JobStarted: {'identifier': 'udh1_description'}
[0.010290] (udh1_mapping) JobStarted: {'identifier': 'udh1_mapping'}
[0.099881] (-) TimerEvent: {}
[0.200052] (-) TimerEvent: {}
[0.256622] (sllidar_ros2) JobProgress: {'identifier': 'sllidar_ros2', 'progress': 'cmake'}
[0.256956] (sllidar_ros2) JobProgress: {'identifier': 'sllidar_ros2', 'progress': 'build'}
[0.257391] (sllidar_ros2) Command: {'cmd': ['/usr/bin/cmake', '--build', '/home/majuste/Programação/ROS2/UDH1/Navigation/build/sllidar_ros2', '--', '-j24', '-l24'], 'cwd': '/home/majuste/Programação/ROS2/UDH1/Navigation/build/sllidar_ros2', 'env': OrderedDict([('UWSM_FINALIZE_VARNAMES', 'HYPRLAND_INSTANCE_SIGNATURE HYPRLAND_CMD HYPRCURSOR_THEME HYPRCURSOR_SIZE XCURSOR_SIZE XCURSOR_THEME'), ('MAIL', '/var/spool/mail/majuste'), ('HYPRLAND_CMD', 'Hyprland --watchdog-fd 4'), ('USER', 'majuste'), ('HYPRLAND_INSTANCE_SIGNATURE', '59f9f2688ac508a0584d1462151195a6c4992f99_1779113623_280734289'), ('STARSHIP_SHELL', 'fish'), ('HOSTNAME', 'archdesk'), ('XDG_SESSION_TYPE', 'wayland'), ('XCURSOR_SIZE', '24'), ('XDG_CACHE_HOME', '/home/majuste/.cache'), ('SHLVL', '4'), ('LD_LIBRARY_PATH', '/usr/lib/x86_64-linux-gnu/gazebo-11/plugins:/opt/ros/humble/opt/rviz_ogre_vendor/lib:/opt/ros/humble/lib/x86_64-linux-gnu:/opt/ros/humble/lib'), ('MOTD_SHOWN', 'pam'), ('HOME', '/home/majuste'), ('MOZ_ENABLE_WAYLAND', '1'), ('DESKTOP_SESSION', 'hyprland-uwsm'), ('ROS_PYTHON_VERSION', '3'), ('PS1', '[\\u@\\h \\W]\\$'), ('NIX_PROFILES', '/nix/var/nix/profiles/default /home/majuste/.nix-profile'), ('MANAGERPID', '1390'), ('DISTROBOX_ENTER_PATH', '/usr/bin/distrobox-enter'), ('SYSTEMD_EXEC_PID', '1524'), ('NOTIFY_SOCKET', '/run/user/1000/systemd/notify'), ('XDG_STATE_HOME', '/home/majuste/.local/state'), ('DBUS_SESSION_BUS_ADDRESS', 'unix:path=/run/user/1000/bus'), ('COLORTERM', 'truecolor'), ('QT_WAYLAND_DISABLE_WINDOWDECORATION', '1'), ('container', 'docker'), ('DEBUGINFOD_URLS', 'https://debuginfod.archlinux.org'), ('QT_QPA_PLATFORMTHEME', 'qtengine'), ('WAYLAND_DISPLAY', 'wayland-1'), ('ROS_DISTRO', 'humble'), ('LOGNAME', 'majuste'), ('MANAGERPIDFDID', '1391'), ('QT_AUTO_SCREEN_SCALE_FACTOR', '1'), ('JOURNAL_STREAM', '9:9564'), ('_', '/usr/bin/colcon'), ('ROS_VERSION', '2'), ('MEMORY_PRESSURE_WATCH', '/sys/fs/cgroup/user.slice/user-1000.slice/user@1000.service/session.slice/wayland-wm@hyprland.desktop.service/memory.pressure'), ('XDG_SESSION_CLASS', 'user'), ('TERMINFO_DIRS', '/usr/share/terminfo:/run/host/usr/share/terminfo'), ('CLUTTER_BACKEND', 'wayland'), ('TERM', 'foot'), ('XDG_SESSION_ID', '2'), ('ROS_LOCALHOST_ONLY', '0'), ('HL_INITIAL_WORKSPACE_TOKEN', '8336e849-0f03-446e-a46a-e9a076fe0666'), ('PATH', '/opt/ros/humble/bin:/home/majuste/.nix-profile/bin:/nix/var/nix/profiles/default/bin:/usr/local/sbin:/usr/local/bin:/usr/bin:/var/lib/flatpak/exports/bin:/usr/lib/jvm/default/bin:/usr/bin/site_perl:/usr/bin/vendor_perl:/usr/bin/core_perl:/usr/local/sbin:/usr/local/bin:/usr/sbin:/usr/bin:/sbin:/bin:/usr/sbin:/sbin:/bin'), ('INVOCATION_ID', '3184a76a8ec04af9bea77fe1abce449f'), ('XDG_SESSION_PATH', '/org/freedesktop/DisplayManager/Session1'), ('XDG_MENU_PREFIX', 'hyprland-'), ('XDG_RUNTIME_DIR', '/run/user/1000'), ('XCURSOR_THEME', 'sweet-cursors'), ('GDK_BACKEND', 'wayland,x11'), ('DISPLAY', ':1'), ('LANG', 'en_US.UTF-8'), ('XDG_CURRENT_DESKTOP', 'Hyprland'), ('XDG_DATA_HOME', '/home/majuste/.local/share'), ('XDG_CONFIG_HOME', '/home/majuste/.config'), ('XDG_SESSION_DESKTOP', 'Hyprland'), ('ROS_DOMAIN_ID', '1'), ('AMENT_PREFIX_PATH', '/opt/ros/humble'), ('SHELL', '/usr/bin/bash'), ('UWSM_WAIT_VARNAMES', 'HYPRLAND_INSTANCE_SIGNATURE'), ('SDL_VIDEODRIVER', 'wayland,x11,windows'), ('NIX_SSL_CERT_FILE', '/etc/ssl/certs/ca-certificates.crt'), ('ELECTRON_OZONE_PLATFORM_HINT', 'auto'), ('PWD', '/home/majuste/Programação/ROS2/UDH1/Navigation/build/sllidar_ros2'), ('CONTAINER_ID', 'ros-humble'), ('QT_QPA_PLATFORM', 'wayland;xcb'), ('XDG_CONFIG_DIRS', '/etc/xdg'), ('XDG_BACKEND', 'wayland'), ('XDG_DATA_DIRS', '/home/majuste/.local/share/flatpak/exports/share:/var/lib/flatpak/exports/share:/usr/local/share:/usr/share:/home/majuste/.nix-profile/share:/nix/var/nix/profiles/default/share'), ('STARSHIP_SESSION_KEY', '1084412715265142'), ('PYTHONPATH', '/opt/ros/humble/lib/python3.10/site-packages:/opt/ros/humble/local/lib/python3.10/dist-packages'), ('APP2UNIT_SLICES', 'a=app-graphical.slice b=background-graphical.slice s=session-graphical.slice'), ('COLCON', '1'), ('MEMORY_PRESSURE_WRITE', 'c29tZSAyMDAwMDAgMjAwMDAwMAA='), ('CMAKE_PREFIX_PATH', '/opt/ros/humble')]), 'shell': False}
[0.258867] (udh1_description) JobProgress: {'identifier': 'udh1_description', 'progress': 'cmake'}
[0.259105] (udh1_description) JobProgress: {'identifier': 'udh1_description', 'progress': 'build'}
[0.259514] (udh1_description) Command: {'cmd': ['/usr/bin/cmake', '--build', '/home/majuste/Programação/ROS2/UDH1/Navigation/build/udh1_description', '--', '-j24', '-l24'], 'cwd': '/home/majuste/Programação/ROS2/UDH1/Navigation/build/udh1_description', 'env': OrderedDict([('UWSM_FINALIZE_VARNAMES', 'HYPRLAND_INSTANCE_SIGNATURE HYPRLAND_CMD HYPRCURSOR_THEME HYPRCURSOR_SIZE XCURSOR_SIZE XCURSOR_THEME'), ('MAIL', '/var/spool/mail/majuste'), ('HYPRLAND_CMD', 'Hyprland --watchdog-fd 4'), ('USER', 'majuste'), ('HYPRLAND_INSTANCE_SIGNATURE', '59f9f2688ac508a0584d1462151195a6c4992f99_1779113623_280734289'), ('STARSHIP_SHELL', 'fish'), ('HOSTNAME', 'archdesk'), ('XDG_SESSION_TYPE', 'wayland'), ('XCURSOR_SIZE', '24'), ('XDG_CACHE_HOME', '/home/majuste/.cache'), ('SHLVL', '4'), ('LD_LIBRARY_PATH', '/usr/lib/x86_64-linux-gnu/gazebo-11/plugins:/opt/ros/humble/opt/rviz_ogre_vendor/lib:/opt/ros/humble/lib/x86_64-linux-gnu:/opt/ros/humble/lib'), ('MOTD_SHOWN', 'pam'), ('HOME', '/home/majuste'), ('MOZ_ENABLE_WAYLAND', '1'), ('DESKTOP_SESSION', 'hyprland-uwsm'), ('ROS_PYTHON_VERSION', '3'), ('PS1', '[\\u@\\h \\W]\\$'), ('NIX_PROFILES', '/nix/var/nix/profiles/default /home/majuste/.nix-profile'), ('MANAGERPID', '1390'), ('DISTROBOX_ENTER_PATH', '/usr/bin/distrobox-enter'), ('SYSTEMD_EXEC_PID', '1524'), ('NOTIFY_SOCKET', '/run/user/1000/systemd/notify'), ('XDG_STATE_HOME', '/home/majuste/.local/state'), ('DBUS_SESSION_BUS_ADDRESS', 'unix:path=/run/user/1000/bus'), ('COLORTERM', 'truecolor'), ('QT_WAYLAND_DISABLE_WINDOWDECORATION', '1'), ('container', 'docker'), ('DEBUGINFOD_URLS', 'https://debuginfod.archlinux.org'), ('QT_QPA_PLATFORMTHEME', 'qtengine'), ('WAYLAND_DISPLAY', 'wayland-1'), ('ROS_DISTRO', 'humble'), ('LOGNAME', 'majuste'), ('MANAGERPIDFDID', '1391'), ('QT_AUTO_SCREEN_SCALE_FACTOR', '1'), ('JOURNAL_STREAM', '9:9564'), ('_', '/usr/bin/colcon'), ('ROS_VERSION', '2'), ('MEMORY_PRESSURE_WATCH', '/sys/fs/cgroup/user.slice/user-1000.slice/user@1000.service/session.slice/wayland-wm@hyprland.desktop.service/memory.pressure'), ('XDG_SESSION_CLASS', 'user'), ('TERMINFO_DIRS', '/usr/share/terminfo:/run/host/usr/share/terminfo'), ('CLUTTER_BACKEND', 'wayland'), ('TERM', 'foot'), ('XDG_SESSION_ID', '2'), ('ROS_LOCALHOST_ONLY', '0'), ('HL_INITIAL_WORKSPACE_TOKEN', '8336e849-0f03-446e-a46a-e9a076fe0666'), ('PATH', '/opt/ros/humble/bin:/home/majuste/.nix-profile/bin:/nix/var/nix/profiles/default/bin:/usr/local/sbin:/usr/local/bin:/usr/bin:/var/lib/flatpak/exports/bin:/usr/lib/jvm/default/bin:/usr/bin/site_perl:/usr/bin/vendor_perl:/usr/bin/core_perl:/usr/local/sbin:/usr/local/bin:/usr/sbin:/usr/bin:/sbin:/bin:/usr/sbin:/sbin:/bin'), ('INVOCATION_ID', '3184a76a8ec04af9bea77fe1abce449f'), ('XDG_SESSION_PATH', '/org/freedesktop/DisplayManager/Session1'), ('XDG_MENU_PREFIX', 'hyprland-'), ('XDG_RUNTIME_DIR', '/run/user/1000'), ('XCURSOR_THEME', 'sweet-cursors'), ('GDK_BACKEND', 'wayland,x11'), ('DISPLAY', ':1'), ('LANG', 'en_US.UTF-8'), ('XDG_CURRENT_DESKTOP', 'Hyprland'), ('XDG_DATA_HOME', '/home/majuste/.local/share'), ('XDG_CONFIG_HOME', '/home/majuste/.config'), ('XDG_SESSION_DESKTOP', 'Hyprland'), ('ROS_DOMAIN_ID', '1'), ('AMENT_PREFIX_PATH', '/opt/ros/humble'), ('SHELL', '/usr/bin/bash'), ('UWSM_WAIT_VARNAMES', 'HYPRLAND_INSTANCE_SIGNATURE'), ('SDL_VIDEODRIVER', 'wayland,x11,windows'), ('NIX_SSL_CERT_FILE', '/etc/ssl/certs/ca-certificates.crt'), ('ELECTRON_OZONE_PLATFORM_HINT', 'auto'), ('PWD', '/home/majuste/Programação/ROS2/UDH1/Navigation/build/udh1_description'), ('CONTAINER_ID', 'ros-humble'), ('QT_QPA_PLATFORM', 'wayland;xcb'), ('XDG_CONFIG_DIRS', '/etc/xdg'), ('XDG_BACKEND', 'wayland'), ('XDG_DATA_DIRS', '/home/majuste/.local/share/flatpak/exports/share:/var/lib/flatpak/exports/share:/usr/local/share:/usr/share:/home/majuste/.nix-profile/share:/nix/var/nix/profiles/default/share'), ('STARSHIP_SESSION_KEY', '1084412715265142'), ('PYTHONPATH', '/opt/ros/humble/lib/python3.10/site-packages:/opt/ros/humble/local/lib/python3.10/dist-packages'), ('APP2UNIT_SLICES', 'a=app-graphical.slice b=background-graphical.slice s=session-graphical.slice'), ('COLCON', '1'), ('MEMORY_PRESSURE_WRITE', 'c29tZSAyMDAwMDAgMjAwMDAwMAA='), ('CMAKE_PREFIX_PATH', '/opt/ros/humble')]), 'shell': False}
[0.273528] (udh1_description) StdoutLine: {'line': b'-- Found ament_cmake: 1.3.14 (/opt/ros/humble/share/ament_cmake/cmake)\n'}
[0.291630] (sllidar_ros2) StdoutLine: {'line': b'[  5%] \x1b[32mBuilding CXX object CMakeFiles/sllidar_node.dir/sdk/src/arch/linux/net_serial.cpp.o\x1b[0m\n'}
[0.291812] (sllidar_ros2) StdoutLine: {'line': b'[ 10%] \x1b[32mBuilding CXX object CMakeFiles/sllidar_node.dir/src/sllidar_node.cpp.o\x1b[0m\n'}
[0.291886] (sllidar_ros2) StdoutLine: {'line': b'[ 15%] \x1b[32mBuilding CXX object CMakeFiles/sllidar_client.dir/src/sllidar_client.cpp.o\x1b[0m\n'}
[0.291944] (sllidar_ros2) StdoutLine: {'line': b'[ 20%] \x1b[32mBuilding CXX object CMakeFiles/sllidar_node.dir/sdk/src/dataunpacker/unpacker/handler_normalnode.cpp.o\x1b[0m\n'}
[0.292027] (sllidar_ros2) StdoutLine: {'line': b'[ 35%] \x1b[32mBuilding CXX object CMakeFiles/sllidar_node.dir/sdk/src/rplidar_driver.cpp.o\x1b[0m\n'}
[0.292077] (sllidar_ros2) StdoutLine: {'line': b'[ 35%] \x1b[32mBuilding CXX object CMakeFiles/sllidar_node.dir/sdk/src/arch/linux/timer.cpp.o\x1b[0m\n'}
[0.292125] (sllidar_ros2) StdoutLine: {'line': b'[ 35%] \x1b[32mBuilding CXX object CMakeFiles/sllidar_node.dir/sdk/src/arch/linux/net_socket.cpp.o\x1b[0m\n'}
[0.292219] (sllidar_ros2) StdoutLine: {'line': b'[ 40%] \x1b[32mBuilding CXX object CMakeFiles/sllidar_node.dir/sdk/src/dataunpacker/dataunpacker.cpp.o\x1b[0m\n'}
[0.292363] (sllidar_ros2) StdoutLine: {'line': b'[ 50%] \x1b[32mBuilding CXX object CMakeFiles/sllidar_node.dir/sdk/src/dataunpacker/unpacker/handler_capsules.cpp.o\x1b[0m\n'}
[0.292427] (sllidar_ros2) StdoutLine: {'line': b'[ 50%] \x1b[32mBuilding CXX object CMakeFiles/sllidar_node.dir/sdk/src/dataunpacker/unpacker/handler_hqnode.cpp.o\x1b[0m\n'}
[0.293617] (sllidar_ros2) StdoutLine: {'line': b'[ 55%] \x1b[32mBuilding CXX object CMakeFiles/sllidar_node.dir/sdk/src/hal/thread.cpp.o\x1b[0m\n'}
[0.293694] (sllidar_ros2) StdoutLine: {'line': b'[ 60%] \x1b[32mBuilding CXX object CMakeFiles/sllidar_node.dir/sdk/src/sl_async_transceiver.cpp.o\x1b[0m\n'}
[0.293773] (sllidar_ros2) StdoutLine: {'line': b'[ 65%] \x1b[32mBuilding CXX object CMakeFiles/sllidar_node.dir/sdk/src/sl_crc.cpp.o\x1b[0m\n'}
[0.293819] (sllidar_ros2) StdoutLine: {'line': b'[ 70%] \x1b[32mBuilding CXX object CMakeFiles/sllidar_node.dir/sdk/src/sl_lidar_driver.cpp.o\x1b[0m\n'}
[0.294177] (sllidar_ros2) StdoutLine: {'line': b'[ 75%] \x1b[32mBuilding CXX object CMakeFiles/sllidar_node.dir/sdk/src/sl_tcp_channel.cpp.o\x1b[0m\n'}
[0.294351] (sllidar_ros2) StdoutLine: {'line': b'[ 80%] \x1b[32mBuilding CXX object CMakeFiles/sllidar_node.dir/sdk/src/sl_serial_channel.cpp.o\x1b[0m\n'}
[0.294418] (sllidar_ros2) StdoutLine: {'line': b'[ 85%] \x1b[32mBuilding CXX object CMakeFiles/sllidar_node.dir/sdk/src/sl_lidarprotocol_codec.cpp.o\x1b[0m\n'}
[0.294485] (sllidar_ros2) StdoutLine: {'line': b'[ 90%] \x1b[32mBuilding CXX object CMakeFiles/sllidar_node.dir/sdk/src/sl_udp_channel.cpp.o\x1b[0m\n'}
[0.300122] (-) TimerEvent: {}
[0.341422] (udh1_description) StdoutLine: {'line': b'-- Override CMake install command with custom implementation using symlinks instead of copying resources\n'}
[0.347647] (udh1_description) StdoutLine: {'line': b'-- Found ament_lint_auto: 0.12.15 (/opt/ros/humble/share/ament_lint_auto/cmake)\n'}
[0.400191] (-) TimerEvent: {}
[0.427050] (udh1_description) StdoutLine: {'line': b"-- Added test 'flake8' to check Python code syntax and style conventions\n"}
[0.427239] (udh1_description) StdoutLine: {'line': b"-- Added test 'lint_cmake' to check CMake code style\n"}
[0.427400] (udh1_description) StdoutLine: {'line': b"-- Added test 'pep257' to check Python code against some of the docstring style conventions in PEP 257\n"}
[0.428019] (udh1_description) StdoutLine: {'line': b"-- Added test 'xmllint' to check XML markup files\n"}
[0.428692] (udh1_description) StdoutLine: {'line': b'-- Configuring done\n'}
[0.430922] (udh1_description) StdoutLine: {'line': b'-- Generating done\n'}
[0.432076] (udh1_description) StdoutLine: {'line': b'-- Build files have been written to: /home/majuste/Programa\xc3\xa7\xc3\xa3o/ROS2/UDH1/Navigation/build/udh1_description\n'}
[0.446937] (udh1_description) CommandEnded: {'returncode': 0}
[0.447300] (udh1_description) JobProgress: {'identifier': 'udh1_description', 'progress': 'install'}
[0.452179] (udh1_description) Command: {'cmd': ['/usr/bin/cmake', '--install', '/home/majuste/Programação/ROS2/UDH1/Navigation/build/udh1_description'], 'cwd': '/home/majuste/Programação/ROS2/UDH1/Navigation/build/udh1_description', 'env': OrderedDict([('UWSM_FINALIZE_VARNAMES', 'HYPRLAND_INSTANCE_SIGNATURE HYPRLAND_CMD HYPRCURSOR_THEME HYPRCURSOR_SIZE XCURSOR_SIZE XCURSOR_THEME'), ('MAIL', '/var/spool/mail/majuste'), ('HYPRLAND_CMD', 'Hyprland --watchdog-fd 4'), ('USER', 'majuste'), ('HYPRLAND_INSTANCE_SIGNATURE', '59f9f2688ac508a0584d1462151195a6c4992f99_1779113623_280734289'), ('STARSHIP_SHELL', 'fish'), ('HOSTNAME', 'archdesk'), ('XDG_SESSION_TYPE', 'wayland'), ('XCURSOR_SIZE', '24'), ('XDG_CACHE_HOME', '/home/majuste/.cache'), ('SHLVL', '4'), ('LD_LIBRARY_PATH', '/usr/lib/x86_64-linux-gnu/gazebo-11/plugins:/opt/ros/humble/opt/rviz_ogre_vendor/lib:/opt/ros/humble/lib/x86_64-linux-gnu:/opt/ros/humble/lib'), ('MOTD_SHOWN', 'pam'), ('HOME', '/home/majuste'), ('MOZ_ENABLE_WAYLAND', '1'), ('DESKTOP_SESSION', 'hyprland-uwsm'), ('ROS_PYTHON_VERSION', '3'), ('PS1', '[\\u@\\h \\W]\\$'), ('NIX_PROFILES', '/nix/var/nix/profiles/default /home/majuste/.nix-profile'), ('MANAGERPID', '1390'), ('DISTROBOX_ENTER_PATH', '/usr/bin/distrobox-enter'), ('SYSTEMD_EXEC_PID', '1524'), ('NOTIFY_SOCKET', '/run/user/1000/systemd/notify'), ('XDG_STATE_HOME', '/home/majuste/.local/state'), ('DBUS_SESSION_BUS_ADDRESS', 'unix:path=/run/user/1000/bus'), ('COLORTERM', 'truecolor'), ('QT_WAYLAND_DISABLE_WINDOWDECORATION', '1'), ('container', 'docker'), ('DEBUGINFOD_URLS', 'https://debuginfod.archlinux.org'), ('QT_QPA_PLATFORMTHEME', 'qtengine'), ('WAYLAND_DISPLAY', 'wayland-1'), ('ROS_DISTRO', 'humble'), ('LOGNAME', 'majuste'), ('MANAGERPIDFDID', '1391'), ('QT_AUTO_SCREEN_SCALE_FACTOR', '1'), ('JOURNAL_STREAM', '9:9564'), ('_', '/usr/bin/colcon'), ('ROS_VERSION', '2'), ('MEMORY_PRESSURE_WATCH', '/sys/fs/cgroup/user.slice/user-1000.slice/user@1000.service/session.slice/wayland-wm@hyprland.desktop.service/memory.pressure'), ('XDG_SESSION_CLASS', 'user'), ('TERMINFO_DIRS', '/usr/share/terminfo:/run/host/usr/share/terminfo'), ('CLUTTER_BACKEND', 'wayland'), ('TERM', 'foot'), ('XDG_SESSION_ID', '2'), ('ROS_LOCALHOST_ONLY', '0'), ('HL_INITIAL_WORKSPACE_TOKEN', '8336e849-0f03-446e-a46a-e9a076fe0666'), ('PATH', '/opt/ros/humble/bin:/home/majuste/.nix-profile/bin:/nix/var/nix/profiles/default/bin:/usr/local/sbin:/usr/local/bin:/usr/bin:/var/lib/flatpak/exports/bin:/usr/lib/jvm/default/bin:/usr/bin/site_perl:/usr/bin/vendor_perl:/usr/bin/core_perl:/usr/local/sbin:/usr/local/bin:/usr/sbin:/usr/bin:/sbin:/bin:/usr/sbin:/sbin:/bin'), ('INVOCATION_ID', '3184a76a8ec04af9bea77fe1abce449f'), ('XDG_SESSION_PATH', '/org/freedesktop/DisplayManager/Session1'), ('XDG_MENU_PREFIX', 'hyprland-'), ('XDG_RUNTIME_DIR', '/run/user/1000'), ('XCURSOR_THEME', 'sweet-cursors'), ('GDK_BACKEND', 'wayland,x11'), ('DISPLAY', ':1'), ('LANG', 'en_US.UTF-8'), ('XDG_CURRENT_DESKTOP', 'Hyprland'), ('XDG_DATA_HOME', '/home/majuste/.local/share'), ('XDG_CONFIG_HOME', '/home/majuste/.config'), ('XDG_SESSION_DESKTOP', 'Hyprland'), ('ROS_DOMAIN_ID', '1'), ('AMENT_PREFIX_PATH', '/opt/ros/humble'), ('SHELL', '/usr/bin/bash'), ('UWSM_WAIT_VARNAMES', 'HYPRLAND_INSTANCE_SIGNATURE'), ('SDL_VIDEODRIVER', 'wayland,x11,windows'), ('NIX_SSL_CERT_FILE', '/etc/ssl/certs/ca-certificates.crt'), ('ELECTRON_OZONE_PLATFORM_HINT', 'auto'), ('PWD', '/home/majuste/Programação/ROS2/UDH1/Navigation/build/udh1_description'), ('CONTAINER_ID', 'ros-humble'), ('QT_QPA_PLATFORM', 'wayland;xcb'), ('XDG_CONFIG_DIRS', '/etc/xdg'), ('XDG_BACKEND', 'wayland'), ('XDG_DATA_DIRS', '/home/majuste/.local/share/flatpak/exports/share:/var/lib/flatpak/exports/share:/usr/local/share:/usr/share:/home/majuste/.nix-profile/share:/nix/var/nix/profiles/default/share'), ('STARSHIP_SESSION_KEY', '1084412715265142'), ('PYTHONPATH', '/opt/ros/humble/lib/python3.10/site-packages:/opt/ros/humble/local/lib/python3.10/dist-packages'), ('APP2UNIT_SLICES', 'a=app-graphical.slice b=background-graphical.slice s=session-graphical.slice'), ('COLCON', '1'), ('MEMORY_PRESSURE_WRITE', 'c29tZSAyMDAwMDAgMjAwMDAwMAA='), ('CMAKE_PREFIX_PATH', '/opt/ros/humble')]), 'shell': False}
[0.456407] (udh1_description) StdoutLine: {'line': b'-- Install configuration: ""\n'}
[0.456840] (udh1_description) StdoutLine: {'line': b'-- Execute custom install script\n'}
[0.457044] (udh1_description) StdoutLine: {'line': b'-- Up-to-date symlink: /home/majuste/Programa\xc3\xa7\xc3\xa3o/ROS2/UDH1/Navigation/install/udh1_description/share/udh1_description/urdf/udh1.urdf\n'}
[0.457172] (udh1_description) StdoutLine: {'line': b'-- Up-to-date symlink: /home/majuste/Programa\xc3\xa7\xc3\xa3o/ROS2/UDH1/Navigation/install/udh1_description/share/udh1_description/launch/display.launch.py\n'}
[0.457249] (udh1_description) StderrLine: {'line': b'CMake Error at ament_cmake_symlink_install/ament_cmake_symlink_install.cmake:105 (message):\n'}
[0.457286] (udh1_description) StderrLine: {'line': b"  ament_cmake_symlink_install_directory() can't find\n"}
[0.457319] (udh1_description) StderrLine: {'line': b"  '/home/majuste/Programa\xc3\xa7\xc3\xa3o/ROS2/UDH1/Navigation/src/udh1_description/rvizs'\n"}
[0.457349] (udh1_description) StderrLine: {'line': b'Call Stack (most recent call first):\n'}
[0.457378] (udh1_description) StderrLine: {'line': b'  ament_cmake_symlink_install/ament_cmake_symlink_install.cmake:319 (ament_cmake_symlink_install_directory)\n'}
[0.457407] (udh1_description) StderrLine: {'line': b'  cmake_install.cmake:46 (include)\n'}
[0.457436] (udh1_description) StderrLine: {'line': b'\n'}
[0.457463] (udh1_description) StderrLine: {'line': b'\n'}
[0.457974] (udh1_description) CommandEnded: {'returncode': 1}
[0.462814] (udh1_description) JobEnded: {'identifier': 'udh1_description', 'rc': 1}
[0.500252] (-) TimerEvent: {}
[0.539605] (serial_com_py) JobEnded: {'identifier': 'serial_com_py', 'rc': 'SIGINT'}
[0.545361] (my_robot_bringup) JobEnded: {'identifier': 'my_robot_bringup', 'rc': 'SIGINT'}
[0.546882] (udh1_mapping) JobEnded: {'identifier': 'udh1_mapping', 'rc': 'SIGINT'}
[0.548056] (sllidar_ros2) StderrLine: {'line': b'In file included from \x1b[01m\x1b[K/home/majuste/Programa\xc3\xa7\xc3\xa3o/ROS2/UDH1/Navigation/src/sllidar_ros2/./sdk/include/sl_lidar_cmd.h:41\x1b[m\x1b[K,\n'}
[0.548123] (sllidar_ros2) StderrLine: {'line': b'                 from \x1b[01m\x1b[K/home/majuste/Programa\xc3\xa7\xc3\xa3o/ROS2/UDH1/Navigation/src/sllidar_ros2/./sdk/include/sl_crc.h:36\x1b[m\x1b[K,\n'}
[0.548167] (sllidar_ros2) StderrLine: {'line': b'                 from \x1b[01m\x1b[K/home/majuste/Programa\xc3\xa7\xc3\xa3o/ROS2/UDH1/Navigation/src/sllidar_ros2/sdk/src/sl_crc.cpp:33\x1b[m\x1b[K:\n'}
[0.548201] (sllidar_ros2) StderrLine: {'line': b'\x1b[01m\x1b[K/home/majuste/Programa\xc3\xa7\xc3\xa3o/ROS2/UDH1/Navigation/src/sllidar_ros2/./sdk/include/sl_lidar_protocol.h:66:16:\x1b[m\x1b[K \x1b[01;35m\x1b[Kwarning: \x1b[m\x1b[KISO C++ forbids zero-size array \xe2\x80\x98\x1b[01m\x1b[Kdata\x1b[m\x1b[K\xe2\x80\x99 [\x1b[01;35m\x1b[K\x1b]8;;https://gcc.gnu.org/onlinedocs/gcc/Warning-Options.html#index-Wpedantic\x07-Wpedantic\x1b]8;;\x07\x1b[m\x1b[K]\n'}
[0.548234] (sllidar_ros2) StderrLine: {'line': b'   66 |     sl_u8 data[\x1b[01;35m\x1b[K0\x1b[m\x1b[K];\n'}
[0.548267] (sllidar_ros2) StderrLine: {'line': b'      |                \x1b[01;35m\x1b[K^\x1b[m\x1b[K\n'}
[0.548326] (sllidar_ros2) StderrLine: {'line': b'In file included from \x1b[01m\x1b[K/home/majuste/Programa\xc3\xa7\xc3\xa3o/ROS2/UDH1/Navigation/src/sllidar_ros2/./sdk/include/sl_crc.h:36\x1b[m\x1b[K,\n'}
[0.548362] (sllidar_ros2) StderrLine: {'line': b'                 from \x1b[01m\x1b[K/home/majuste/Programa\xc3\xa7\xc3\xa3o/ROS2/UDH1/Navigation/src/sllidar_ros2/sdk/src/sl_crc.cpp:33\x1b[m\x1b[K:\n'}
[0.548391] (sllidar_ros2) StderrLine: {'line': b'\x1b[01m\x1b[K/home/majuste/Programa\xc3\xa7\xc3\xa3o/ROS2/UDH1/Navigation/src/sllidar_ros2/./sdk/include/sl_lidar_cmd.h:324:20:\x1b[m\x1b[K \x1b[01;35m\x1b[Kwarning: \x1b[m\x1b[KISO C++ forbids zero-size array \xe2\x80\x98\x1b[01m\x1b[Kpayload\x1b[m\x1b[K\xe2\x80\x99 [\x1b[01;35m\x1b[K\x1b]8;;https://gcc.gnu.org/onlinedocs/gcc/Warning-Options.html#index-Wpedantic\x07-Wpedantic\x1b]8;;\x07\x1b[m\x1b[K]\n'}
[0.548420] (sllidar_ros2) StderrLine: {'line': b'  324 |     sl_u8  payload[\x1b[01;35m\x1b[K0\x1b[m\x1b[K];\n'}
[0.548448] (sllidar_ros2) StderrLine: {'line': b'      |                    \x1b[01;35m\x1b[K^\x1b[m\x1b[K\n'}
[0.600311] (-) TimerEvent: {}
[0.700446] (-) TimerEvent: {}
[0.800562] (-) TimerEvent: {}
[0.900673] (-) TimerEvent: {}
[1.000784] (-) TimerEvent: {}
[1.100999] (-) TimerEvent: {}
[1.201196] (-) TimerEvent: {}
[1.301371] (-) TimerEvent: {}
[1.401579] (-) TimerEvent: {}
[1.501768] (-) TimerEvent: {}
[1.601944] (-) TimerEvent: {}
[1.702211] (-) TimerEvent: {}
[1.802452] (-) TimerEvent: {}
[1.896633] (sllidar_ros2) StderrLine: {'line': b'In file included from \x1b[01m\x1b[K/home/majuste/Programa\xc3\xa7\xc3\xa3o/ROS2/UDH1/Navigation/src/sllidar_ros2/./sdk/include/sl_lidar_cmd.h:41\x1b[m\x1b[K,\n'}
[1.896832] (sllidar_ros2) StderrLine: {'line': b'                 from \x1b[01m\x1b[K/home/majuste/Programa\xc3\xa7\xc3\xa3o/ROS2/UDH1/Navigation/src/sllidar_ros2/./sdk/include/sl_lidar_driver.h:54\x1b[m\x1b[K,\n'}
[1.896895] (sllidar_ros2) StderrLine: {'line': b'                 from \x1b[01m\x1b[K/home/majuste/Programa\xc3\xa7\xc3\xa3o/ROS2/UDH1/Navigation/src/sllidar_ros2/sdk/src/sl_tcp_channel.cpp:33\x1b[m\x1b[K:\n'}
[1.896956] (sllidar_ros2) StderrLine: {'line': b'\x1b[01m\x1b[K/home/majuste/Programa\xc3\xa7\xc3\xa3o/ROS2/UDH1/Navigation/src/sllidar_ros2/./sdk/include/sl_lidar_protocol.h:66:16:\x1b[m\x1b[K \x1b[01;35m\x1b[Kwarning: \x1b[m\x1b[KISO C++ forbids zero-size array \xe2\x80\x98\x1b[01m\x1b[Kdata\x1b[m\x1b[K\xe2\x80\x99 [\x1b[01;35m\x1b[K\x1b]8;;https://gcc.gnu.org/onlinedocs/gcc/Warning-Options.html#index-Wpedantic\x07-Wpedantic\x1b]8;;\x07\x1b[m\x1b[K]\n'}
[1.897000] (sllidar_ros2) StderrLine: {'line': b'   66 |     sl_u8 data[\x1b[01;35m\x1b[K0\x1b[m\x1b[K];\n'}
[1.897032] (sllidar_ros2) StderrLine: {'line': b'      |                \x1b[01;35m\x1b[K^\x1b[m\x1b[K\n'}
[1.897063] (sllidar_ros2) StderrLine: {'line': b'In file included from \x1b[01m\x1b[K/home/majuste/Programa\xc3\xa7\xc3\xa3o/ROS2/UDH1/Navigation/src/sllidar_ros2/./sdk/include/sl_lidar_driver.h:54\x1b[m\x1b[K,\n'}
[1.897097] (sllidar_ros2) StderrLine: {'line': b'                 from \x1b[01m\x1b[K/home/majuste/Programa\xc3\xa7\xc3\xa3o/ROS2/UDH1/Navigation/src/sllidar_ros2/sdk/src/sl_tcp_channel.cpp:33\x1b[m\x1b[K:\n'}
[1.897131] (sllidar_ros2) StderrLine: {'line': b'\x1b[01m\x1b[K/home/majuste/Programa\xc3\xa7\xc3\xa3o/ROS2/UDH1/Navigation/src/sllidar_ros2/./sdk/include/sl_lidar_cmd.h:324:20:\x1b[m\x1b[K \x1b[01;35m\x1b[Kwarning: \x1b[m\x1b[KISO C++ forbids zero-size array \xe2\x80\x98\x1b[01m\x1b[Kpayload\x1b[m\x1b[K\xe2\x80\x99 [\x1b[01;35m\x1b[K\x1b]8;;https://gcc.gnu.org/onlinedocs/gcc/Warning-Options.html#index-Wpedantic\x07-Wpedantic\x1b]8;;\x07\x1b[m\x1b[K]\n'}
[1.897164] (sllidar_ros2) StderrLine: {'line': b'  324 |     sl_u8  payload[\x1b[01;35m\x1b[K0\x1b[m\x1b[K];\n'}
[1.897197] (sllidar_ros2) StderrLine: {'line': b'      |                    \x1b[01;35m\x1b[K^\x1b[m\x1b[K\n'}
[1.898314] (sllidar_ros2) StderrLine: {'line': b'\x1b[01m\x1b[K/home/majuste/Programa\xc3\xa7\xc3\xa3o/ROS2/UDH1/Navigation/src/sllidar_ros2/sdk/src/sl_tcp_channel.cpp:\x1b[m\x1b[K In member function \xe2\x80\x98\x1b[01m\x1b[Kvoid sl::TcpChannel::setStatus(_u32)\x1b[m\x1b[K\xe2\x80\x99:\n'}
[1.898352] (sllidar_ros2) StderrLine: {'line': b'\x1b[01m\x1b[K/home/majuste/Programa\xc3\xa7\xc3\xa3o/ROS2/UDH1/Navigation/src/sllidar_ros2/sdk/src/sl_tcp_channel.cpp:109:29:\x1b[m\x1b[K \x1b[01;35m\x1b[Kwarning: \x1b[m\x1b[Kunused parameter \xe2\x80\x98\x1b[01m\x1b[Kflag\x1b[m\x1b[K\xe2\x80\x99 [\x1b[01;35m\x1b[K\x1b]8;;https://gcc.gnu.org/onlinedocs/gcc/Warning-Options.html#index-Wunused-parameter\x07-Wunused-parameter\x1b]8;;\x07\x1b[m\x1b[K]\n'}
[1.898384] (sllidar_ros2) StderrLine: {'line': b'  109 |         void setStatus(\x1b[01;35m\x1b[K_u32 flag\x1b[m\x1b[K){}\n'}
[1.898414] (sllidar_ros2) StderrLine: {'line': b'      |                        \x1b[01;35m\x1b[K~~~~~^~~~\x1b[m\x1b[K\n'}
[1.898983] (sllidar_ros2) StderrLine: {'line': b'In file included from \x1b[01m\x1b[K/home/majuste/Programa\xc3\xa7\xc3\xa3o/ROS2/UDH1/Navigation/src/sllidar_ros2/./sdk/include/sl_lidar_cmd.h:41\x1b[m\x1b[K,\n'}
[1.899017] (sllidar_ros2) StderrLine: {'line': b'                 from \x1b[01m\x1b[K/home/majuste/Programa\xc3\xa7\xc3\xa3o/ROS2/UDH1/Navigation/src/sllidar_ros2/./sdk/include/sl_lidar_driver.h:54\x1b[m\x1b[K,\n'}
[1.899047] (sllidar_ros2) StderrLine: {'line': b'                 from \x1b[01m\x1b[K/home/majuste/Programa\xc3\xa7\xc3\xa3o/ROS2/UDH1/Navigation/src/sllidar_ros2/sdk/src/sl_udp_channel.cpp:33\x1b[m\x1b[K:\n'}
[1.899077] (sllidar_ros2) StderrLine: {'line': b'\x1b[01m\x1b[K/home/majuste/Programa\xc3\xa7\xc3\xa3o/ROS2/UDH1/Navigation/src/sllidar_ros2/./sdk/include/sl_lidar_protocol.h:66:16:\x1b[m\x1b[K \x1b[01;35m\x1b[Kwarning: \x1b[m\x1b[KISO C++ forbids zero-size array \xe2\x80\x98\x1b[01m\x1b[Kdata\x1b[m\x1b[K\xe2\x80\x99 [\x1b[01;35m\x1b[K\x1b]8;;https://gcc.gnu.org/onlinedocs/gcc/Warning-Options.html#index-Wpedantic\x07-Wpedantic\x1b]8;;\x07\x1b[m\x1b[K]\n'}
[1.899111] (sllidar_ros2) StderrLine: {'line': b'   66 |     sl_u8 data[\x1b[01;35m\x1b[K0\x1b[m\x1b[K];\n'}
[1.899142] (sllidar_ros2) StderrLine: {'line': b'      |                \x1b[01;35m\x1b[K^\x1b[m\x1b[K\n'}
[1.899190] (sllidar_ros2) StderrLine: {'line': b'In file included from \x1b[01m\x1b[K/home/majuste/Programa\xc3\xa7\xc3\xa3o/ROS2/UDH1/Navigation/src/sllidar_ros2/./sdk/include/sl_lidar_driver.h:54\x1b[m\x1b[K,\n'}
[1.899221] (sllidar_ros2) StderrLine: {'line': b'                 from \x1b[01m\x1b[K/home/majuste/Programa\xc3\xa7\xc3\xa3o/ROS2/UDH1/Navigation/src/sllidar_ros2/sdk/src/sl_udp_channel.cpp:33\x1b[m\x1b[K:\n'}
[1.899250] (sllidar_ros2) StderrLine: {'line': b'\x1b[01m\x1b[K/home/majuste/Programa\xc3\xa7\xc3\xa3o/ROS2/UDH1/Navigation/src/sllidar_ros2/./sdk/include/sl_lidar_cmd.h:324:20:\x1b[m\x1b[K \x1b[01;35m\x1b[Kwarning: \x1b[m\x1b[KISO C++ forbids zero-size array \xe2\x80\x98\x1b[01m\x1b[Kpayload\x1b[m\x1b[K\xe2\x80\x99 [\x1b[01;35m\x1b[K\x1b]8;;https://gcc.gnu.org/onlinedocs/gcc/Warning-Options.html#index-Wpedantic\x07-Wpedantic\x1b]8;;\x07\x1b[m\x1b[K]\n'}
[1.899285] (sllidar_ros2) StderrLine: {'line': b'  324 |     sl_u8  payload[\x1b[01;35m\x1b[K0\x1b[m\x1b[K];\n'}
[1.899320] (sllidar_ros2) StderrLine: {'line': b'      |                    \x1b[01;35m\x1b[K^\x1b[m\x1b[K\n'}
[1.899697] (sllidar_ros2) StderrLine: {'line': b'In file included from \x1b[01m\x1b[K/home/majuste/Programa\xc3\xa7\xc3\xa3o/ROS2/UDH1/Navigation/src/sllidar_ros2/./sdk/include/sl_lidar_cmd.h:41\x1b[m\x1b[K,\n'}
[1.899732] (sllidar_ros2) StderrLine: {'line': b'                 from \x1b[01m\x1b[K/home/majuste/Programa\xc3\xa7\xc3\xa3o/ROS2/UDH1/Navigation/src/sllidar_ros2/./sdk/include/sl_lidar_driver.h:54\x1b[m\x1b[K,\n'}
[1.899763] (sllidar_ros2) StderrLine: {'line': b'                 from \x1b[01m\x1b[K/home/majuste/Programa\xc3\xa7\xc3\xa3o/ROS2/UDH1/Navigation/src/sllidar_ros2/sdk/src/sl_serial_channel.cpp:33\x1b[m\x1b[K:\n'}
[1.899792] (sllidar_ros2) StderrLine: {'line': b'\x1b[01m\x1b[K/home/majuste/Programa\xc3\xa7\xc3\xa3o/ROS2/UDH1/Navigation/src/sllidar_ros2/./sdk/include/sl_lidar_protocol.h:66:16:\x1b[m\x1b[K \x1b[01;35m\x1b[Kwarning: \x1b[m\x1b[KISO C++ forbids zero-size array \xe2\x80\x98\x1b[01m\x1b[Kdata\x1b[m\x1b[K\xe2\x80\x99 [\x1b[01;35m\x1b[K\x1b]8;;https://gcc.gnu.org/onlinedocs/gcc/Warning-Options.html#index-Wpedantic\x07-Wpedantic\x1b]8;;\x07\x1b[m\x1b[K]\n'}
[1.899826] (sllidar_ros2) StderrLine: {'line': b'   66 |     sl_u8 data[\x1b[01;35m\x1b[K0\x1b[m\x1b[K];\n'}
[1.899856] (sllidar_ros2) StderrLine: {'line': b'      |                \x1b[01;35m\x1b[K^\x1b[m\x1b[K\n'}
[1.899942] (sllidar_ros2) StderrLine: {'line': b'In file included from \x1b[01m\x1b[K/home/majuste/Programa\xc3\xa7\xc3\xa3o/ROS2/UDH1/Navigation/src/sllidar_ros2/./sdk/include/sl_lidar_driver.h:54\x1b[m\x1b[K,\n'}
[1.899974] (sllidar_ros2) StderrLine: {'line': b'                 from \x1b[01m\x1b[K/home/majuste/Programa\xc3\xa7\xc3\xa3o/ROS2/UDH1/Navigation/src/sllidar_ros2/sdk/src/sl_serial_channel.cpp:33\x1b[m\x1b[K:\n'}
[1.900003] (sllidar_ros2) StderrLine: {'line': b'\x1b[01m\x1b[K/home/majuste/Programa\xc3\xa7\xc3\xa3o/ROS2/UDH1/Navigation/src/sllidar_ros2/./sdk/include/sl_lidar_cmd.h:324:20:\x1b[m\x1b[K \x1b[01;35m\x1b[Kwarning: \x1b[m\x1b[KISO C++ forbids zero-size array \xe2\x80\x98\x1b[01m\x1b[Kpayload\x1b[m\x1b[K\xe2\x80\x99 [\x1b[01;35m\x1b[K\x1b]8;;https://gcc.gnu.org/onlinedocs/gcc/Warning-Options.html#index-Wpedantic\x07-Wpedantic\x1b]8;;\x07\x1b[m\x1b[K]\n'}
[1.900036] (sllidar_ros2) StderrLine: {'line': b'  324 |     sl_u8  payload[\x1b[01;35m\x1b[K0\x1b[m\x1b[K];\n'}
[1.900066] (sllidar_ros2) StderrLine: {'line': b'      |                    \x1b[01;35m\x1b[K^\x1b[m\x1b[K\n'}
[1.900858] (sllidar_ros2) StderrLine: {'line': b'\x1b[01m\x1b[K/home/majuste/Programa\xc3\xa7\xc3\xa3o/ROS2/UDH1/Navigation/src/sllidar_ros2/sdk/src/sl_udp_channel.cpp:\x1b[m\x1b[K In member function \xe2\x80\x98\x1b[01m\x1b[Kvoid sl::UdpChannel::setStatus(_u32)\x1b[m\x1b[K\xe2\x80\x99:\n'}
[1.900890] (sllidar_ros2) StderrLine: {'line': b'\x1b[01m\x1b[K/home/majuste/Programa\xc3\xa7\xc3\xa3o/ROS2/UDH1/Navigation/src/sllidar_ros2/sdk/src/sl_udp_channel.cpp:112:29:\x1b[m\x1b[K \x1b[01;35m\x1b[Kwarning: \x1b[m\x1b[Kunused parameter \xe2\x80\x98\x1b[01m\x1b[Kflag\x1b[m\x1b[K\xe2\x80\x99 [\x1b[01;35m\x1b[K\x1b]8;;https://gcc.gnu.org/onlinedocs/gcc/Warning-Options.html#index-Wunused-parameter\x07-Wunused-parameter\x1b]8;;\x07\x1b[m\x1b[K]\n'}
[1.900920] (sllidar_ros2) StderrLine: {'line': b'  112 |         void setStatus(\x1b[01;35m\x1b[K_u32 flag\x1b[m\x1b[K){}\n'}
[1.900949] (sllidar_ros2) StderrLine: {'line': b'      |                        \x1b[01;35m\x1b[K~~~~~^~~~\x1b[m\x1b[K\n'}
[1.902508] (-) TimerEvent: {}
[2.002678] (-) TimerEvent: {}
[2.102938] (-) TimerEvent: {}
[2.203186] (-) TimerEvent: {}
[2.303335] (-) TimerEvent: {}
[2.403469] (-) TimerEvent: {}
[2.503562] (-) TimerEvent: {}
[2.603741] (-) TimerEvent: {}
[2.616583] (sllidar_ros2) StderrLine: {'line': b'In file included from \x1b[01m\x1b[K/home/majuste/Programa\xc3\xa7\xc3\xa3o/ROS2/UDH1/Navigation/src/sllidar_ros2/./sdk/include/rplidar_protocol.h:36\x1b[m\x1b[K,\n'}
[2.616765] (sllidar_ros2) StderrLine: {'line': b'                 from \x1b[01m\x1b[K/home/majuste/Programa\xc3\xa7\xc3\xa3o/ROS2/UDH1/Navigation/src/sllidar_ros2/./sdk/include/rplidar.h:39\x1b[m\x1b[K,\n'}
[2.616814] (sllidar_ros2) StderrLine: {'line': b'                 from \x1b[01m\x1b[K/home/majuste/Programa\xc3\xa7\xc3\xa3o/ROS2/UDH1/Navigation/src/sllidar_ros2/sdk/src/sdkcommon.h:49\x1b[m\x1b[K,\n'}
[2.616856] (sllidar_ros2) StderrLine: {'line': b'                 from \x1b[01m\x1b[K/home/majuste/Programa\xc3\xa7\xc3\xa3o/ROS2/UDH1/Navigation/src/sllidar_ros2/sdk/src/sl_async_transceiver.cpp:35\x1b[m\x1b[K:\n'}
[2.616892] (sllidar_ros2) StderrLine: {'line': b'\x1b[01m\x1b[K/home/majuste/Programa\xc3\xa7\xc3\xa3o/ROS2/UDH1/Navigation/src/sllidar_ros2/./sdk/include/sl_lidar_protocol.h:66:16:\x1b[m\x1b[K \x1b[01;35m\x1b[Kwarning: \x1b[m\x1b[KISO C++ forbids zero-size array \xe2\x80\x98\x1b[01m\x1b[Kdata\x1b[m\x1b[K\xe2\x80\x99 [\x1b[01;35m\x1b[K\x1b]8;;https://gcc.gnu.org/onlinedocs/gcc/Warning-Options.html#index-Wpedantic\x07-Wpedantic\x1b]8;;\x07\x1b[m\x1b[K]\n'}
[2.616930] (sllidar_ros2) StderrLine: {'line': b'   66 |     sl_u8 data[\x1b[01;35m\x1b[K0\x1b[m\x1b[K];\n'}
[2.616961] (sllidar_ros2) StderrLine: {'line': b'      |                \x1b[01;35m\x1b[K^\x1b[m\x1b[K\n'}
[2.616992] (sllidar_ros2) StderrLine: {'line': b'In file included from \x1b[01m\x1b[K/home/majuste/Programa\xc3\xa7\xc3\xa3o/ROS2/UDH1/Navigation/src/sllidar_ros2/./sdk/include/rplidar_cmd.h:36\x1b[m\x1b[K,\n'}
[2.617024] (sllidar_ros2) StderrLine: {'line': b'                 from \x1b[01m\x1b[K/home/majuste/Programa\xc3\xa7\xc3\xa3o/ROS2/UDH1/Navigation/src/sllidar_ros2/./sdk/include/rplidar.h:40\x1b[m\x1b[K,\n'}
[2.617055] (sllidar_ros2) StderrLine: {'line': b'                 from \x1b[01m\x1b[K/home/majuste/Programa\xc3\xa7\xc3\xa3o/ROS2/UDH1/Navigation/src/sllidar_ros2/sdk/src/sdkcommon.h:49\x1b[m\x1b[K,\n'}
[2.617085] (sllidar_ros2) StderrLine: {'line': b'                 from \x1b[01m\x1b[K/home/majuste/Programa\xc3\xa7\xc3\xa3o/ROS2/UDH1/Navigation/src/sllidar_ros2/sdk/src/sl_async_transceiver.cpp:35\x1b[m\x1b[K:\n'}
[2.617114] (sllidar_ros2) StderrLine: {'line': b'\x1b[01m\x1b[K/home/majuste/Programa\xc3\xa7\xc3\xa3o/ROS2/UDH1/Navigation/src/sllidar_ros2/./sdk/include/sl_lidar_cmd.h:324:20:\x1b[m\x1b[K \x1b[01;35m\x1b[Kwarning: \x1b[m\x1b[KISO C++ forbids zero-size array \xe2\x80\x98\x1b[01m\x1b[Kpayload\x1b[m\x1b[K\xe2\x80\x99 [\x1b[01;35m\x1b[K\x1b]8;;https://gcc.gnu.org/onlinedocs/gcc/Warning-Options.html#index-Wpedantic\x07-Wpedantic\x1b]8;;\x07\x1b[m\x1b[K]\n'}
[2.617145] (sllidar_ros2) StderrLine: {'line': b'  324 |     sl_u8  payload[\x1b[01;35m\x1b[K0\x1b[m\x1b[K];\n'}
[2.617176] (sllidar_ros2) StderrLine: {'line': b'      |                    \x1b[01;35m\x1b[K^\x1b[m\x1b[K\n'}
[2.620573] (sllidar_ros2) StderrLine: {'line': b'In file included from \x1b[01m\x1b[K/home/majuste/Programa\xc3\xa7\xc3\xa3o/ROS2/UDH1/Navigation/src/sllidar_ros2/./sdk/include/rplidar_protocol.h:36\x1b[m\x1b[K,\n'}
[2.620642] (sllidar_ros2) StderrLine: {'line': b'                 from \x1b[01m\x1b[K/home/majuste/Programa\xc3\xa7\xc3\xa3o/ROS2/UDH1/Navigation/src/sllidar_ros2/./sdk/include/rplidar.h:39\x1b[m\x1b[K,\n'}
[2.620683] (sllidar_ros2) StderrLine: {'line': b'                 from \x1b[01m\x1b[K/home/majuste/Programa\xc3\xa7\xc3\xa3o/ROS2/UDH1/Navigation/src/sllidar_ros2/sdk/src/sdkcommon.h:49\x1b[m\x1b[K,\n'}
[2.620722] (sllidar_ros2) StderrLine: {'line': b'                 from \x1b[01m\x1b[K/home/majuste/Programa\xc3\xa7\xc3\xa3o/ROS2/UDH1/Navigation/src/sllidar_ros2/sdk/src/rplidar_driver.cpp:33\x1b[m\x1b[K:\n'}
[2.620757] (sllidar_ros2) StderrLine: {'line': b'\x1b[01m\x1b[K/home/majuste/Programa\xc3\xa7\xc3\xa3o/ROS2/UDH1/Navigation/src/sllidar_ros2/./sdk/include/sl_lidar_protocol.h:66:16:\x1b[m\x1b[K \x1b[01;35m\x1b[Kwarning: \x1b[m\x1b[KISO C++ forbids zero-size array \xe2\x80\x98\x1b[01m\x1b[Kdata\x1b[m\x1b[K\xe2\x80\x99 [\x1b[01;35m\x1b[K\x1b]8;;https://gcc.gnu.org/onlinedocs/gcc/Warning-Options.html#index-Wpedantic\x07-Wpedantic\x1b]8;;\x07\x1b[m\x1b[K]\n'}
[2.620796] (sllidar_ros2) StderrLine: {'line': b'   66 |     sl_u8 data[\x1b[01;35m\x1b[K0\x1b[m\x1b[K];\n'}
[2.620829] (sllidar_ros2) StderrLine: {'line': b'      |                \x1b[01;35m\x1b[K^\x1b[m\x1b[K\n'}
[2.620862] (sllidar_ros2) StderrLine: {'line': b'In file included from \x1b[01m\x1b[K/home/majuste/Programa\xc3\xa7\xc3\xa3o/ROS2/UDH1/Navigation/src/sllidar_ros2/./sdk/include/rplidar_cmd.h:36\x1b[m\x1b[K,\n'}
[2.620894] (sllidar_ros2) StderrLine: {'line': b'                 from \x1b[01m\x1b[K/home/majuste/Programa\xc3\xa7\xc3\xa3o/ROS2/UDH1/Navigation/src/sllidar_ros2/./sdk/include/rplidar.h:40\x1b[m\x1b[K,\n'}
[2.620925] (sllidar_ros2) StderrLine: {'line': b'                 from \x1b[01m\x1b[K/home/majuste/Programa\xc3\xa7\xc3\xa3o/ROS2/UDH1/Navigation/src/sllidar_ros2/sdk/src/sdkcommon.h:49\x1b[m\x1b[K,\n'}
[2.620955] (sllidar_ros2) StderrLine: {'line': b'                 from \x1b[01m\x1b[K/home/majuste/Programa\xc3\xa7\xc3\xa3o/ROS2/UDH1/Navigation/src/sllidar_ros2/sdk/src/rplidar_driver.cpp:33\x1b[m\x1b[K:\n'}
[2.620986] (sllidar_ros2) StderrLine: {'line': b'\x1b[01m\x1b[K/home/majuste/Programa\xc3\xa7\xc3\xa3o/ROS2/UDH1/Navigation/src/sllidar_ros2/./sdk/include/sl_lidar_cmd.h:324:20:\x1b[m\x1b[K \x1b[01;35m\x1b[Kwarning: \x1b[m\x1b[KISO C++ forbids zero-size array \xe2\x80\x98\x1b[01m\x1b[Kpayload\x1b[m\x1b[K\xe2\x80\x99 [\x1b[01;35m\x1b[K\x1b]8;;https://gcc.gnu.org/onlinedocs/gcc/Warning-Options.html#index-Wpedantic\x07-Wpedantic\x1b]8;;\x07\x1b[m\x1b[K]\n'}
[2.621020] (sllidar_ros2) StderrLine: {'line': b'  324 |     sl_u8  payload[\x1b[01;35m\x1b[K0\x1b[m\x1b[K];\n'}
[2.621051] (sllidar_ros2) StderrLine: {'line': b'      |                    \x1b[01;35m\x1b[K^\x1b[m\x1b[K\n'}
[2.624010] (sllidar_ros2) StderrLine: {'line': b'In file included from \x1b[01m\x1b[K/home/majuste/Programa\xc3\xa7\xc3\xa3o/ROS2/UDH1/Navigation/src/sllidar_ros2/./sdk/include/rplidar_protocol.h:36\x1b[m\x1b[K,\n'}
[2.624065] (sllidar_ros2) StderrLine: {'line': b'                 from \x1b[01m\x1b[K/home/majuste/Programa\xc3\xa7\xc3\xa3o/ROS2/UDH1/Navigation/src/sllidar_ros2/./sdk/include/rplidar.h:39\x1b[m\x1b[K,\n'}
[2.624111] (sllidar_ros2) StderrLine: {'line': b'                 from \x1b[01m\x1b[K/home/majuste/Programa\xc3\xa7\xc3\xa3o/ROS2/UDH1/Navigation/src/sllidar_ros2/sdk/src/sdkcommon.h:49\x1b[m\x1b[K,\n'}
[2.624155] (sllidar_ros2) StderrLine: {'line': b'                 from \x1b[01m\x1b[K/home/majuste/Programa\xc3\xa7\xc3\xa3o/ROS2/UDH1/Navigation/src/sllidar_ros2/sdk/src/sl_lidarprotocol_codec.cpp:35\x1b[m\x1b[K:\n'}
[2.624241] (sllidar_ros2) StderrLine: {'line': b'\x1b[01m\x1b[K/home/majuste/Programa\xc3\xa7\xc3\xa3o/ROS2/UDH1/Navigation/src/sllidar_ros2/./sdk/include/sl_lidar_protocol.h:66:16:\x1b[m\x1b[K \x1b[01;35m\x1b[Kwarning: \x1b[m\x1b[KISO C++ forbids zero-size array \xe2\x80\x98\x1b[01m\x1b[Kdata\x1b[m\x1b[K\xe2\x80\x99 [\x1b[01;35m\x1b[K\x1b]8;;https://gcc.gnu.org/onlinedocs/gcc/Warning-Options.html#index-Wpedantic\x07-Wpedantic\x1b]8;;\x07\x1b[m\x1b[K]\n'}
[2.624288] (sllidar_ros2) StderrLine: {'line': b'   66 |     sl_u8 data[\x1b[01;35m\x1b[K0\x1b[m\x1b[K];\n'}
[2.624332] (sllidar_ros2) StderrLine: {'line': b'      |                \x1b[01;35m\x1b[K^\x1b[m\x1b[K\n'}
[2.624375] (sllidar_ros2) StderrLine: {'line': b'In file included from \x1b[01m\x1b[K/home/majuste/Programa\xc3\xa7\xc3\xa3o/ROS2/UDH1/Navigation/src/sllidar_ros2/./sdk/include/rplidar_cmd.h:36\x1b[m\x1b[K,\n'}
[2.624407] (sllidar_ros2) StderrLine: {'line': b'                 from \x1b[01m\x1b[K/home/majuste/Programa\xc3\xa7\xc3\xa3o/ROS2/UDH1/Navigation/src/sllidar_ros2/./sdk/include/rplidar.h:40\x1b[m\x1b[K,\n'}
[2.624436] (sllidar_ros2) StderrLine: {'line': b'                 from \x1b[01m\x1b[K/home/majuste/Programa\xc3\xa7\xc3\xa3o/ROS2/UDH1/Navigation/src/sllidar_ros2/sdk/src/sdkcommon.h:49\x1b[m\x1b[K,\n'}
[2.624465] (sllidar_ros2) StderrLine: {'line': b'                 from \x1b[01m\x1b[K/home/majuste/Programa\xc3\xa7\xc3\xa3o/ROS2/UDH1/Navigation/src/sllidar_ros2/sdk/src/sl_lidarprotocol_codec.cpp:35\x1b[m\x1b[K:\n'}
[2.624499] (sllidar_ros2) StderrLine: {'line': b'\x1b[01m\x1b[K/home/majuste/Programa\xc3\xa7\xc3\xa3o/ROS2/UDH1/Navigation/src/sllidar_ros2/./sdk/include/sl_lidar_cmd.h:324:20:\x1b[m\x1b[K \x1b[01;35m\x1b[Kwarning: \x1b[m\x1b[KISO C++ forbids zero-size array \xe2\x80\x98\x1b[01m\x1b[Kpayload\x1b[m\x1b[K\xe2\x80\x99 [\x1b[01;35m\x1b[K\x1b]8;;https://gcc.gnu.org/onlinedocs/gcc/Warning-Options.html#index-Wpedantic\x07-Wpedantic\x1b]8;;\x07\x1b[m\x1b[K]\n'}
[2.624531] (sllidar_ros2) StderrLine: {'line': b'  324 |     sl_u8  payload[\x1b[01;35m\x1b[K0\x1b[m\x1b[K];\n'}
[2.624566] (sllidar_ros2) StderrLine: {'line': b'      |                    \x1b[01;35m\x1b[K^\x1b[m\x1b[K\n'}
[2.625826] (sllidar_ros2) StderrLine: {'line': b'In file included from \x1b[01m\x1b[K/home/majuste/Programa\xc3\xa7\xc3\xa3o/ROS2/UDH1/Navigation/src/sllidar_ros2/./sdk/include/rplidar_protocol.h:36\x1b[m\x1b[K,\n'}
[2.625966] (sllidar_ros2) StderrLine: {'line': b'                 from \x1b[01m\x1b[K/home/majuste/Programa\xc3\xa7\xc3\xa3o/ROS2/UDH1/Navigation/src/sllidar_ros2/./sdk/include/rplidar.h:39\x1b[m\x1b[K,\n'}
[2.626115] (sllidar_ros2) StderrLine: {'line': b'                 from \x1b[01m\x1b[K/home/majuste/Programa\xc3\xa7\xc3\xa3o/ROS2/UDH1/Navigation/src/sllidar_ros2/./sdk/src/sdkcommon.h:49\x1b[m\x1b[K,\n'}
[2.626165] (sllidar_ros2) StderrLine: {'line': b'                 from \x1b[01m\x1b[K/home/majuste/Programa\xc3\xa7\xc3\xa3o/ROS2/UDH1/Navigation/src/sllidar_ros2/sdk/src/dataunpacker/unpacker/../dataunnpacker_commondef.h:41\x1b[m\x1b[K,\n'}
[2.626217] (sllidar_ros2) StderrLine: {'line': b'                 from \x1b[01m\x1b[K/home/majuste/Programa\xc3\xa7\xc3\xa3o/ROS2/UDH1/Navigation/src/sllidar_ros2/sdk/src/dataunpacker/unpacker/handler_normalnode.cpp:39\x1b[m\x1b[K:\n'}
[2.626265] (sllidar_ros2) StderrLine: {'line': b'\x1b[01m\x1b[K/home/majuste/Programa\xc3\xa7\xc3\xa3o/ROS2/UDH1/Navigation/src/sllidar_ros2/./sdk/include/sl_lidar_protocol.h:66:16:\x1b[m\x1b[K \x1b[01;35m\x1b[Kwarning: \x1b[m\x1b[KISO C++ forbids zero-size array \xe2\x80\x98\x1b[01m\x1b[Kdata\x1b[m\x1b[K\xe2\x80\x99 [\x1b[01;35m\x1b[K\x1b]8;;https://gcc.gnu.org/onlinedocs/gcc/Warning-Options.html#index-Wpedantic\x07-Wpedantic\x1b]8;;\x07\x1b[m\x1b[K]\n'}
[2.626311] (sllidar_ros2) StderrLine: {'line': b'   66 |     sl_u8 data[\x1b[01;35m\x1b[K0\x1b[m\x1b[K];\n'}
[2.626354] (sllidar_ros2) StderrLine: {'line': b'      |                \x1b[01;35m\x1b[K^\x1b[m\x1b[K\n'}
[2.626398] (sllidar_ros2) StderrLine: {'line': b'In file included from \x1b[01m\x1b[K/home/majuste/Programa\xc3\xa7\xc3\xa3o/ROS2/UDH1/Navigation/src/sllidar_ros2/./sdk/include/rplidar_protocol.h:36\x1b[m\x1b[K,\n'}
[2.626475] (sllidar_ros2) StderrLine: {'line': b'                 from \x1b[01m\x1b[K/home/majuste/Programa\xc3\xa7\xc3\xa3o/ROS2/UDH1/Navigation/src/sllidar_ros2/./sdk/include/rplidar.h:39\x1b[m\x1b[K,\n'}
[2.626517] (sllidar_ros2) StderrLine: {'line': b'                 from \x1b[01m\x1b[K/home/majuste/Programa\xc3\xa7\xc3\xa3o/ROS2/UDH1/Navigation/src/sllidar_ros2/./sdk/src/sdkcommon.h:49\x1b[m\x1b[K,\n'}
[2.626615] (sllidar_ros2) StderrLine: {'line': b'                 from \x1b[01m\x1b[K/home/majuste/Programa\xc3\xa7\xc3\xa3o/ROS2/UDH1/Navigation/src/sllidar_ros2/sdk/src/dataunpacker/unpacker/../dataunnpacker_commondef.h:41\x1b[m\x1b[K,\n'}
[2.626659] (sllidar_ros2) StderrLine: {'line': b'                 from \x1b[01m\x1b[K/home/majuste/Programa\xc3\xa7\xc3\xa3o/ROS2/UDH1/Navigation/src/sllidar_ros2/sdk/src/dataunpacker/unpacker/handler_capsules.cpp:39\x1b[m\x1b[K:\n'}
[2.626706] (sllidar_ros2) StderrLine: {'line': b'\x1b[01m\x1b[K/home/majuste/Programa\xc3\xa7\xc3\xa3o/ROS2/UDH1/Navigation/src/sllidar_ros2/./sdk/include/sl_lidar_protocol.h:66:16:\x1b[m\x1b[K \x1b[01;35m\x1b[Kwarning: \x1b[m\x1b[KISO C++ forbids zero-size array \xe2\x80\x98\x1b[01m\x1b[Kdata\x1b[m\x1b[K\xe2\x80\x99 [\x1b[01;35m\x1b[K\x1b]8;;https://gcc.gnu.org/onlinedocs/gcc/Warning-Options.html#index-Wpedantic\x07-Wpedantic\x1b]8;;\x07\x1b[m\x1b[K]\n'}
[2.626752] (sllidar_ros2) StderrLine: {'line': b'   66 |     sl_u8 data[\x1b[01;35m\x1b[K0\x1b[m\x1b[K];\n'}
[2.626798] (sllidar_ros2) StderrLine: {'line': b'      |                \x1b[01;35m\x1b[K^\x1b[m\x1b[K\n'}
[2.626841] (sllidar_ros2) StderrLine: {'line': b'In file included from \x1b[01m\x1b[K/home/majuste/Programa\xc3\xa7\xc3\xa3o/ROS2/UDH1/Navigation/src/sllidar_ros2/./sdk/include/rplidar_protocol.h:36\x1b[m\x1b[K,\n'}
[2.626883] (sllidar_ros2) StderrLine: {'line': b'                 from \x1b[01m\x1b[K/home/majuste/Programa\xc3\xa7\xc3\xa3o/ROS2/UDH1/Navigation/src/sllidar_ros2/./sdk/include/rplidar.h:39\x1b[m\x1b[K,\n'}
[2.626924] (sllidar_ros2) StderrLine: {'line': b'                 from \x1b[01m\x1b[K/home/majuste/Programa\xc3\xa7\xc3\xa3o/ROS2/UDH1/Navigation/src/sllidar_ros2/./sdk/src/sdkcommon.h:49\x1b[m\x1b[K,\n'}
[2.626965] (sllidar_ros2) StderrLine: {'line': b'                 from \x1b[01m\x1b[K/home/majuste/Programa\xc3\xa7\xc3\xa3o/ROS2/UDH1/Navigation/src/sllidar_ros2/sdk/src/dataunpacker/dataunnpacker_commondef.h:41\x1b[m\x1b[K,\n'}
[2.627007] (sllidar_ros2) StderrLine: {'line': b'                 from \x1b[01m\x1b[K/home/majuste/Programa\xc3\xa7\xc3\xa3o/ROS2/UDH1/Navigation/src/sllidar_ros2/sdk/src/dataunpacker/dataunpacker.cpp:39\x1b[m\x1b[K:\n'}
[2.627048] (sllidar_ros2) StderrLine: {'line': b'\x1b[01m\x1b[K/home/majuste/Programa\xc3\xa7\xc3\xa3o/ROS2/UDH1/Navigation/src/sllidar_ros2/./sdk/include/sl_lidar_protocol.h:66:16:\x1b[m\x1b[K \x1b[01;35m\x1b[Kwarning: \x1b[m\x1b[KISO C++ forbids zero-size array \xe2\x80\x98\x1b[01m\x1b[Kdata\x1b[m\x1b[K\xe2\x80\x99 [\x1b[01;35m\x1b[K\x1b]8;;https://gcc.gnu.org/onlinedocs/gcc/Warning-Options.html#index-Wpedantic\x07-Wpedantic\x1b]8;;\x07\x1b[m\x1b[K]\n'}
[2.627091] (sllidar_ros2) StderrLine: {'line': b'   66 |     sl_u8 data[\x1b[01;35m\x1b[K0\x1b[m\x1b[K];\n'}
[2.627136] (sllidar_ros2) StderrLine: {'line': b'      |                \x1b[01;35m\x1b[K^\x1b[m\x1b[K\n'}
[2.627177] (sllidar_ros2) StderrLine: {'line': b'In file included from \x1b[01m\x1b[K/home/majuste/Programa\xc3\xa7\xc3\xa3o/ROS2/UDH1/Navigation/src/sllidar_ros2/./sdk/include/rplidar_cmd.h:36\x1b[m\x1b[K,\n'}
[2.627219] (sllidar_ros2) StderrLine: {'line': b'                 from \x1b[01m\x1b[K/home/majuste/Programa\xc3\xa7\xc3\xa3o/ROS2/UDH1/Navigation/src/sllidar_ros2/./sdk/include/rplidar.h:40\x1b[m\x1b[K,\n'}
[2.627263] (sllidar_ros2) StderrLine: {'line': b'                 from \x1b[01m\x1b[K/home/majuste/Programa\xc3\xa7\xc3\xa3o/ROS2/UDH1/Navigation/src/sllidar_ros2/./sdk/src/sdkcommon.h:49\x1b[m\x1b[K,\n'}
[2.627306] (sllidar_ros2) StderrLine: {'line': b'                 from \x1b[01m\x1b[K/home/majuste/Programa\xc3\xa7\xc3\xa3o/ROS2/UDH1/Navigation/src/sllidar_ros2/sdk/src/dataunpacker/unpacker/../dataunnpacker_commondef.h:41\x1b[m\x1b[K,\n'}
[2.627348] (sllidar_ros2) StderrLine: {'line': b'                 from \x1b[01m\x1b[K/home/majuste/Programa\xc3\xa7\xc3\xa3o/ROS2/UDH1/Navigation/src/sllidar_ros2/sdk/src/dataunpacker/unpacker/handler_normalnode.cpp:39\x1b[m\x1b[K:\n'}
[2.627389] (sllidar_ros2) StderrLine: {'line': b'\x1b[01m\x1b[K/home/majuste/Programa\xc3\xa7\xc3\xa3o/ROS2/UDH1/Navigation/src/sllidar_ros2/./sdk/include/sl_lidar_cmd.h:324:20:\x1b[m\x1b[K \x1b[01;35m\x1b[Kwarning: \x1b[m\x1b[KISO C++ forbids zero-size array \xe2\x80\x98\x1b[01m\x1b[Kpayload\x1b[m\x1b[K\xe2\x80\x99 [\x1b[01;35m\x1b[K\x1b]8;;https://gcc.gnu.org/onlinedocs/gcc/Warning-Options.html#index-Wpedantic\x07-Wpedantic\x1b]8;;\x07\x1b[m\x1b[K]\n'}
[2.627435] (sllidar_ros2) StderrLine: {'line': b'  324 |     sl_u8  payload[\x1b[01;35m\x1b[K0\x1b[m\x1b[K];\n'}
[2.627479] (sllidar_ros2) StderrLine: {'line': b'      |                    \x1b[01;35m\x1b[K^\x1b[m\x1b[K\n'}
[2.627520] (sllidar_ros2) StderrLine: {'line': b'In file included from \x1b[01m\x1b[K/home/majuste/Programa\xc3\xa7\xc3\xa3o/ROS2/UDH1/Navigation/src/sllidar_ros2/./sdk/include/rplidar_cmd.h:36\x1b[m\x1b[K,\n'}
[2.627570] (sllidar_ros2) StderrLine: {'line': b'                 from \x1b[01m\x1b[K/home/majuste/Programa\xc3\xa7\xc3\xa3o/ROS2/UDH1/Navigation/src/sllidar_ros2/./sdk/include/rplidar.h:40\x1b[m\x1b[K,\n'}
[2.627616] (sllidar_ros2) StderrLine: {'line': b'                 from \x1b[01m\x1b[K/home/majuste/Programa\xc3\xa7\xc3\xa3o/ROS2/UDH1/Navigation/src/sllidar_ros2/./sdk/src/sdkcommon.h:49\x1b[m\x1b[K,\n'}
[2.627662] (sllidar_ros2) StderrLine: {'line': b'                 from \x1b[01m\x1b[K/home/majuste/Programa\xc3\xa7\xc3\xa3o/ROS2/UDH1/Navigation/src/sllidar_ros2/sdk/src/dataunpacker/unpacker/../dataunnpacker_commondef.h:41\x1b[m\x1b[K,\n'}
[2.627704] (sllidar_ros2) StderrLine: {'line': b'                 from \x1b[01m\x1b[K/home/majuste/Programa\xc3\xa7\xc3\xa3o/ROS2/UDH1/Navigation/src/sllidar_ros2/sdk/src/dataunpacker/unpacker/handler_capsules.cpp:39\x1b[m\x1b[K:\n'}
[2.627746] (sllidar_ros2) StderrLine: {'line': b'\x1b[01m\x1b[K/home/majuste/Programa\xc3\xa7\xc3\xa3o/ROS2/UDH1/Navigation/src/sllidar_ros2/./sdk/include/sl_lidar_cmd.h:324:20:\x1b[m\x1b[K \x1b[01;35m\x1b[Kwarning: \x1b[m\x1b[KISO C++ forbids zero-size array \xe2\x80\x98\x1b[01m\x1b[Kpayload\x1b[m\x1b[K\xe2\x80\x99 [\x1b[01;35m\x1b[K\x1b]8;;https://gcc.gnu.org/onlinedocs/gcc/Warning-Options.html#index-Wpedantic\x07-Wpedantic\x1b]8;;\x07\x1b[m\x1b[K]\n'}
[2.627789] (sllidar_ros2) StderrLine: {'line': b'  324 |     sl_u8  payload[\x1b[01;35m\x1b[K0\x1b[m\x1b[K];\n'}
[2.627832] (sllidar_ros2) StderrLine: {'line': b'      |                    \x1b[01;35m\x1b[K^\x1b[m\x1b[K\n'}
[2.627873] (sllidar_ros2) StderrLine: {'line': b'In file included from \x1b[01m\x1b[K/home/majuste/Programa\xc3\xa7\xc3\xa3o/ROS2/UDH1/Navigation/src/sllidar_ros2/./sdk/include/rplidar_cmd.h:36\x1b[m\x1b[K,\n'}
[2.627914] (sllidar_ros2) StderrLine: {'line': b'                 from \x1b[01m\x1b[K/home/majuste/Programa\xc3\xa7\xc3\xa3o/ROS2/UDH1/Navigation/src/sllidar_ros2/./sdk/include/rplidar.h:40\x1b[m\x1b[K,\n'}
[2.627956] (sllidar_ros2) StderrLine: {'line': b'                 from \x1b[01m\x1b[K/home/majuste/Programa\xc3\xa7\xc3\xa3o/ROS2/UDH1/Navigation/src/sllidar_ros2/./sdk/src/sdkcommon.h:49\x1b[m\x1b[K,\n'}
[2.628000] (sllidar_ros2) StderrLine: {'line': b'                 from \x1b[01m\x1b[K/home/majuste/Programa\xc3\xa7\xc3\xa3o/ROS2/UDH1/Navigation/src/sllidar_ros2/sdk/src/dataunpacker/dataunnpacker_commondef.h:41\x1b[m\x1b[K,\n'}
[2.628043] (sllidar_ros2) StderrLine: {'line': b'                 from \x1b[01m\x1b[K/home/majuste/Programa\xc3\xa7\xc3\xa3o/ROS2/UDH1/Navigation/src/sllidar_ros2/sdk/src/dataunpacker/dataunpacker.cpp:39\x1b[m\x1b[K:\n'}
[2.628085] (sllidar_ros2) StderrLine: {'line': b'\x1b[01m\x1b[K/home/majuste/Programa\xc3\xa7\xc3\xa3o/ROS2/UDH1/Navigation/src/sllidar_ros2/./sdk/include/sl_lidar_cmd.h:324:20:\x1b[m\x1b[K \x1b[01;35m\x1b[Kwarning: \x1b[m\x1b[KISO C++ forbids zero-size array \xe2\x80\x98\x1b[01m\x1b[Kpayload\x1b[m\x1b[K\xe2\x80\x99 [\x1b[01;35m\x1b[K\x1b]8;;https://gcc.gnu.org/onlinedocs/gcc/Warning-Options.html#index-Wpedantic\x07-Wpedantic\x1b]8;;\x07\x1b[m\x1b[K]\n'}
[2.628128] (sllidar_ros2) StderrLine: {'line': b'  324 |     sl_u8  payload[\x1b[01;35m\x1b[K0\x1b[m\x1b[K];\n'}
[2.628169] (sllidar_ros2) StderrLine: {'line': b'      |                    \x1b[01;35m\x1b[K^\x1b[m\x1b[K\n'}
[2.628211] (sllidar_ros2) StderrLine: {'line': b'In file included from \x1b[01m\x1b[K/home/majuste/Programa\xc3\xa7\xc3\xa3o/ROS2/UDH1/Navigation/src/sllidar_ros2/./sdk/include/rplidar_protocol.h:36\x1b[m\x1b[K,\n'}
[2.628253] (sllidar_ros2) StderrLine: {'line': b'                 from \x1b[01m\x1b[K/home/majuste/Programa\xc3\xa7\xc3\xa3o/ROS2/UDH1/Navigation/src/sllidar_ros2/./sdk/include/rplidar.h:39\x1b[m\x1b[K,\n'}
[2.628294] (sllidar_ros2) StderrLine: {'line': b'                 from \x1b[01m\x1b[K/home/majuste/Programa\xc3\xa7\xc3\xa3o/ROS2/UDH1/Navigation/src/sllidar_ros2/./sdk/src/sdkcommon.h:49\x1b[m\x1b[K,\n'}
[2.628335] (sllidar_ros2) StderrLine: {'line': b'                 from \x1b[01m\x1b[K/home/majuste/Programa\xc3\xa7\xc3\xa3o/ROS2/UDH1/Navigation/src/sllidar_ros2/sdk/src/dataunpacker/unpacker/../dataunnpacker_commondef.h:41\x1b[m\x1b[K,\n'}
[2.628377] (sllidar_ros2) StderrLine: {'line': b'                 from \x1b[01m\x1b[K/home/majuste/Programa\xc3\xa7\xc3\xa3o/ROS2/UDH1/Navigation/src/sllidar_ros2/sdk/src/dataunpacker/unpacker/handler_hqnode.cpp:39\x1b[m\x1b[K:\n'}
[2.628423] (sllidar_ros2) StderrLine: {'line': b'\x1b[01m\x1b[K/home/majuste/Programa\xc3\xa7\xc3\xa3o/ROS2/UDH1/Navigation/src/sllidar_ros2/./sdk/include/sl_lidar_protocol.h:66:16:\x1b[m\x1b[K \x1b[01;35m\x1b[Kwarning: \x1b[m\x1b[KISO C++ forbids zero-size array \xe2\x80\x98\x1b[01m\x1b[Kdata\x1b[m\x1b[K\xe2\x80\x99 [\x1b[01;35m\x1b[K\x1b]8;;https://gcc.gnu.org/onlinedocs/gcc/Warning-Options.html#index-Wpedantic\x07-Wpedantic\x1b]8;;\x07\x1b[m\x1b[K]\n'}
[2.628470] (sllidar_ros2) StderrLine: {'line': b'   66 |     sl_u8 data[\x1b[01;35m\x1b[K0\x1b[m\x1b[K];\n'}
[2.628516] (sllidar_ros2) StderrLine: {'line': b'      |                \x1b[01;35m\x1b[K^\x1b[m\x1b[K\n'}
[2.628562] (sllidar_ros2) StderrLine: {'line': b'In file included from \x1b[01m\x1b[K/home/majuste/Programa\xc3\xa7\xc3\xa3o/ROS2/UDH1/Navigation/src/sllidar_ros2/./sdk/include/rplidar_cmd.h:36\x1b[m\x1b[K,\n'}
[2.628603] (sllidar_ros2) StderrLine: {'line': b'                 from \x1b[01m\x1b[K/home/majuste/Programa\xc3\xa7\xc3\xa3o/ROS2/UDH1/Navigation/src/sllidar_ros2/./sdk/include/rplidar.h:40\x1b[m\x1b[K,\n'}
[2.628645] (sllidar_ros2) StderrLine: {'line': b'                 from \x1b[01m\x1b[K/home/majuste/Programa\xc3\xa7\xc3\xa3o/ROS2/UDH1/Navigation/src/sllidar_ros2/./sdk/src/sdkcommon.h:49\x1b[m\x1b[K,\n'}
[2.628689] (sllidar_ros2) StderrLine: {'line': b'                 from \x1b[01m\x1b[K/home/majuste/Programa\xc3\xa7\xc3\xa3o/ROS2/UDH1/Navigation/src/sllidar_ros2/sdk/src/dataunpacker/unpacker/../dataunnpacker_commondef.h:41\x1b[m\x1b[K,\n'}
[2.628732] (sllidar_ros2) StderrLine: {'line': b'                 from \x1b[01m\x1b[K/home/majuste/Programa\xc3\xa7\xc3\xa3o/ROS2/UDH1/Navigation/src/sllidar_ros2/sdk/src/dataunpacker/unpacker/handler_hqnode.cpp:39\x1b[m\x1b[K:\n'}
[2.628774] (sllidar_ros2) StderrLine: {'line': b'\x1b[01m\x1b[K/home/majuste/Programa\xc3\xa7\xc3\xa3o/ROS2/UDH1/Navigation/src/sllidar_ros2/./sdk/include/sl_lidar_cmd.h:324:20:\x1b[m\x1b[K \x1b[01;35m\x1b[Kwarning: \x1b[m\x1b[KISO C++ forbids zero-size array \xe2\x80\x98\x1b[01m\x1b[Kpayload\x1b[m\x1b[K\xe2\x80\x99 [\x1b[01;35m\x1b[K\x1b]8;;https://gcc.gnu.org/onlinedocs/gcc/Warning-Options.html#index-Wpedantic\x07-Wpedantic\x1b]8;;\x07\x1b[m\x1b[K]\n'}
[2.628816] (sllidar_ros2) StderrLine: {'line': b'  324 |     sl_u8  payload[\x1b[01;35m\x1b[K0\x1b[m\x1b[K];\n'}
[2.628857] (sllidar_ros2) StderrLine: {'line': b'      |                    \x1b[01;35m\x1b[K^\x1b[m\x1b[K\n'}
[2.655425] (sllidar_ros2) StderrLine: {'line': b'In file included from \x1b[01m\x1b[K/home/majuste/Programa\xc3\xa7\xc3\xa3o/ROS2/UDH1/Navigation/src/sllidar_ros2/sdk/src/sl_async_transceiver.cpp:44\x1b[m\x1b[K:\n'}
[2.655571] (sllidar_ros2) StderrLine: {'line': b'\x1b[01m\x1b[K/home/majuste/Programa\xc3\xa7\xc3\xa3o/ROS2/UDH1/Navigation/src/sllidar_ros2/sdk/src/sl_async_transceiver.h:\x1b[m\x1b[K In member function \xe2\x80\x98\x1b[01m\x1b[Kvirtual void sl::internal::IAsyncProtocolCodec::onChannelError(u_result)\x1b[m\x1b[K\xe2\x80\x99:\n'}
[2.655634] (sllidar_ros2) StderrLine: {'line': b'\x1b[01m\x1b[K/home/majuste/Programa\xc3\xa7\xc3\xa3o/ROS2/UDH1/Navigation/src/sllidar_ros2/sdk/src/sl_async_transceiver.h:90:48:\x1b[m\x1b[K \x1b[01;35m\x1b[Kwarning: \x1b[m\x1b[Kunused parameter \xe2\x80\x98\x1b[01m\x1b[KerrCode\x1b[m\x1b[K\xe2\x80\x99 [\x1b[01;35m\x1b[K\x1b]8;;https://gcc.gnu.org/onlinedocs/gcc/Warning-Options.html#index-Wunused-parameter\x07-Wunused-parameter\x1b]8;;\x07\x1b[m\x1b[K]\n'}
[2.655691] (sllidar_ros2) StderrLine: {'line': b'   90 |         virtual void   onChannelError(\x1b[01;35m\x1b[Ku_result errCode\x1b[m\x1b[K) {}\n'}
[2.655741] (sllidar_ros2) StderrLine: {'line': b'      |                                       \x1b[01;35m\x1b[K~~~~~~~~~^~~~~~~\x1b[m\x1b[K\n'}
[2.680084] (sllidar_ros2) StderrLine: {'line': b'\x1b[01m\x1b[K/home/majuste/Programa\xc3\xa7\xc3\xa3o/ROS2/UDH1/Navigation/src/sllidar_ros2/sdk/src/rplidar_driver.cpp:\x1b[m\x1b[K In member function \xe2\x80\x98\x1b[01m\x1b[Ku_result rp::standalone::rplidar::RPlidarDriver::connect(const char*, _u32, _u32)\x1b[m\x1b[K\xe2\x80\x99:\n'}
[2.680295] (sllidar_ros2) StderrLine: {'line': b'\x1b[01m\x1b[K/home/majuste/Programa\xc3\xa7\xc3\xa3o/ROS2/UDH1/Navigation/src/sllidar_ros2/sdk/src/rplidar_driver.cpp:67:77:\x1b[m\x1b[K \x1b[01;35m\x1b[Kwarning: \x1b[m\x1b[Kunused parameter \xe2\x80\x98\x1b[01m\x1b[Kflag\x1b[m\x1b[K\xe2\x80\x99 [\x1b[01;35m\x1b[K\x1b]8;;https://gcc.gnu.org/onlinedocs/gcc/Warning-Options.html#index-Wunused-parameter\x07-Wunused-parameter\x1b]8;;\x07\x1b[m\x1b[K]\n'}
[2.680371] (sllidar_ros2) StderrLine: {'line': b'   67 |     u_result RPlidarDriver::connect(const char *path, _u32 portOrBaud, \x1b[01;35m\x1b[K_u32 flag\x1b[m\x1b[K)\n'}
[2.680427] (sllidar_ros2) StderrLine: {'line': b'      |                                                                        \x1b[01;35m\x1b[K~~~~~^~~~\x1b[m\x1b[K\n'}
[2.680476] (sllidar_ros2) StderrLine: {'line': b'\x1b[01m\x1b[K/home/majuste/Programa\xc3\xa7\xc3\xa3o/ROS2/UDH1/Navigation/src/sllidar_ros2/sdk/src/rplidar_driver.cpp:\x1b[m\x1b[K In member function \xe2\x80\x98\x1b[01m\x1b[Ku_result rp::standalone::rplidar::RPlidarDriver::reset(_u32)\x1b[m\x1b[K\xe2\x80\x99:\n'}
[2.680514] (sllidar_ros2) StderrLine: {'line': b'\x1b[01m\x1b[K/home/majuste/Programa\xc3\xa7\xc3\xa3o/ROS2/UDH1/Navigation/src/sllidar_ros2/sdk/src/rplidar_driver.cpp:101:40:\x1b[m\x1b[K \x1b[01;35m\x1b[Kwarning: \x1b[m\x1b[Kunused parameter \xe2\x80\x98\x1b[01m\x1b[Ktimeout\x1b[m\x1b[K\xe2\x80\x99 [\x1b[01;35m\x1b[K\x1b]8;;https://gcc.gnu.org/onlinedocs/gcc/Warning-Options.html#index-Wunused-parameter\x07-Wunused-parameter\x1b]8;;\x07\x1b[m\x1b[K]\n'}
[2.680552] (sllidar_ros2) StderrLine: {'line': b'  101 |     u_result RPlidarDriver::reset(\x1b[01;35m\x1b[K_u32 timeout\x1b[m\x1b[K)\n'}
[2.680614] (sllidar_ros2) StderrLine: {'line': b'      |                                   \x1b[01;35m\x1b[K~~~~~^~~~~~~\x1b[m\x1b[K\n'}
[2.680649] (sllidar_ros2) StderrLine: {'line': b'\x1b[01m\x1b[K/home/majuste/Programa\xc3\xa7\xc3\xa3o/ROS2/UDH1/Navigation/src/sllidar_ros2/sdk/src/rplidar_driver.cpp:\x1b[m\x1b[K In member function \xe2\x80\x98\x1b[01m\x1b[Ku_result rp::standalone::rplidar::RPlidarDriver::getScanDataWithInterval(rplidar_response_measurement_node_t*, size_t&)\x1b[m\x1b[K\xe2\x80\x99:\n'}
[2.680684] (sllidar_ros2) StderrLine: {'line': b'\x1b[01m\x1b[K/home/majuste/Programa\xc3\xa7\xc3\xa3o/ROS2/UDH1/Navigation/src/sllidar_ros2/sdk/src/rplidar_driver.cpp:180:91:\x1b[m\x1b[K \x1b[01;35m\x1b[Kwarning: \x1b[m\x1b[Kunused parameter \xe2\x80\x98\x1b[01m\x1b[Knodebuffer\x1b[m\x1b[K\xe2\x80\x99 [\x1b[01;35m\x1b[K\x1b]8;;https://gcc.gnu.org/onlinedocs/gcc/Warning-Options.html#index-Wunused-parameter\x07-Wunused-parameter\x1b]8;;\x07\x1b[m\x1b[K]\n'}
[2.680719] (sllidar_ros2) StderrLine: {'line': b'  180 |     u_result RPlidarDriver::getScanDataWithInterval(\x1b[01;35m\x1b[Krplidar_response_measurement_node_t * nodebuffer\x1b[m\x1b[K, size_t & count)\n'}
[2.680753] (sllidar_ros2) StderrLine: {'line': b'      |                                                     \x1b[01;35m\x1b[K~~~~~~~~~~~~~~~~~~~~~~~~~~~~~~~~~~~~~~^~~~~~~~~~\x1b[m\x1b[K\n'}
[2.680786] (sllidar_ros2) StderrLine: {'line': b'\x1b[01m\x1b[K/home/majuste/Programa\xc3\xa7\xc3\xa3o/ROS2/UDH1/Navigation/src/sllidar_ros2/sdk/src/rplidar_driver.cpp:180:112:\x1b[m\x1b[K \x1b[01;35m\x1b[Kwarning: \x1b[m\x1b[Kunused parameter \xe2\x80\x98\x1b[01m\x1b[Kcount\x1b[m\x1b[K\xe2\x80\x99 [\x1b[01;35m\x1b[K\x1b]8;;https://gcc.gnu.org/onlinedocs/gcc/Warning-Options.html#index-Wunused-parameter\x07-Wunused-parameter\x1b]8;;\x07\x1b[m\x1b[K]\n'}
[2.680819] (sllidar_ros2) StderrLine: {'line': b'  180 |     u_result RPlidarDriver::getScanDataWithInterval(rplidar_response_measurement_node_t * nodebuffer, \x1b[01;35m\x1b[Ksize_t & count\x1b[m\x1b[K)\n'}
[2.680851] (sllidar_ros2) StderrLine: {'line': b'      |                                                                                                       \x1b[01;35m\x1b[K~~~~~~~~~^~~~~\x1b[m\x1b[K\n'}
[2.700008] (sllidar_ros2) StderrLine: {'line': b'In file included from \x1b[01m\x1b[K/home/majuste/Programa\xc3\xa7\xc3\xa3o/ROS2/UDH1/Navigation/src/sllidar_ros2/sdk/src/dataunpacker/unpacker/handler_normalnode.cpp:40\x1b[m\x1b[K:\n'}
[2.700175] (sllidar_ros2) StderrLine: {'line': b'\x1b[01m\x1b[K/home/majuste/Programa\xc3\xa7\xc3\xa3o/ROS2/UDH1/Navigation/src/sllidar_ros2/sdk/src/dataunpacker/unpacker/../dataunpacker.h:\x1b[m\x1b[K In member function \xe2\x80\x98\x1b[01m\x1b[Kvirtual void sl::internal::LIDARSampleDataListener::onCustomSampleDataDecoded(_u8, _u32, const void*, size_t)\x1b[m\x1b[K\xe2\x80\x99:\n'}
[2.700244] (sllidar_ros2) StderrLine: {'line': b'\x1b[01m\x1b[K/home/majuste/Programa\xc3\xa7\xc3\xa3o/ROS2/UDH1/Navigation/src/sllidar_ros2/sdk/src/dataunpacker/unpacker/../dataunpacker.h:54:52:\x1b[m\x1b[K \x1b[01;35m\x1b[Kwarning: \x1b[m\x1b[Kunused parameter \xe2\x80\x98\x1b[01m\x1b[KansType\x1b[m\x1b[K\xe2\x80\x99 [\x1b[01;35m\x1b[K\x1b]8;;https://gcc.gnu.org/onlinedocs/gcc/Warning-Options.html#index-Wunused-parameter\x07-Wunused-parameter\x1b]8;;\x07\x1b[m\x1b[K]\n'}
[2.700298] (sllidar_ros2) StderrLine: {'line': b'   54 |         virtual void onCustomSampleDataDecoded(\x1b[01;35m\x1b[K_u8 ansType\x1b[m\x1b[K, _u32 customCode, const void* data, size_t size) {}\n'}
[2.700349] (sllidar_ros2) StderrLine: {'line': b'      |                                                \x1b[01;35m\x1b[K~~~~^~~~~~~\x1b[m\x1b[K\n'}
[2.700499] (sllidar_ros2) StderrLine: {'line': b'\x1b[01m\x1b[K/home/majuste/Programa\xc3\xa7\xc3\xa3o/ROS2/UDH1/Navigation/src/sllidar_ros2/sdk/src/dataunpacker/unpacker/../dataunpacker.h:54:66:\x1b[m\x1b[K \x1b[01;35m\x1b[Kwarning: \x1b[m\x1b[Kunused parameter \xe2\x80\x98\x1b[01m\x1b[KcustomCode\x1b[m\x1b[K\xe2\x80\x99 [\x1b[01;35m\x1b[K\x1b]8;;https://gcc.gnu.org/onlinedocs/gcc/Warning-Options.html#index-Wunused-parameter\x07-Wunused-parameter\x1b]8;;\x07\x1b[m\x1b[K]\n'}
[2.700548] (sllidar_ros2) StderrLine: {'line': b'   54 |         virtual void onCustomSampleDataDecoded(_u8 ansType, \x1b[01;35m\x1b[K_u32 customCode\x1b[m\x1b[K, const void* data, size_t size) {}\n'}
[2.700584] (sllidar_ros2) StderrLine: {'line': b'      |                                                             \x1b[01;35m\x1b[K~~~~~^~~~~~~~~~\x1b[m\x1b[K\n'}
[2.700617] (sllidar_ros2) StderrLine: {'line': b'\x1b[01m\x1b[K/home/majuste/Programa\xc3\xa7\xc3\xa3o/ROS2/UDH1/Navigation/src/sllidar_ros2/sdk/src/dataunpacker/unpacker/../dataunpacker.h:54:90:\x1b[m\x1b[K \x1b[01;35m\x1b[Kwarning: \x1b[m\x1b[Kunused parameter \xe2\x80\x98\x1b[01m\x1b[Kdata\x1b[m\x1b[K\xe2\x80\x99 [\x1b[01;35m\x1b[K\x1b]8;;https://gcc.gnu.org/onlinedocs/gcc/Warning-Options.html#index-Wunused-parameter\x07-Wunused-parameter\x1b]8;;\x07\x1b[m\x1b[K]\n'}
[2.700649] (sllidar_ros2) StderrLine: {'line': b'   54 |         virtual void onCustomSampleDataDecoded(_u8 ansType, _u32 customCode, \x1b[01;35m\x1b[Kconst void* data\x1b[m\x1b[K, size_t size) {}\n'}
[2.700713] (sllidar_ros2) StderrLine: {'line': b'      |                                                                              \x1b[01;35m\x1b[K~~~~~~~~~~~~^~~~\x1b[m\x1b[K\n'}
[2.700760] (sllidar_ros2) StderrLine: {'line': b'\x1b[01m\x1b[K/home/majuste/Programa\xc3\xa7\xc3\xa3o/ROS2/UDH1/Navigation/src/sllidar_ros2/sdk/src/dataunpacker/unpacker/../dataunpacker.h:54:103:\x1b[m\x1b[K \x1b[01;35m\x1b[Kwarning: \x1b[m\x1b[Kunused parameter \xe2\x80\x98\x1b[01m\x1b[Ksize\x1b[m\x1b[K\xe2\x80\x99 [\x1b[01;35m\x1b[K\x1b]8;;https://gcc.gnu.org/onlinedocs/gcc/Warning-Options.html#index-Wunused-parameter\x07-Wunused-parameter\x1b]8;;\x07\x1b[m\x1b[K]\n'}
[2.700814] (sllidar_ros2) StderrLine: {'line': b'   54 |         virtual void onCustomSampleDataDecoded(_u8 ansType, _u32 customCode, const void* data, \x1b[01;35m\x1b[Ksize_t size\x1b[m\x1b[K) {}\n'}
[2.700845] (sllidar_ros2) StderrLine: {'line': b'      |                                                                                                \x1b[01;35m\x1b[K~~~~~~~^~~~\x1b[m\x1b[K\n'}
[2.700875] (sllidar_ros2) StderrLine: {'line': b'\x1b[01m\x1b[K/home/majuste/Programa\xc3\xa7\xc3\xa3o/ROS2/UDH1/Navigation/src/sllidar_ros2/sdk/src/dataunpacker/unpacker/../dataunpacker.h:\x1b[m\x1b[K In member function \xe2\x80\x98\x1b[01m\x1b[Kvirtual void sl::internal::LIDARSampleDataListener::onDecodingError(int, _u8, const void*, size_t)\x1b[m\x1b[K\xe2\x80\x99:\n'}
[2.700909] (sllidar_ros2) StderrLine: {'line': b'\x1b[01m\x1b[K/home/majuste/Programa\xc3\xa7\xc3\xa3o/ROS2/UDH1/Navigation/src/sllidar_ros2/sdk/src/dataunpacker/unpacker/../dataunpacker.h:56:42:\x1b[m\x1b[K \x1b[01;35m\x1b[Kwarning: \x1b[m\x1b[Kunused parameter \xe2\x80\x98\x1b[01m\x1b[KerrMsg\x1b[m\x1b[K\xe2\x80\x99 [\x1b[01;35m\x1b[K\x1b]8;;https://gcc.gnu.org/onlinedocs/gcc/Warning-Options.html#index-Wunused-parameter\x07-Wunused-parameter\x1b]8;;\x07\x1b[m\x1b[K]\n'}
[2.700945] (sllidar_ros2) StderrLine: {'line': b'   56 |         virtual void onDecodingError(\x1b[01;35m\x1b[Kint errMsg\x1b[m\x1b[K, _u8 ansType, const void* payload, size_t size) {}\n'}
[2.701005] (sllidar_ros2) StderrLine: {'line': b'      |                                      \x1b[01;35m\x1b[K~~~~^~~~~~\x1b[m\x1b[K\n'}
[2.701086] (sllidar_ros2) StderrLine: {'line': b'\x1b[01m\x1b[K/home/majuste/Programa\xc3\xa7\xc3\xa3o/ROS2/UDH1/Navigation/src/sllidar_ros2/sdk/src/dataunpacker/unpacker/../dataunpacker.h:56:54:\x1b[m\x1b[K \x1b[01;35m\x1b[Kwarning: \x1b[m\x1b[Kunused parameter \xe2\x80\x98\x1b[01m\x1b[KansType\x1b[m\x1b[K\xe2\x80\x99 [\x1b[01;35m\x1b[K\x1b]8;;https://gcc.gnu.org/onlinedocs/gcc/Warning-Options.html#index-Wunused-parameter\x07-Wunused-parameter\x1b]8;;\x07\x1b[m\x1b[K]\n'}
[2.701118] (sllidar_ros2) StderrLine: {'line': b'   56 |         virtual void onDecodingError(int errMsg, \x1b[01;35m\x1b[K_u8 ansType\x1b[m\x1b[K, const void* payload, size_t size) {}\n'}
[2.701148] (sllidar_ros2) StderrLine: {'line': b'      |                                                  \x1b[01;35m\x1b[K~~~~^~~~~~~\x1b[m\x1b[K\n'}
[2.701179] (sllidar_ros2) StderrLine: {'line': b'\x1b[01m\x1b[K/home/majuste/Programa\xc3\xa7\xc3\xa3o/ROS2/UDH1/Navigation/src/sllidar_ros2/sdk/src/dataunpacker/unpacker/../dataunpacker.h:56:75:\x1b[m\x1b[K \x1b[01;35m\x1b[Kwarning: \x1b[m\x1b[Kunused parameter \xe2\x80\x98\x1b[01m\x1b[Kpayload\x1b[m\x1b[K\xe2\x80\x99 [\x1b[01;35m\x1b[K\x1b]8;;https://gcc.gnu.org/onlinedocs/gcc/Warning-Options.html#index-Wunused-parameter\x07-Wunused-parameter\x1b]8;;\x07\x1b[m\x1b[K]\n'}
[2.701209] (sllidar_ros2) StderrLine: {'line': b'   56 |         virtual void onDecodingError(int errMsg, _u8 ansType, \x1b[01;35m\x1b[Kconst void* payload\x1b[m\x1b[K, size_t size) {}\n'}
[2.701243] (sllidar_ros2) StderrLine: {'line': b'      |                                                               \x1b[01;35m\x1b[K~~~~~~~~~~~~^~~~~~~\x1b[m\x1b[K\n'}
[2.701273] (sllidar_ros2) StderrLine: {'line': b'\x1b[01m\x1b[K/home/majuste/Programa\xc3\xa7\xc3\xa3o/ROS2/UDH1/Navigation/src/sllidar_ros2/sdk/src/dataunpacker/unpacker/../dataunpacker.h:56:91:\x1b[m\x1b[K \x1b[01;35m\x1b[Kwarning: \x1b[m\x1b[Kunused parameter \xe2\x80\x98\x1b[01m\x1b[Ksize\x1b[m\x1b[K\xe2\x80\x99 [\x1b[01;35m\x1b[K\x1b]8;;https://gcc.gnu.org/onlinedocs/gcc/Warning-Options.html#index-Wunused-parameter\x07-Wunused-parameter\x1b]8;;\x07\x1b[m\x1b[K]\n'}
[2.701303] (sllidar_ros2) StderrLine: {'line': b'   56 |         virtual void onDecodingError(int errMsg, _u8 ansType, const void* payload, \x1b[01;35m\x1b[Ksize_t size\x1b[m\x1b[K) {}\n'}
[2.701332] (sllidar_ros2) StderrLine: {'line': b'      |                                                                                    \x1b[01;35m\x1b[K~~~~~~~^~~~\x1b[m\x1b[K\n'}
[2.701361] (sllidar_ros2) StderrLine: {'line': b'In file included from \x1b[01m\x1b[K/home/majuste/Programa\xc3\xa7\xc3\xa3o/ROS2/UDH1/Navigation/src/sllidar_ros2/sdk/src/dataunpacker/dataunpacker.cpp:40\x1b[m\x1b[K:\n'}
[2.701390] (sllidar_ros2) StderrLine: {'line': b'\x1b[01m\x1b[K/home/majuste/Programa\xc3\xa7\xc3\xa3o/ROS2/UDH1/Navigation/src/sllidar_ros2/sdk/src/dataunpacker/dataunpacker.h:\x1b[m\x1b[K In member function \xe2\x80\x98\x1b[01m\x1b[Kvirtual void sl::internal::LIDARSampleDataListener::onCustomSampleDataDecoded(_u8, _u32, const void*, size_t)\x1b[m\x1b[K\xe2\x80\x99:\n'}
[2.701430] (sllidar_ros2) StderrLine: {'line': b'\x1b[01m\x1b[K/home/majuste/Programa\xc3\xa7\xc3\xa3o/ROS2/UDH1/Navigation/src/sllidar_ros2/sdk/src/dataunpacker/dataunpacker.h:54:52:\x1b[m\x1b[K \x1b[01;35m\x1b[Kwarning: \x1b[m\x1b[Kunused parameter \xe2\x80\x98\x1b[01m\x1b[KansType\x1b[m\x1b[K\xe2\x80\x99 [\x1b[01;35m\x1b[K\x1b]8;;https://gcc.gnu.org/onlinedocs/gcc/Warning-Options.html#index-Wunused-parameter\x07-Wunused-parameter\x1b]8;;\x07\x1b[m\x1b[K]\n'}
[2.701463] (sllidar_ros2) StderrLine: {'line': b'   54 |         virtual void onCustomSampleDataDecoded(\x1b[01;35m\x1b[K_u8 ansType\x1b[m\x1b[K, _u32 customCode, const void* data, size_t size) {}\n'}
[2.701492] (sllidar_ros2) StderrLine: {'line': b'      |                                                \x1b[01;35m\x1b[K~~~~^~~~~~~\x1b[m\x1b[K\n'}
[2.701521] (sllidar_ros2) StderrLine: {'line': b'\x1b[01m\x1b[K/home/majuste/Programa\xc3\xa7\xc3\xa3o/ROS2/UDH1/Navigation/src/sllidar_ros2/sdk/src/dataunpacker/dataunpacker.h:54:66:\x1b[m\x1b[K \x1b[01;35m\x1b[Kwarning: \x1b[m\x1b[Kunused parameter \xe2\x80\x98\x1b[01m\x1b[KcustomCode\x1b[m\x1b[K\xe2\x80\x99 [\x1b[01;35m\x1b[K\x1b]8;;https://gcc.gnu.org/onlinedocs/gcc/Warning-Options.html#index-Wunused-parameter\x07-Wunused-parameter\x1b]8;;\x07\x1b[m\x1b[K]\n'}
[2.701559] (sllidar_ros2) StderrLine: {'line': b'   54 |         virtual void onCustomSampleDataDecoded(_u8 ansType, \x1b[01;35m\x1b[K_u32 customCode\x1b[m\x1b[K, const void* data, size_t size) {}\n'}
[2.701589] (sllidar_ros2) StderrLine: {'line': b'      |                                                             \x1b[01;35m\x1b[K~~~~~^~~~~~~~~~\x1b[m\x1b[K\n'}
[2.701619] (sllidar_ros2) StderrLine: {'line': b'\x1b[01m\x1b[K/home/majuste/Programa\xc3\xa7\xc3\xa3o/ROS2/UDH1/Navigation/src/sllidar_ros2/sdk/src/dataunpacker/dataunpacker.h:54:90:\x1b[m\x1b[K \x1b[01;35m\x1b[Kwarning: \x1b[m\x1b[Kunused parameter \xe2\x80\x98\x1b[01m\x1b[Kdata\x1b[m\x1b[K\xe2\x80\x99 [\x1b[01;35m\x1b[K\x1b]8;;https://gcc.gnu.org/onlinedocs/gcc/Warning-Options.html#index-Wunused-parameter\x07-Wunused-parameter\x1b]8;;\x07\x1b[m\x1b[K]\n'}
[2.701649] (sllidar_ros2) StderrLine: {'line': b'   54 |         virtual void onCustomSampleDataDecoded(_u8 ansType, _u32 customCode, \x1b[01;35m\x1b[Kconst void* data\x1b[m\x1b[K, size_t size) {}\n'}
[2.701678] (sllidar_ros2) StderrLine: {'line': b'      |                                                                              \x1b[01;35m\x1b[K~~~~~~~~~~~~^~~~\x1b[m\x1b[K\n'}
[2.701712] (sllidar_ros2) StderrLine: {'line': b'\x1b[01m\x1b[K/home/majuste/Programa\xc3\xa7\xc3\xa3o/ROS2/UDH1/Navigation/src/sllidar_ros2/sdk/src/dataunpacker/dataunpacker.h:54:103:\x1b[m\x1b[K \x1b[01;35m\x1b[Kwarning: \x1b[m\x1b[Kunused parameter \xe2\x80\x98\x1b[01m\x1b[Ksize\x1b[m\x1b[K\xe2\x80\x99 [\x1b[01;35m\x1b[K\x1b]8;;https://gcc.gnu.org/onlinedocs/gcc/Warning-Options.html#index-Wunused-parameter\x07-Wunused-parameter\x1b]8;;\x07\x1b[m\x1b[K]\n'}
[2.701744] (sllidar_ros2) StderrLine: {'line': b'   54 |         virtual void onCustomSampleDataDecoded(_u8 ansType, _u32 customCode, const void* data, \x1b[01;35m\x1b[Ksize_t size\x1b[m\x1b[K) {}\n'}
[2.701775] (sllidar_ros2) StderrLine: {'line': b'      |                                                                                                \x1b[01;35m\x1b[K~~~~~~~^~~~\x1b[m\x1b[K\n'}
[2.701804] (sllidar_ros2) StderrLine: {'line': b'\x1b[01m\x1b[K/home/majuste/Programa\xc3\xa7\xc3\xa3o/ROS2/UDH1/Navigation/src/sllidar_ros2/sdk/src/dataunpacker/dataunpacker.h:\x1b[m\x1b[K In member function \xe2\x80\x98\x1b[01m\x1b[Kvirtual void sl::internal::LIDARSampleDataListener::onDecodingError(int, _u8, const void*, size_t)\x1b[m\x1b[K\xe2\x80\x99:\n'}
[2.701834] (sllidar_ros2) StderrLine: {'line': b'\x1b[01m\x1b[K/home/majuste/Programa\xc3\xa7\xc3\xa3o/ROS2/UDH1/Navigation/src/sllidar_ros2/sdk/src/dataunpacker/dataunpacker.h:56:42:\x1b[m\x1b[K \x1b[01;35m\x1b[Kwarning: \x1b[m\x1b[Kunused parameter \xe2\x80\x98\x1b[01m\x1b[KerrMsg\x1b[m\x1b[K\xe2\x80\x99 [\x1b[01;35m\x1b[K\x1b]8;;https://gcc.gnu.org/onlinedocs/gcc/Warning-Options.html#index-Wunused-parameter\x07-Wunused-parameter\x1b]8;;\x07\x1b[m\x1b[K]\n'}
[2.701866] (sllidar_ros2) StderrLine: {'line': b'   56 |         virtual void onDecodingError(\x1b[01;35m\x1b[Kint errMsg\x1b[m\x1b[K, _u8 ansType, const void* payload, size_t size) {}\n'}
[2.701896] (sllidar_ros2) StderrLine: {'line': b'      |                                      \x1b[01;35m\x1b[K~~~~^~~~~~\x1b[m\x1b[K\n'}
[2.701924] (sllidar_ros2) StderrLine: {'line': b'\x1b[01m\x1b[K/home/majuste/Programa\xc3\xa7\xc3\xa3o/ROS2/UDH1/Navigation/src/sllidar_ros2/sdk/src/dataunpacker/dataunpacker.h:56:54:\x1b[m\x1b[K \x1b[01;35m\x1b[Kwarning: \x1b[m\x1b[Kunused parameter \xe2\x80\x98\x1b[01m\x1b[KansType\x1b[m\x1b[K\xe2\x80\x99 [\x1b[01;35m\x1b[K\x1b]8;;https://gcc.gnu.org/onlinedocs/gcc/Warning-Options.html#index-Wunused-parameter\x07-Wunused-parameter\x1b]8;;\x07\x1b[m\x1b[K]\n'}
[2.701954] (sllidar_ros2) StderrLine: {'line': b'   56 |         virtual void onDecodingError(int errMsg, \x1b[01;35m\x1b[K_u8 ansType\x1b[m\x1b[K, const void* payload, size_t size) {}\n'}
[2.701982] (sllidar_ros2) StderrLine: {'line': b'      |                                                  \x1b[01;35m\x1b[K~~~~^~~~~~~\x1b[m\x1b[K\n'}
[2.702010] (sllidar_ros2) StderrLine: {'line': b'\x1b[01m\x1b[K/home/majuste/Programa\xc3\xa7\xc3\xa3o/ROS2/UDH1/Navigation/src/sllidar_ros2/sdk/src/dataunpacker/dataunpacker.h:56:75:\x1b[m\x1b[K \x1b[01;35m\x1b[Kwarning: \x1b[m\x1b[Kunused parameter \xe2\x80\x98\x1b[01m\x1b[Kpayload\x1b[m\x1b[K\xe2\x80\x99 [\x1b[01;35m\x1b[K\x1b]8;;https://gcc.gnu.org/onlinedocs/gcc/Warning-Options.html#index-Wunused-parameter\x07-Wunused-parameter\x1b]8;;\x07\x1b[m\x1b[K]\n'}
[2.702040] (sllidar_ros2) StderrLine: {'line': b'   56 |         virtual void onDecodingError(int errMsg, _u8 ansType, \x1b[01;35m\x1b[Kconst void* payload\x1b[m\x1b[K, size_t size) {}\n'}
[2.702071] (sllidar_ros2) StderrLine: {'line': b'      |                                                               \x1b[01;35m\x1b[K~~~~~~~~~~~~^~~~~~~\x1b[m\x1b[K\n'}
[2.702101] (sllidar_ros2) StderrLine: {'line': b'\x1b[01m\x1b[K/home/majuste/Programa\xc3\xa7\xc3\xa3o/ROS2/UDH1/Navigation/src/sllidar_ros2/sdk/src/dataunpacker/dataunpacker.h:56:91:\x1b[m\x1b[K \x1b[01;35m\x1b[Kwarning: \x1b[m\x1b[Kunused parameter \xe2\x80\x98\x1b[01m\x1b[Ksize\x1b[m\x1b[K\xe2\x80\x99 [\x1b[01;35m\x1b[K\x1b]8;;https://gcc.gnu.org/onlinedocs/gcc/Warning-Options.html#index-Wunused-parameter\x07-Wunused-parameter\x1b]8;;\x07\x1b[m\x1b[K]\n'}
[2.702130] (sllidar_ros2) StderrLine: {'line': b'   56 |         virtual void onDecodingError(int errMsg, _u8 ansType, const void* payload, \x1b[01;35m\x1b[Ksize_t size\x1b[m\x1b[K) {}\n'}
[2.702159] (sllidar_ros2) StderrLine: {'line': b'      |                                                                                    \x1b[01;35m\x1b[K~~~~~~~^~~~\x1b[m\x1b[K\n'}
[2.702188] (sllidar_ros2) StderrLine: {'line': b'In file included from \x1b[01m\x1b[K/home/majuste/Programa\xc3\xa7\xc3\xa3o/ROS2/UDH1/Navigation/src/sllidar_ros2/sdk/src/dataunpacker/unpacker/handler_hqnode.cpp:40\x1b[m\x1b[K:\n'}
[2.702218] (sllidar_ros2) StderrLine: {'line': b'\x1b[01m\x1b[K/home/majuste/Programa\xc3\xa7\xc3\xa3o/ROS2/UDH1/Navigation/src/sllidar_ros2/sdk/src/dataunpacker/unpacker/../dataunpacker.h:\x1b[m\x1b[K In member function \xe2\x80\x98\x1b[01m\x1b[Kvirtual void sl::internal::LIDARSampleDataListener::onCustomSampleDataDecoded(_u8, _u32, const void*, size_t)\x1b[m\x1b[K\xe2\x80\x99:\n'}
[2.702249] (sllidar_ros2) StderrLine: {'line': b'\x1b[01m\x1b[K/home/majuste/Programa\xc3\xa7\xc3\xa3o/ROS2/UDH1/Navigation/src/sllidar_ros2/sdk/src/dataunpacker/unpacker/../dataunpacker.h:54:52:\x1b[m\x1b[K \x1b[01;35m\x1b[Kwarning: \x1b[m\x1b[Kunused parameter \xe2\x80\x98\x1b[01m\x1b[KansType\x1b[m\x1b[K\xe2\x80\x99 [\x1b[01;35m\x1b[K\x1b]8;;https://gcc.gnu.org/onlinedocs/gcc/Warning-Options.html#index-Wunused-parameter\x07-Wunused-parameter\x1b]8;;\x07\x1b[m\x1b[K]\n'}
[2.702280] (sllidar_ros2) StderrLine: {'line': b'   54 |         virtual void onCustomSampleDataDecoded(\x1b[01;35m\x1b[K_u8 ansType\x1b[m\x1b[K, _u32 customCode, const void* data, size_t size) {}\n'}
[2.702313] (sllidar_ros2) StderrLine: {'line': b'      |                                                \x1b[01;35m\x1b[K~~~~^~~~~~~\x1b[m\x1b[K\n'}
[2.702343] (sllidar_ros2) StderrLine: {'line': b'\x1b[01m\x1b[K/home/majuste/Programa\xc3\xa7\xc3\xa3o/ROS2/UDH1/Navigation/src/sllidar_ros2/sdk/src/dataunpacker/unpacker/../dataunpacker.h:54:66:\x1b[m\x1b[K \x1b[01;35m\x1b[Kwarning: \x1b[m\x1b[Kunused parameter \xe2\x80\x98\x1b[01m\x1b[KcustomCode\x1b[m\x1b[K\xe2\x80\x99 [\x1b[01;35m\x1b[K\x1b]8;;https://gcc.gnu.org/onlinedocs/gcc/Warning-Options.html#index-Wunused-parameter\x07-Wunused-parameter\x1b]8;;\x07\x1b[m\x1b[K]\n'}
[2.702375] (sllidar_ros2) StderrLine: {'line': b'   54 |         virtual void onCustomSampleDataDecoded(_u8 ansType, \x1b[01;35m\x1b[K_u32 customCode\x1b[m\x1b[K, const void* data, size_t size) {}\n'}
[2.702404] (sllidar_ros2) StderrLine: {'line': b'      |                                                             \x1b[01;35m\x1b[K~~~~~^~~~~~~~~~\x1b[m\x1b[K\n'}
[2.702433] (sllidar_ros2) StderrLine: {'line': b'\x1b[01m\x1b[K/home/majuste/Programa\xc3\xa7\xc3\xa3o/ROS2/UDH1/Navigation/src/sllidar_ros2/sdk/src/dataunpacker/unpacker/../dataunpacker.h:54:90:\x1b[m\x1b[K \x1b[01;35m\x1b[Kwarning: \x1b[m\x1b[Kunused parameter \xe2\x80\x98\x1b[01m\x1b[Kdata\x1b[m\x1b[K\xe2\x80\x99 [\x1b[01;35m\x1b[K\x1b]8;;https://gcc.gnu.org/onlinedocs/gcc/Warning-Options.html#index-Wunused-parameter\x07-Wunused-parameter\x1b]8;;\x07\x1b[m\x1b[K]\n'}
[2.702462] (sllidar_ros2) StderrLine: {'line': b'   54 |         virtual void onCustomSampleDataDecoded(_u8 ansType, _u32 customCode, \x1b[01;35m\x1b[Kconst void* data\x1b[m\x1b[K, size_t size) {}\n'}
[2.702491] (sllidar_ros2) StderrLine: {'line': b'      |                                                                              \x1b[01;35m\x1b[K~~~~~~~~~~~~^~~~\x1b[m\x1b[K\n'}
[2.702520] (sllidar_ros2) StderrLine: {'line': b'\x1b[01m\x1b[K/home/majuste/Programa\xc3\xa7\xc3\xa3o/ROS2/UDH1/Navigation/src/sllidar_ros2/sdk/src/dataunpacker/unpacker/../dataunpacker.h:54:103:\x1b[m\x1b[K \x1b[01;35m\x1b[Kwarning: \x1b[m\x1b[Kunused parameter \xe2\x80\x98\x1b[01m\x1b[Ksize\x1b[m\x1b[K\xe2\x80\x99 [\x1b[01;35m\x1b[K\x1b]8;;https://gcc.gnu.org/onlinedocs/gcc/Warning-Options.html#index-Wunused-parameter\x07-Wunused-parameter\x1b]8;;\x07\x1b[m\x1b[K]\n'}
[2.702554] (sllidar_ros2) StderrLine: {'line': b'   54 |         virtual void onCustomSampleDataDecoded(_u8 ansType, _u32 customCode, const void* data, \x1b[01;35m\x1b[Ksize_t size\x1b[m\x1b[K) {}\n'}
[2.702665] (sllidar_ros2) StderrLine: {'line': b'      |                                                                                                \x1b[01;35m\x1b[K~~~~~~~^~~~\x1b[m\x1b[K\n'}
[2.702728] (sllidar_ros2) StderrLine: {'line': b'\x1b[01m\x1b[K/home/majuste/Programa\xc3\xa7\xc3\xa3o/ROS2/UDH1/Navigation/src/sllidar_ros2/sdk/src/dataunpacker/unpacker/../dataunpacker.h:\x1b[m\x1b[K In member function \xe2\x80\x98\x1b[01m\x1b[Kvirtual void sl::internal::LIDARSampleDataListener::onDecodingError(int, _u8, const void*, size_t)\x1b[m\x1b[K\xe2\x80\x99:\n'}
[2.702783] (sllidar_ros2) StderrLine: {'line': b'\x1b[01m\x1b[K/home/majuste/Programa\xc3\xa7\xc3\xa3o/ROS2/UDH1/Navigation/src/sllidar_ros2/sdk/src/dataunpacker/unpacker/../dataunpacker.h:56:42:\x1b[m\x1b[K \x1b[01;35m\x1b[Kwarning: \x1b[m\x1b[Kunused parameter \xe2\x80\x98\x1b[01m\x1b[KerrMsg\x1b[m\x1b[K\xe2\x80\x99 [\x1b[01;35m\x1b[K\x1b]8;;https://gcc.gnu.org/onlinedocs/gcc/Warning-Options.html#index-Wunused-parameter\x07-Wunused-parameter\x1b]8;;\x07\x1b[m\x1b[K]\n'}
[2.702834] (sllidar_ros2) StderrLine: {'line': b'   56 |         virtual void onDecodingError(\x1b[01;35m\x1b[Kint errMsg\x1b[m\x1b[K, _u8 ansType, const void* payload, size_t size) {}\n'}
[2.702888] (sllidar_ros2) StderrLine: {'line': b'      |                                      \x1b[01;35m\x1b[K~~~~^~~~~~\x1b[m\x1b[K\n'}
[2.702942] (sllidar_ros2) StderrLine: {'line': b'\x1b[01m\x1b[K/home/majuste/Programa\xc3\xa7\xc3\xa3o/ROS2/UDH1/Navigation/src/sllidar_ros2/sdk/src/dataunpacker/unpacker/../dataunpacker.h:56:54:\x1b[m\x1b[K \x1b[01;35m\x1b[Kwarning: \x1b[m\x1b[Kunused parameter \xe2\x80\x98\x1b[01m\x1b[KansType\x1b[m\x1b[K\xe2\x80\x99 [\x1b[01;35m\x1b[K\x1b]8;;https://gcc.gnu.org/onlinedocs/gcc/Warning-Options.html#index-Wunused-parameter\x07-Wunused-parameter\x1b]8;;\x07\x1b[m\x1b[K]\n'}
[2.702992] (sllidar_ros2) StderrLine: {'line': b'   56 |         virtual void onDecodingError(int errMsg, \x1b[01;35m\x1b[K_u8 ansType\x1b[m\x1b[K, const void* payload, size_t size) {}\n'}
[2.703040] (sllidar_ros2) StderrLine: {'line': b'      |                                                  \x1b[01;35m\x1b[K~~~~^~~~~~~\x1b[m\x1b[K\n'}
[2.703140] (sllidar_ros2) StderrLine: {'line': b'\x1b[01m\x1b[K/home/majuste/Programa\xc3\xa7\xc3\xa3o/ROS2/UDH1/Navigation/src/sllidar_ros2/sdk/src/dataunpacker/unpacker/../dataunpacker.h:56:75:\x1b[m\x1b[K \x1b[01;35m\x1b[Kwarning: \x1b[m\x1b[Kunused parameter \xe2\x80\x98\x1b[01m\x1b[Kpayload\x1b[m\x1b[K\xe2\x80\x99 [\x1b[01;35m\x1b[K\x1b]8;;https://gcc.gnu.org/onlinedocs/gcc/Warning-Options.html#index-Wunused-parameter\x07-Wunused-parameter\x1b]8;;\x07\x1b[m\x1b[K]\n'}
[2.703193] (sllidar_ros2) StderrLine: {'line': b'   56 |         virtual void onDecodingError(int errMsg, _u8 ansType, \x1b[01;35m\x1b[Kconst void* payload\x1b[m\x1b[K, size_t size) {}\n'}
[2.703241] (sllidar_ros2) StderrLine: {'line': b'      |                                                               \x1b[01;35m\x1b[K~~~~~~~~~~~~^~~~~~~\x1b[m\x1b[K\n'}
[2.703287] (sllidar_ros2) StderrLine: {'line': b'\x1b[01m\x1b[K/home/majuste/Programa\xc3\xa7\xc3\xa3o/ROS2/UDH1/Navigation/src/sllidar_ros2/sdk/src/dataunpacker/unpacker/../dataunpacker.h:56:91:\x1b[m\x1b[K \x1b[01;35m\x1b[Kwarning: \x1b[m\x1b[Kunused parameter \xe2\x80\x98\x1b[01m\x1b[Ksize\x1b[m\x1b[K\xe2\x80\x99 [\x1b[01;35m\x1b[K\x1b]8;;https://gcc.gnu.org/onlinedocs/gcc/Warning-Options.html#index-Wunused-parameter\x07-Wunused-parameter\x1b]8;;\x07\x1b[m\x1b[K]\n'}
[2.703387] (sllidar_ros2) StderrLine: {'line': b'   56 |         virtual void onDecodingError(int errMsg, _u8 ansType, const void* payload, \x1b[01;35m\x1b[Ksize_t size\x1b[m\x1b[K) {}\n'}
[2.703440] (sllidar_ros2) StderrLine: {'line': b'      |                                                                                    \x1b[01;35m\x1b[K~~~~~~~^~~~\x1b[m\x1b[K\n'}
[2.703492] (sllidar_ros2) StderrLine: {'line': b'In file included from \x1b[01m\x1b[K/home/majuste/Programa\xc3\xa7\xc3\xa3o/ROS2/UDH1/Navigation/src/sllidar_ros2/sdk/src/dataunpacker/unpacker/handler_capsules.cpp:40\x1b[m\x1b[K:\n'}
[2.703548] (sllidar_ros2) StderrLine: {'line': b'\x1b[01m\x1b[K/home/majuste/Programa\xc3\xa7\xc3\xa3o/ROS2/UDH1/Navigation/src/sllidar_ros2/sdk/src/dataunpacker/unpacker/../dataunpacker.h:\x1b[m\x1b[K In member function \xe2\x80\x98\x1b[01m\x1b[Kvirtual void sl::internal::LIDARSampleDataListener::onCustomSampleDataDecoded(_u8, _u32, const void*, size_t)\x1b[m\x1b[K\xe2\x80\x99:\n'}
[2.703582] (sllidar_ros2) StderrLine: {'line': b'\x1b[01m\x1b[K/home/majuste/Programa\xc3\xa7\xc3\xa3o/ROS2/UDH1/Navigation/src/sllidar_ros2/sdk/src/dataunpacker/unpacker/../dataunpacker.h:54:52:\x1b[m\x1b[K \x1b[01;35m\x1b[Kwarning: \x1b[m\x1b[Kunused parameter \xe2\x80\x98\x1b[01m\x1b[KansType\x1b[m\x1b[K\xe2\x80\x99 [\x1b[01;35m\x1b[K\x1b]8;;https://gcc.gnu.org/onlinedocs/gcc/Warning-Options.html#index-Wunused-parameter\x07-Wunused-parameter\x1b]8;;\x07\x1b[m\x1b[K]\n'}
[2.703613] (sllidar_ros2) StderrLine: {'line': b'   54 |         virtual void onCustomSampleDataDecoded(\x1b[01;35m\x1b[K_u8 ansType\x1b[m\x1b[K, _u32 customCode, const void* data, size_t size) {}\n'}
[2.703643] (sllidar_ros2) StderrLine: {'line': b'      |                                                \x1b[01;35m\x1b[K~~~~^~~~~~~\x1b[m\x1b[K\n'}
[2.703672] (sllidar_ros2) StderrLine: {'line': b'\x1b[01m\x1b[K/home/majuste/Programa\xc3\xa7\xc3\xa3o/ROS2/UDH1/Navigation/src/sllidar_ros2/sdk/src/dataunpacker/unpacker/../dataunpacker.h:54:66:\x1b[m\x1b[K \x1b[01;35m\x1b[Kwarning: \x1b[m\x1b[Kunused parameter \xe2\x80\x98\x1b[01m\x1b[KcustomCode\x1b[m\x1b[K\xe2\x80\x99 [\x1b[01;35m\x1b[K\x1b]8;;https://gcc.gnu.org/onlinedocs/gcc/Warning-Options.html#index-Wunused-parameter\x07-Wunused-parameter\x1b]8;;\x07\x1b[m\x1b[K]\n'}
[2.703704] (sllidar_ros2) StderrLine: {'line': b'   54 |         virtual void onCustomSampleDataDecoded(_u8 ansType, \x1b[01;35m\x1b[K_u32 customCode\x1b[m\x1b[K, const void* data, size_t size) {}\n'}
[2.703734] (-) TimerEvent: {}
[2.703802] (sllidar_ros2) StderrLine: {'line': b'      |                                                             \x1b[01;35m\x1b[K~~~~~^~~~~~~~~~\x1b[m\x1b[K\n'}
[2.703845] (sllidar_ros2) StderrLine: {'line': b'\x1b[01m\x1b[K/home/majuste/Programa\xc3\xa7\xc3\xa3o/ROS2/UDH1/Navigation/src/sllidar_ros2/sdk/src/dataunpacker/unpacker/../dataunpacker.h:54:90:\x1b[m\x1b[K \x1b[01;35m\x1b[Kwarning: \x1b[m\x1b[Kunused parameter \xe2\x80\x98\x1b[01m\x1b[Kdata\x1b[m\x1b[K\xe2\x80\x99 [\x1b[01;35m\x1b[K\x1b]8;;https://gcc.gnu.org/onlinedocs/gcc/Warning-Options.html#index-Wunused-parameter\x07-Wunused-parameter\x1b]8;;\x07\x1b[m\x1b[K]\n'}
[2.703880] (sllidar_ros2) StderrLine: {'line': b'   54 |         virtual void onCustomSampleDataDecoded(_u8 ansType, _u32 customCode, \x1b[01;35m\x1b[Kconst void* data\x1b[m\x1b[K, size_t size) {}\n'}
[2.703912] (sllidar_ros2) StderrLine: {'line': b'      |                                                                              \x1b[01;35m\x1b[K~~~~~~~~~~~~^~~~\x1b[m\x1b[K\n'}
[2.703947] (sllidar_ros2) StderrLine: {'line': b'\x1b[01m\x1b[K/home/majuste/Programa\xc3\xa7\xc3\xa3o/ROS2/UDH1/Navigation/src/sllidar_ros2/sdk/src/dataunpacker/unpacker/../dataunpacker.h:54:103:\x1b[m\x1b[K \x1b[01;35m\x1b[Kwarning: \x1b[m\x1b[Kunused parameter \xe2\x80\x98\x1b[01m\x1b[Ksize\x1b[m\x1b[K\xe2\x80\x99 [\x1b[01;35m\x1b[K\x1b]8;;https://gcc.gnu.org/onlinedocs/gcc/Warning-Options.html#index-Wunused-parameter\x07-Wunused-parameter\x1b]8;;\x07\x1b[m\x1b[K]\n'}
[2.703983] (sllidar_ros2) StderrLine: {'line': b'   54 |         virtual void onCustomSampleDataDecoded(_u8 ansType, _u32 customCode, const void* data, \x1b[01;35m\x1b[Ksize_t size\x1b[m\x1b[K) {}\n'}
[2.704016] (sllidar_ros2) StderrLine: {'line': b'      |                                                                                                \x1b[01;35m\x1b[K~~~~~~~^~~~\x1b[m\x1b[K\n'}
[2.704045] (sllidar_ros2) StderrLine: {'line': b'\x1b[01m\x1b[K/home/majuste/Programa\xc3\xa7\xc3\xa3o/ROS2/UDH1/Navigation/src/sllidar_ros2/sdk/src/dataunpacker/unpacker/../dataunpacker.h:\x1b[m\x1b[K In member function \xe2\x80\x98\x1b[01m\x1b[Kvirtual void sl::internal::LIDARSampleDataListener::onDecodingError(int, _u8, const void*, size_t)\x1b[m\x1b[K\xe2\x80\x99:\n'}
[2.704075] (sllidar_ros2) StderrLine: {'line': b'\x1b[01m\x1b[K/home/majuste/Programa\xc3\xa7\xc3\xa3o/ROS2/UDH1/Navigation/src/sllidar_ros2/sdk/src/dataunpacker/unpacker/../dataunpacker.h:56:42:\x1b[m\x1b[K \x1b[01;35m\x1b[Kwarning: \x1b[m\x1b[Kunused parameter \xe2\x80\x98\x1b[01m\x1b[KerrMsg\x1b[m\x1b[K\xe2\x80\x99 [\x1b[01;35m\x1b[K\x1b]8;;https://gcc.gnu.org/onlinedocs/gcc/Warning-Options.html#index-Wunused-parameter\x07-Wunused-parameter\x1b]8;;\x07\x1b[m\x1b[K]\n'}
[2.704105] (sllidar_ros2) StderrLine: {'line': b'   56 |         virtual void onDecodingError(\x1b[01;35m\x1b[Kint errMsg\x1b[m\x1b[K, _u8 ansType, const void* payload, size_t size) {}\n'}
[2.704138] (sllidar_ros2) StderrLine: {'line': b'      |                                      \x1b[01;35m\x1b[K~~~~^~~~~~\x1b[m\x1b[K\n'}
[2.704168] (sllidar_ros2) StderrLine: {'line': b'\x1b[01m\x1b[K/home/majuste/Programa\xc3\xa7\xc3\xa3o/ROS2/UDH1/Navigation/src/sllidar_ros2/sdk/src/dataunpacker/unpacker/../dataunpacker.h:56:54:\x1b[m\x1b[K \x1b[01;35m\x1b[Kwarning: \x1b[m\x1b[Kunused parameter \xe2\x80\x98\x1b[01m\x1b[KansType\x1b[m\x1b[K\xe2\x80\x99 [\x1b[01;35m\x1b[K\x1b]8;;https://gcc.gnu.org/onlinedocs/gcc/Warning-Options.html#index-Wunused-parameter\x07-Wunused-parameter\x1b]8;;\x07\x1b[m\x1b[K]\n'}
[2.704208] (sllidar_ros2) StderrLine: {'line': b'   56 |         virtual void onDecodingError(int errMsg, \x1b[01;35m\x1b[K_u8 ansType\x1b[m\x1b[K, const void* payload, size_t size) {}\n'}
[2.704241] (sllidar_ros2) StderrLine: {'line': b'      |                                                  \x1b[01;35m\x1b[K~~~~^~~~~~~\x1b[m\x1b[K\n'}
[2.704274] (sllidar_ros2) StderrLine: {'line': b'\x1b[01m\x1b[K/home/majuste/Programa\xc3\xa7\xc3\xa3o/ROS2/UDH1/Navigation/src/sllidar_ros2/sdk/src/dataunpacker/unpacker/../dataunpacker.h:56:75:\x1b[m\x1b[K \x1b[01;35m\x1b[Kwarning: \x1b[m\x1b[Kunused parameter \xe2\x80\x98\x1b[01m\x1b[Kpayload\x1b[m\x1b[K\xe2\x80\x99 [\x1b[01;35m\x1b[K\x1b]8;;https://gcc.gnu.org/onlinedocs/gcc/Warning-Options.html#index-Wunused-parameter\x07-Wunused-parameter\x1b]8;;\x07\x1b[m\x1b[K]\n'}
[2.704305] (sllidar_ros2) StderrLine: {'line': b'   56 |         virtual void onDecodingError(int errMsg, _u8 ansType, \x1b[01;35m\x1b[Kconst void* payload\x1b[m\x1b[K, size_t size) {}\n'}
[2.704336] (sllidar_ros2) StderrLine: {'line': b'      |                                                               \x1b[01;35m\x1b[K~~~~~~~~~~~~^~~~~~~\x1b[m\x1b[K\n'}
[2.704366] (sllidar_ros2) StderrLine: {'line': b'\x1b[01m\x1b[K/home/majuste/Programa\xc3\xa7\xc3\xa3o/ROS2/UDH1/Navigation/src/sllidar_ros2/sdk/src/dataunpacker/unpacker/../dataunpacker.h:56:91:\x1b[m\x1b[K \x1b[01;35m\x1b[Kwarning: \x1b[m\x1b[Kunused parameter \xe2\x80\x98\x1b[01m\x1b[Ksize\x1b[m\x1b[K\xe2\x80\x99 [\x1b[01;35m\x1b[K\x1b]8;;https://gcc.gnu.org/onlinedocs/gcc/Warning-Options.html#index-Wunused-parameter\x07-Wunused-parameter\x1b]8;;\x07\x1b[m\x1b[K]\n'}
[2.704396] (sllidar_ros2) StderrLine: {'line': b'   56 |         virtual void onDecodingError(int errMsg, _u8 ansType, const void* payload, \x1b[01;35m\x1b[Ksize_t size\x1b[m\x1b[K) {}\n'}
[2.704425] (sllidar_ros2) StderrLine: {'line': b'      |                                                                                    \x1b[01;35m\x1b[K~~~~~~~^~~~\x1b[m\x1b[K\n'}
[2.704454] (sllidar_ros2) StderrLine: {'line': b'In file included from \x1b[01m\x1b[K/home/majuste/Programa\xc3\xa7\xc3\xa3o/ROS2/UDH1/Navigation/src/sllidar_ros2/sdk/src/sl_lidarprotocol_codec.cpp:49\x1b[m\x1b[K:\n'}
[2.704483] (sllidar_ros2) StderrLine: {'line': b'\x1b[01m\x1b[K/home/majuste/Programa\xc3\xa7\xc3\xa3o/ROS2/UDH1/Navigation/src/sllidar_ros2/sdk/src/sl_async_transceiver.h:\x1b[m\x1b[K In member function \xe2\x80\x98\x1b[01m\x1b[Kvirtual void sl::internal::IAsyncProtocolCodec::onChannelError(u_result)\x1b[m\x1b[K\xe2\x80\x99:\n'}
[2.704513] (sllidar_ros2) StderrLine: {'line': b'\x1b[01m\x1b[K/home/majuste/Programa\xc3\xa7\xc3\xa3o/ROS2/UDH1/Navigation/src/sllidar_ros2/sdk/src/sl_async_transceiver.h:90:48:\x1b[m\x1b[K \x1b[01;35m\x1b[Kwarning: \x1b[m\x1b[Kunused parameter \xe2\x80\x98\x1b[01m\x1b[KerrCode\x1b[m\x1b[K\xe2\x80\x99 [\x1b[01;35m\x1b[K\x1b]8;;https://gcc.gnu.org/onlinedocs/gcc/Warning-Options.html#index-Wunused-parameter\x07-Wunused-parameter\x1b]8;;\x07\x1b[m\x1b[K]\n'}
[2.704556] (sllidar_ros2) StderrLine: {'line': b'   90 |         virtual void   onChannelError(\x1b[01;35m\x1b[Ku_result errCode\x1b[m\x1b[K) {}\n'}
[2.704586] (sllidar_ros2) StderrLine: {'line': b'      |                                       \x1b[01;35m\x1b[K~~~~~~~~~^~~~~~~\x1b[m\x1b[K\n'}
[2.704628] (sllidar_ros2) StderrLine: {'line': b'In file included from \x1b[01m\x1b[K/home/majuste/Programa\xc3\xa7\xc3\xa3o/ROS2/UDH1/Navigation/src/sllidar_ros2/./sdk/include/rplidar_protocol.h:36\x1b[m\x1b[K,\n'}
[2.704675] (sllidar_ros2) StderrLine: {'line': b'                 from \x1b[01m\x1b[K/home/majuste/Programa\xc3\xa7\xc3\xa3o/ROS2/UDH1/Navigation/src/sllidar_ros2/./sdk/include/rplidar.h:39\x1b[m\x1b[K,\n'}
[2.704722] (sllidar_ros2) StderrLine: {'line': b'                 from \x1b[01m\x1b[K/home/majuste/Programa\xc3\xa7\xc3\xa3o/ROS2/UDH1/Navigation/src/sllidar_ros2/sdk/src/sdkcommon.h:49\x1b[m\x1b[K,\n'}
[2.704767] (sllidar_ros2) StderrLine: {'line': b'                 from \x1b[01m\x1b[K/home/majuste/Programa\xc3\xa7\xc3\xa3o/ROS2/UDH1/Navigation/src/sllidar_ros2/sdk/src/sl_lidar_driver.cpp:33\x1b[m\x1b[K:\n'}
[2.704815] (sllidar_ros2) StderrLine: {'line': b'\x1b[01m\x1b[K/home/majuste/Programa\xc3\xa7\xc3\xa3o/ROS2/UDH1/Navigation/src/sllidar_ros2/./sdk/include/sl_lidar_protocol.h:66:16:\x1b[m\x1b[K \x1b[01;35m\x1b[Kwarning: \x1b[m\x1b[KISO C++ forbids zero-size array \xe2\x80\x98\x1b[01m\x1b[Kdata\x1b[m\x1b[K\xe2\x80\x99 [\x1b[01;35m\x1b[K\x1b]8;;https://gcc.gnu.org/onlinedocs/gcc/Warning-Options.html#index-Wpedantic\x07-Wpedantic\x1b]8;;\x07\x1b[m\x1b[K]\n'}
[2.704861] (sllidar_ros2) StderrLine: {'line': b'   66 |     sl_u8 data[\x1b[01;35m\x1b[K0\x1b[m\x1b[K];\n'}
[2.704904] (sllidar_ros2) StderrLine: {'line': b'      |                \x1b[01;35m\x1b[K^\x1b[m\x1b[K\n'}
[2.704946] (sllidar_ros2) StderrLine: {'line': b'In file included from \x1b[01m\x1b[K/home/majuste/Programa\xc3\xa7\xc3\xa3o/ROS2/UDH1/Navigation/src/sllidar_ros2/./sdk/include/rplidar_cmd.h:36\x1b[m\x1b[K,\n'}
[2.704989] (sllidar_ros2) StderrLine: {'line': b'                 from \x1b[01m\x1b[K/home/majuste/Programa\xc3\xa7\xc3\xa3o/ROS2/UDH1/Navigation/src/sllidar_ros2/./sdk/include/rplidar.h:40\x1b[m\x1b[K,\n'}
[2.705026] (sllidar_ros2) StderrLine: {'line': b'                 from \x1b[01m\x1b[K/home/majuste/Programa\xc3\xa7\xc3\xa3o/ROS2/UDH1/Navigation/src/sllidar_ros2/sdk/src/sdkcommon.h:49\x1b[m\x1b[K,\n'}
[2.705057] (sllidar_ros2) StderrLine: {'line': b'                 from \x1b[01m\x1b[K/home/majuste/Programa\xc3\xa7\xc3\xa3o/ROS2/UDH1/Navigation/src/sllidar_ros2/sdk/src/sl_lidar_driver.cpp:33\x1b[m\x1b[K:\n'}
[2.705085] (sllidar_ros2) StderrLine: {'line': b'\x1b[01m\x1b[K/home/majuste/Programa\xc3\xa7\xc3\xa3o/ROS2/UDH1/Navigation/src/sllidar_ros2/./sdk/include/sl_lidar_cmd.h:324:20:\x1b[m\x1b[K \x1b[01;35m\x1b[Kwarning: \x1b[m\x1b[KISO C++ forbids zero-size array \xe2\x80\x98\x1b[01m\x1b[Kpayload\x1b[m\x1b[K\xe2\x80\x99 [\x1b[01;35m\x1b[K\x1b]8;;https://gcc.gnu.org/onlinedocs/gcc/Warning-Options.html#index-Wpedantic\x07-Wpedantic\x1b]8;;\x07\x1b[m\x1b[K]\n'}
[2.705116] (sllidar_ros2) StderrLine: {'line': b'  324 |     sl_u8  payload[\x1b[01;35m\x1b[K0\x1b[m\x1b[K];\n'}
[2.705145] (sllidar_ros2) StderrLine: {'line': b'      |                    \x1b[01;35m\x1b[K^\x1b[m\x1b[K\n'}
[2.706250] (sllidar_ros2) StderrLine: {'line': b'\x1b[01m\x1b[K/home/majuste/Programa\xc3\xa7\xc3\xa3o/ROS2/UDH1/Navigation/src/sllidar_ros2/sdk/src/dataunpacker/unpacker/handler_capsules.cpp:\x1b[m\x1b[K In member function \xe2\x80\x98\x1b[01m\x1b[Kvoid sl::internal::unpacker::UnpackerHandler_DenseCapsuleNode::_onScanNodeDenseCapsuleData(rplidar_response_dense_capsule_measurement_nodes_t&, sl::internal::LIDARSampleDataUnpackerInner*)\x1b[m\x1b[K\xe2\x80\x99:\n'}
[2.706299] (sllidar_ros2) StderrLine: {'line': b'\x1b[01m\x1b[K/home/majuste/Programa\xc3\xa7\xc3\xa3o/ROS2/UDH1/Navigation/src/sllidar_ros2/sdk/src/dataunpacker/unpacker/handler_capsules.cpp:763:30:\x1b[m\x1b[K \x1b[01;35m\x1b[Kwarning: \x1b[m\x1b[Ktype qualifiers ignored on cast result type [\x1b[01;35m\x1b[K\x1b]8;;https://gcc.gnu.org/onlinedocs/gcc/Warning-Options.html#index-Wignored-qualifiers\x07-Wignored-qualifiers\x1b]8;;\x07\x1b[m\x1b[K]\n'}
[2.706332] (sllidar_ros2) StderrLine: {'line': b'  763 |             const int dist = \x1b[01;35m\x1b[Kstatic_cast<const int>(_cached_previous_dense_capsuledata.cabins[pos].distance)\x1b[m\x1b[K;\n'}
[2.706362] (sllidar_ros2) StderrLine: {'line': b'      |                              \x1b[01;35m\x1b[K^~~~~~~~~~~~~~~~~~~~~~~~~~~~~~~~~~~~~~~~~~~~~~~~~~~~~~~~~~~~~~~~~~~~~~~~~~~~~~~\x1b[m\x1b[K\n'}
[2.770568] (sllidar_ros2) StderrLine: {'line': b'\x1b[01m\x1b[K/home/majuste/Programa\xc3\xa7\xc3\xa3o/ROS2/UDH1/Navigation/src/sllidar_ros2/sdk/src/arch/linux/net_serial.cpp:\x1b[m\x1b[K In member function \xe2\x80\x98\x1b[01m\x1b[Kbool rp::arch::net::raw_serial::open(const char*, uint32_t, uint32_t)\x1b[m\x1b[K\xe2\x80\x99:\n'}
[2.770717] (sllidar_ros2) StderrLine: {'line': b'\x1b[01m\x1b[K/home/majuste/Programa\xc3\xa7\xc3\xa3o/ROS2/UDH1/Navigation/src/sllidar_ros2/sdk/src/arch/linux/net_serial.cpp:97:74:\x1b[m\x1b[K \x1b[01;35m\x1b[Kwarning: \x1b[m\x1b[Kunused parameter \xe2\x80\x98\x1b[01m\x1b[Kflags\x1b[m\x1b[K\xe2\x80\x99 [\x1b[01;35m\x1b[K\x1b]8;;https://gcc.gnu.org/onlinedocs/gcc/Warning-Options.html#index-Wunused-parameter\x07-Wunused-parameter\x1b]8;;\x07\x1b[m\x1b[K]\n'}
[2.770859] (sllidar_ros2) StderrLine: {'line': b'   97 | bool raw_serial::open(const char * portname, uint32_t baudrate, \x1b[01;35m\x1b[Kuint32_t flags\x1b[m\x1b[K)\n'}
[2.770918] (sllidar_ros2) StderrLine: {'line': b'      |                                                                 \x1b[01;35m\x1b[K~~~~~~~~~^~~~~\x1b[m\x1b[K\n'}
[2.770967] (sllidar_ros2) StderrLine: {'line': b'\x1b[01m\x1b[K/home/majuste/Programa\xc3\xa7\xc3\xa3o/ROS2/UDH1/Navigation/src/sllidar_ros2/sdk/src/arch/linux/net_serial.cpp:\x1b[m\x1b[K In member function \xe2\x80\x98\x1b[01m\x1b[Kvirtual void rp::arch::net::raw_serial::flush(_u32)\x1b[m\x1b[K\xe2\x80\x99:\n'}
[2.771015] (sllidar_ros2) StderrLine: {'line': b'\x1b[01m\x1b[K/home/majuste/Programa\xc3\xa7\xc3\xa3o/ROS2/UDH1/Navigation/src/sllidar_ros2/sdk/src/arch/linux/net_serial.cpp:281:30:\x1b[m\x1b[K \x1b[01;35m\x1b[Kwarning: \x1b[m\x1b[Kunused parameter \xe2\x80\x98\x1b[01m\x1b[Kflags\x1b[m\x1b[K\xe2\x80\x99 [\x1b[01;35m\x1b[K\x1b]8;;https://gcc.gnu.org/onlinedocs/gcc/Warning-Options.html#index-Wunused-parameter\x07-Wunused-parameter\x1b]8;;\x07\x1b[m\x1b[K]\n'}
[2.771063] (sllidar_ros2) StderrLine: {'line': b'  281 | void raw_serial::flush( \x1b[01;35m\x1b[K_u32 flags\x1b[m\x1b[K)\n'}
[2.771107] (sllidar_ros2) StderrLine: {'line': b'      |                         \x1b[01;35m\x1b[K~~~~~^~~~~\x1b[m\x1b[K\n'}
[2.771152] (sllidar_ros2) StderrLine: {'line': b'\x1b[01m\x1b[K/home/majuste/Programa\xc3\xa7\xc3\xa3o/ROS2/UDH1/Navigation/src/sllidar_ros2/sdk/src/arch/linux/net_serial.cpp:\x1b[m\x1b[K In member function \xe2\x80\x98\x1b[01m\x1b[Kvirtual int rp::arch::net::raw_serial::waitforsent(_u32, size_t*)\x1b[m\x1b[K\xe2\x80\x99:\n'}
[2.771201] (sllidar_ros2) StderrLine: {'line': b'\x1b[01m\x1b[K/home/majuste/Programa\xc3\xa7\xc3\xa3o/ROS2/UDH1/Navigation/src/sllidar_ros2/sdk/src/arch/linux/net_serial.cpp:286:34:\x1b[m\x1b[K \x1b[01;35m\x1b[Kwarning: \x1b[m\x1b[Kunused parameter \xe2\x80\x98\x1b[01m\x1b[Ktimeout\x1b[m\x1b[K\xe2\x80\x99 [\x1b[01;35m\x1b[K\x1b]8;;https://gcc.gnu.org/onlinedocs/gcc/Warning-Options.html#index-Wunused-parameter\x07-Wunused-parameter\x1b]8;;\x07\x1b[m\x1b[K]\n'}
[2.771249] (sllidar_ros2) StderrLine: {'line': b'  286 | int raw_serial::waitforsent(\x1b[01;35m\x1b[K_u32 timeout\x1b[m\x1b[K, size_t * returned_size)\n'}
[2.771293] (sllidar_ros2) StderrLine: {'line': b'      |                             \x1b[01;35m\x1b[K~~~~~^~~~~~~\x1b[m\x1b[K\n'}
[2.771338] (sllidar_ros2) StderrLine: {'line': b'\x1b[01m\x1b[K/home/majuste/Programa\xc3\xa7\xc3\xa3o/ROS2/UDH1/Navigation/src/sllidar_ros2/sdk/src/arch/linux/net_serial.cpp:\x1b[m\x1b[K In member function \xe2\x80\x98\x1b[01m\x1b[Kvirtual int rp::arch::net::raw_serial::waitforrecv(_u32, size_t*)\x1b[m\x1b[K\xe2\x80\x99:\n'}
[2.771421] (sllidar_ros2) StderrLine: {'line': b'\x1b[01m\x1b[K/home/majuste/Programa\xc3\xa7\xc3\xa3o/ROS2/UDH1/Navigation/src/sllidar_ros2/sdk/src/arch/linux/net_serial.cpp:292:34:\x1b[m\x1b[K \x1b[01;35m\x1b[Kwarning: \x1b[m\x1b[Kunused parameter \xe2\x80\x98\x1b[01m\x1b[Ktimeout\x1b[m\x1b[K\xe2\x80\x99 [\x1b[01;35m\x1b[K\x1b]8;;https://gcc.gnu.org/onlinedocs/gcc/Warning-Options.html#index-Wunused-parameter\x07-Wunused-parameter\x1b]8;;\x07\x1b[m\x1b[K]\n'}
[2.771472] (sllidar_ros2) StderrLine: {'line': b'  292 | int raw_serial::waitforrecv(\x1b[01;35m\x1b[K_u32 timeout\x1b[m\x1b[K, size_t * returned_size)\n'}
[2.771517] (sllidar_ros2) StderrLine: {'line': b'      |                             \x1b[01;35m\x1b[K~~~~~^~~~~~~\x1b[m\x1b[K\n'}
[2.771565] (sllidar_ros2) StderrLine: {'line': b'\x1b[01m\x1b[K/home/majuste/Programa\xc3\xa7\xc3\xa3o/ROS2/UDH1/Navigation/src/sllidar_ros2/sdk/src/arch/linux/net_serial.cpp:\x1b[m\x1b[K In member function \xe2\x80\x98\x1b[01m\x1b[Kvirtual void rp::arch::net::raw_serial::cancelOperation()\x1b[m\x1b[K\xe2\x80\x99:\n'}
[2.771612] (sllidar_ros2) StderrLine: {'line': b'\x1b[01m\x1b[K/home/majuste/Programa\xc3\xa7\xc3\xa3o/ROS2/UDH1/Navigation/src/sllidar_ros2/sdk/src/arch/linux/net_serial.cpp:427:5:\x1b[m\x1b[K \x1b[01;35m\x1b[Kwarning: \x1b[m\x1b[Kvalue computed is not used [\x1b[01;35m\x1b[K\x1b]8;;https://gcc.gnu.org/onlinedocs/gcc/Warning-Options.html#index-Wunused-value\x07-Wunused-value\x1b]8;;\x07\x1b[m\x1b[K]\n'}
[2.771662] (sllidar_ros2) StderrLine: {'line': b'  427 |     \x1b[01;35m\x1b[K(int)::write(_selfpipe[1], "x", 1)\x1b[m\x1b[K;\n'}
[2.771694] (sllidar_ros2) StderrLine: {'line': b'      |     \x1b[01;35m\x1b[K^~~~~~~~~~~~~~~~~~~~~~~~~~~~~~~~~~\x1b[m\x1b[K\n'}
[2.790481] (sllidar_ros2) StderrLine: {'line': b'In file included from \x1b[01m\x1b[K/home/majuste/Programa\xc3\xa7\xc3\xa3o/ROS2/UDH1/Navigation/src/sllidar_ros2/sdk/src/sl_lidar_driver.cpp:50\x1b[m\x1b[K:\n'}
[2.790636] (sllidar_ros2) StderrLine: {'line': b'\x1b[01m\x1b[K/home/majuste/Programa\xc3\xa7\xc3\xa3o/ROS2/UDH1/Navigation/src/sllidar_ros2/sdk/src/dataunpacker/dataunpacker.h:\x1b[m\x1b[K In member function \xe2\x80\x98\x1b[01m\x1b[Kvirtual void sl::internal::LIDARSampleDataListener::onCustomSampleDataDecoded(_u8, _u32, const void*, size_t)\x1b[m\x1b[K\xe2\x80\x99:\n'}
[2.790698] (sllidar_ros2) StderrLine: {'line': b'\x1b[01m\x1b[K/home/majuste/Programa\xc3\xa7\xc3\xa3o/ROS2/UDH1/Navigation/src/sllidar_ros2/sdk/src/dataunpacker/dataunpacker.h:54:52:\x1b[m\x1b[K \x1b[01;35m\x1b[Kwarning: \x1b[m\x1b[Kunused parameter \xe2\x80\x98\x1b[01m\x1b[KansType\x1b[m\x1b[K\xe2\x80\x99 [\x1b[01;35m\x1b[K\x1b]8;;https://gcc.gnu.org/onlinedocs/gcc/Warning-Options.html#index-Wunused-parameter\x07-Wunused-parameter\x1b]8;;\x07\x1b[m\x1b[K]\n'}
[2.790737] (sllidar_ros2) StderrLine: {'line': b'   54 |         virtual void onCustomSampleDataDecoded(\x1b[01;35m\x1b[K_u8 ansType\x1b[m\x1b[K, _u32 customCode, const void* data, size_t size) {}\n'}
[2.790770] (sllidar_ros2) StderrLine: {'line': b'      |                                                \x1b[01;35m\x1b[K~~~~^~~~~~~\x1b[m\x1b[K\n'}
[2.790800] (sllidar_ros2) StderrLine: {'line': b'\x1b[01m\x1b[K/home/majuste/Programa\xc3\xa7\xc3\xa3o/ROS2/UDH1/Navigation/src/sllidar_ros2/sdk/src/dataunpacker/dataunpacker.h:54:66:\x1b[m\x1b[K \x1b[01;35m\x1b[Kwarning: \x1b[m\x1b[Kunused parameter \xe2\x80\x98\x1b[01m\x1b[KcustomCode\x1b[m\x1b[K\xe2\x80\x99 [\x1b[01;35m\x1b[K\x1b]8;;https://gcc.gnu.org/onlinedocs/gcc/Warning-Options.html#index-Wunused-parameter\x07-Wunused-parameter\x1b]8;;\x07\x1b[m\x1b[K]\n'}
[2.790831] (sllidar_ros2) StderrLine: {'line': b'   54 |         virtual void onCustomSampleDataDecoded(_u8 ansType, \x1b[01;35m\x1b[K_u32 customCode\x1b[m\x1b[K, const void* data, size_t size) {}\n'}
[2.790860] (sllidar_ros2) StderrLine: {'line': b'      |                                                             \x1b[01;35m\x1b[K~~~~~^~~~~~~~~~\x1b[m\x1b[K\n'}
[2.790889] (sllidar_ros2) StderrLine: {'line': b'\x1b[01m\x1b[K/home/majuste/Programa\xc3\xa7\xc3\xa3o/ROS2/UDH1/Navigation/src/sllidar_ros2/sdk/src/dataunpacker/dataunpacker.h:54:90:\x1b[m\x1b[K \x1b[01;35m\x1b[Kwarning: \x1b[m\x1b[Kunused parameter \xe2\x80\x98\x1b[01m\x1b[Kdata\x1b[m\x1b[K\xe2\x80\x99 [\x1b[01;35m\x1b[K\x1b]8;;https://gcc.gnu.org/onlinedocs/gcc/Warning-Options.html#index-Wunused-parameter\x07-Wunused-parameter\x1b]8;;\x07\x1b[m\x1b[K]\n'}
[2.790921] (sllidar_ros2) StderrLine: {'line': b'   54 |         virtual void onCustomSampleDataDecoded(_u8 ansType, _u32 customCode, \x1b[01;35m\x1b[Kconst void* data\x1b[m\x1b[K, size_t size) {}\n'}
[2.790950] (sllidar_ros2) StderrLine: {'line': b'      |                                                                              \x1b[01;35m\x1b[K~~~~~~~~~~~~^~~~\x1b[m\x1b[K\n'}
[2.790981] (sllidar_ros2) StderrLine: {'line': b'\x1b[01m\x1b[K/home/majuste/Programa\xc3\xa7\xc3\xa3o/ROS2/UDH1/Navigation/src/sllidar_ros2/sdk/src/dataunpacker/dataunpacker.h:54:103:\x1b[m\x1b[K \x1b[01;35m\x1b[Kwarning: \x1b[m\x1b[Kunused parameter \xe2\x80\x98\x1b[01m\x1b[Ksize\x1b[m\x1b[K\xe2\x80\x99 [\x1b[01;35m\x1b[K\x1b]8;;https://gcc.gnu.org/onlinedocs/gcc/Warning-Options.html#index-Wunused-parameter\x07-Wunused-parameter\x1b]8;;\x07\x1b[m\x1b[K]\n'}
[2.791018] (sllidar_ros2) StderrLine: {'line': b'   54 |         virtual void onCustomSampleDataDecoded(_u8 ansType, _u32 customCode, const void* data, \x1b[01;35m\x1b[Ksize_t size\x1b[m\x1b[K) {}\n'}
[2.791052] (sllidar_ros2) StderrLine: {'line': b'      |                                                                                                \x1b[01;35m\x1b[K~~~~~~~^~~~\x1b[m\x1b[K\n'}
[2.791081] (sllidar_ros2) StderrLine: {'line': b'\x1b[01m\x1b[K/home/majuste/Programa\xc3\xa7\xc3\xa3o/ROS2/UDH1/Navigation/src/sllidar_ros2/sdk/src/dataunpacker/dataunpacker.h:\x1b[m\x1b[K In member function \xe2\x80\x98\x1b[01m\x1b[Kvirtual void sl::internal::LIDARSampleDataListener::onDecodingError(int, _u8, const void*, size_t)\x1b[m\x1b[K\xe2\x80\x99:\n'}
[2.791114] (sllidar_ros2) StderrLine: {'line': b'\x1b[01m\x1b[K/home/majuste/Programa\xc3\xa7\xc3\xa3o/ROS2/UDH1/Navigation/src/sllidar_ros2/sdk/src/dataunpacker/dataunpacker.h:56:42:\x1b[m\x1b[K \x1b[01;35m\x1b[Kwarning: \x1b[m\x1b[Kunused parameter \xe2\x80\x98\x1b[01m\x1b[KerrMsg\x1b[m\x1b[K\xe2\x80\x99 [\x1b[01;35m\x1b[K\x1b]8;;https://gcc.gnu.org/onlinedocs/gcc/Warning-Options.html#index-Wunused-parameter\x07-Wunused-parameter\x1b]8;;\x07\x1b[m\x1b[K]\n'}
[2.791145] (sllidar_ros2) StderrLine: {'line': b'   56 |         virtual void onDecodingError(\x1b[01;35m\x1b[Kint errMsg\x1b[m\x1b[K, _u8 ansType, const void* payload, size_t size) {}\n'}
[2.791174] (sllidar_ros2) StderrLine: {'line': b'      |                                      \x1b[01;35m\x1b[K~~~~^~~~~~\x1b[m\x1b[K\n'}
[2.791203] (sllidar_ros2) StderrLine: {'line': b'\x1b[01m\x1b[K/home/majuste/Programa\xc3\xa7\xc3\xa3o/ROS2/UDH1/Navigation/src/sllidar_ros2/sdk/src/dataunpacker/dataunpacker.h:56:54:\x1b[m\x1b[K \x1b[01;35m\x1b[Kwarning: \x1b[m\x1b[Kunused parameter \xe2\x80\x98\x1b[01m\x1b[KansType\x1b[m\x1b[K\xe2\x80\x99 [\x1b[01;35m\x1b[K\x1b]8;;https://gcc.gnu.org/onlinedocs/gcc/Warning-Options.html#index-Wunused-parameter\x07-Wunused-parameter\x1b]8;;\x07\x1b[m\x1b[K]\n'}
[2.791233] (sllidar_ros2) StderrLine: {'line': b'   56 |         virtual void onDecodingError(int errMsg, \x1b[01;35m\x1b[K_u8 ansType\x1b[m\x1b[K, const void* payload, size_t size) {}\n'}
[2.791262] (sllidar_ros2) StderrLine: {'line': b'      |                                                  \x1b[01;35m\x1b[K~~~~^~~~~~~\x1b[m\x1b[K\n'}
[2.791293] (sllidar_ros2) StderrLine: {'line': b'\x1b[01m\x1b[K/home/majuste/Programa\xc3\xa7\xc3\xa3o/ROS2/UDH1/Navigation/src/sllidar_ros2/sdk/src/dataunpacker/dataunpacker.h:56:75:\x1b[m\x1b[K \x1b[01;35m\x1b[Kwarning: \x1b[m\x1b[Kunused parameter \xe2\x80\x98\x1b[01m\x1b[Kpayload\x1b[m\x1b[K\xe2\x80\x99 [\x1b[01;35m\x1b[K\x1b]8;;https://gcc.gnu.org/onlinedocs/gcc/Warning-Options.html#index-Wunused-parameter\x07-Wunused-parameter\x1b]8;;\x07\x1b[m\x1b[K]\n'}
[2.791323] (sllidar_ros2) StderrLine: {'line': b'   56 |         virtual void onDecodingError(int errMsg, _u8 ansType, \x1b[01;35m\x1b[Kconst void* payload\x1b[m\x1b[K, size_t size) {}\n'}
[2.791351] (sllidar_ros2) StderrLine: {'line': b'      |                                                               \x1b[01;35m\x1b[K~~~~~~~~~~~~^~~~~~~\x1b[m\x1b[K\n'}
[2.791381] (sllidar_ros2) StderrLine: {'line': b'\x1b[01m\x1b[K/home/majuste/Programa\xc3\xa7\xc3\xa3o/ROS2/UDH1/Navigation/src/sllidar_ros2/sdk/src/dataunpacker/dataunpacker.h:56:91:\x1b[m\x1b[K \x1b[01;35m\x1b[Kwarning: \x1b[m\x1b[Kunused parameter \xe2\x80\x98\x1b[01m\x1b[Ksize\x1b[m\x1b[K\xe2\x80\x99 [\x1b[01;35m\x1b[K\x1b]8;;https://gcc.gnu.org/onlinedocs/gcc/Warning-Options.html#index-Wunused-parameter\x07-Wunused-parameter\x1b]8;;\x07\x1b[m\x1b[K]\n'}
[2.791411] (sllidar_ros2) StderrLine: {'line': b'   56 |         virtual void onDecodingError(int errMsg, _u8 ansType, const void* payload, \x1b[01;35m\x1b[Ksize_t size\x1b[m\x1b[K) {}\n'}
[2.791440] (sllidar_ros2) StderrLine: {'line': b'      |                                                                                    \x1b[01;35m\x1b[K~~~~~~~^~~~\x1b[m\x1b[K\n'}
[2.795226] (sllidar_ros2) StderrLine: {'line': b'In file included from \x1b[01m\x1b[K/home/majuste/Programa\xc3\xa7\xc3\xa3o/ROS2/UDH1/Navigation/src/sllidar_ros2/sdk/src/sl_lidar_driver.cpp:51\x1b[m\x1b[K:\n'}
[2.795276] (sllidar_ros2) StderrLine: {'line': b'\x1b[01m\x1b[K/home/majuste/Programa\xc3\xa7\xc3\xa3o/ROS2/UDH1/Navigation/src/sllidar_ros2/sdk/src/sl_async_transceiver.h:\x1b[m\x1b[K In member function \xe2\x80\x98\x1b[01m\x1b[Kvirtual void sl::internal::IAsyncProtocolCodec::onChannelError(u_result)\x1b[m\x1b[K\xe2\x80\x99:\n'}
[2.795309] (sllidar_ros2) StderrLine: {'line': b'\x1b[01m\x1b[K/home/majuste/Programa\xc3\xa7\xc3\xa3o/ROS2/UDH1/Navigation/src/sllidar_ros2/sdk/src/sl_async_transceiver.h:90:48:\x1b[m\x1b[K \x1b[01;35m\x1b[Kwarning: \x1b[m\x1b[Kunused parameter \xe2\x80\x98\x1b[01m\x1b[KerrCode\x1b[m\x1b[K\xe2\x80\x99 [\x1b[01;35m\x1b[K\x1b]8;;https://gcc.gnu.org/onlinedocs/gcc/Warning-Options.html#index-Wunused-parameter\x07-Wunused-parameter\x1b]8;;\x07\x1b[m\x1b[K]\n'}
[2.795340] (sllidar_ros2) StderrLine: {'line': b'   90 |         virtual void   onChannelError(\x1b[01;35m\x1b[Ku_result errCode\x1b[m\x1b[K) {}\n'}
[2.795370] (sllidar_ros2) StderrLine: {'line': b'      |                                       \x1b[01;35m\x1b[K~~~~~~~~~^~~~~~~\x1b[m\x1b[K\n'}
[2.803813] (-) TimerEvent: {}
[2.805599] (sllidar_ros2) StderrLine: {'line': b'\x1b[01m\x1b[K/home/majuste/Programa\xc3\xa7\xc3\xa3o/ROS2/UDH1/Navigation/src/sllidar_ros2/sdk/src/sl_lidar_driver.cpp:\x1b[m\x1b[K In member function \xe2\x80\x98\x1b[01m\x1b[Kvirtual sl_result sl::SlamtecLidarDriver::reset(sl_u32)\x1b[m\x1b[K\xe2\x80\x99:\n'}
[2.805660] (sllidar_ros2) StderrLine: {'line': b'\x1b[01m\x1b[K/home/majuste/Programa\xc3\xa7\xc3\xa3o/ROS2/UDH1/Navigation/src/sllidar_ros2/sdk/src/sl_lidar_driver.cpp:511:32:\x1b[m\x1b[K \x1b[01;35m\x1b[Kwarning: \x1b[m\x1b[Kunused parameter \xe2\x80\x98\x1b[01m\x1b[KtimeoutInMs\x1b[m\x1b[K\xe2\x80\x99 [\x1b[01;35m\x1b[K\x1b]8;;https://gcc.gnu.org/onlinedocs/gcc/Warning-Options.html#index-Wunused-parameter\x07-Wunused-parameter\x1b]8;;\x07\x1b[m\x1b[K]\n'}
[2.805704] (sllidar_ros2) StderrLine: {'line': b'  511 |         sl_result reset(\x1b[01;35m\x1b[Ksl_u32 timeoutInMs = DEFAULT_TIMEOUT\x1b[m\x1b[K)\n'}
[2.805741] (sllidar_ros2) StderrLine: {'line': b'      |                         \x1b[01;35m\x1b[K~~~~~~~^~~~~~~~~~~~~~~~~~~~~~~~~~~~~\x1b[m\x1b[K\n'}
[2.807207] (sllidar_ros2) StderrLine: {'line': b'\x1b[01m\x1b[K/home/majuste/Programa\xc3\xa7\xc3\xa3o/ROS2/UDH1/Navigation/src/sllidar_ros2/sdk/src/sl_lidar_driver.cpp:\x1b[m\x1b[K In member function \xe2\x80\x98\x1b[01m\x1b[Kvirtual sl_result sl::SlamtecLidarDriver::startScan(bool, bool, sl_u32, sl::LidarScanMode*)\x1b[m\x1b[K\xe2\x80\x99:\n'}
[2.807253] (sllidar_ros2) StderrLine: {'line': b'\x1b[01m\x1b[K/home/majuste/Programa\xc3\xa7\xc3\xa3o/ROS2/UDH1/Navigation/src/sllidar_ros2/sdk/src/sl_lidar_driver.cpp:586:69:\x1b[m\x1b[K \x1b[01;35m\x1b[Kwarning: \x1b[m\x1b[Kunused parameter \xe2\x80\x98\x1b[01m\x1b[Koptions\x1b[m\x1b[K\xe2\x80\x99 [\x1b[01;35m\x1b[K\x1b]8;;https://gcc.gnu.org/onlinedocs/gcc/Warning-Options.html#index-Wunused-parameter\x07-Wunused-parameter\x1b]8;;\x07\x1b[m\x1b[K]\n'}
[2.807287] (sllidar_ros2) StderrLine: {'line': b'  586 |         sl_result startScan(bool force, bool useTypicalScan, \x1b[01;35m\x1b[Ksl_u32 options = 0\x1b[m\x1b[K, LidarScanMode* outUsedScanMode = nullptr)\n'}
[2.807317] (sllidar_ros2) StderrLine: {'line': b'      |                                                              \x1b[01;35m\x1b[K~~~~~~~^~~~~~~~~~~\x1b[m\x1b[K\n'}
[2.808048] (sllidar_ros2) StderrLine: {'line': b'\x1b[01m\x1b[K/home/majuste/Programa\xc3\xa7\xc3\xa3o/ROS2/UDH1/Navigation/src/sllidar_ros2/sdk/src/sl_lidar_driver.cpp:\x1b[m\x1b[K In member function \xe2\x80\x98\x1b[01m\x1b[Kvirtual sl_result sl::SlamtecLidarDriver::stop(sl_u32)\x1b[m\x1b[K\xe2\x80\x99:\n'}
[2.808085] (sllidar_ros2) StderrLine: {'line': b'\x1b[01m\x1b[K/home/majuste/Programa\xc3\xa7\xc3\xa3o/ROS2/UDH1/Navigation/src/sllidar_ros2/sdk/src/sl_lidar_driver.cpp:763:31:\x1b[m\x1b[K \x1b[01;35m\x1b[Kwarning: \x1b[m\x1b[Kunused parameter \xe2\x80\x98\x1b[01m\x1b[Ktimeout\x1b[m\x1b[K\xe2\x80\x99 [\x1b[01;35m\x1b[K\x1b]8;;https://gcc.gnu.org/onlinedocs/gcc/Warning-Options.html#index-Wunused-parameter\x07-Wunused-parameter\x1b]8;;\x07\x1b[m\x1b[K]\n'}
[2.808120] (sllidar_ros2) StderrLine: {'line': b'  763 |         sl_result stop(\x1b[01;35m\x1b[Ksl_u32 timeout = DEFAULT_TIMEOUT\x1b[m\x1b[K)\n'}
[2.808151] (sllidar_ros2) StderrLine: {'line': b'      |                        \x1b[01;35m\x1b[K~~~~~~~^~~~~~~~~~~~~~~~~~~~~~~~~\x1b[m\x1b[K\n'}
[2.808839] (sllidar_ros2) StderrLine: {'line': b'\x1b[01m\x1b[K/home/majuste/Programa\xc3\xa7\xc3\xa3o/ROS2/UDH1/Navigation/src/sllidar_ros2/sdk/src/sl_lidar_driver.cpp:\x1b[m\x1b[K In member function \xe2\x80\x98\x1b[01m\x1b[Kvirtual sl_result sl::SlamtecLidarDriver::getFrequency(const sl::LidarScanMode&, const sl_lidar_response_measurement_node_hq_t*, size_t, float&)\x1b[m\x1b[K\xe2\x80\x99:\n'}
[2.808878] (sllidar_ros2) StderrLine: {'line': b'\x1b[01m\x1b[K/home/majuste/Programa\xc3\xa7\xc3\xa3o/ROS2/UDH1/Navigation/src/sllidar_ros2/sdk/src/sl_lidar_driver.cpp:880:110:\x1b[m\x1b[K \x1b[01;35m\x1b[Kwarning: \x1b[m\x1b[Kunused parameter \xe2\x80\x98\x1b[01m\x1b[Knodes\x1b[m\x1b[K\xe2\x80\x99 [\x1b[01;35m\x1b[K\x1b]8;;https://gcc.gnu.org/onlinedocs/gcc/Warning-Options.html#index-Wunused-parameter\x07-Wunused-parameter\x1b]8;;\x07\x1b[m\x1b[K]\n'}
[2.808908] (sllidar_ros2) StderrLine: {'line': b'  880 |         sl_result getFrequency(const LidarScanMode& scanMode, \x1b[01;35m\x1b[Kconst sl_lidar_response_measurement_node_hq_t* nodes\x1b[m\x1b[K, size_t count, float& frequency)\n'}
[2.808938] (sllidar_ros2) StderrLine: {'line': b'      |                                                               \x1b[01;35m\x1b[K~~~~~~~~~~~~~~~~~~~~~~~~~~~~~~~~~~~~~~~~~~~~~~~^~~~~\x1b[m\x1b[K\n'}
[2.809853] (sllidar_ros2) StderrLine: {'line': b'\x1b[01m\x1b[K/home/majuste/Programa\xc3\xa7\xc3\xa3o/ROS2/UDH1/Navigation/src/sllidar_ros2/sdk/src/sl_lidar_driver.cpp:\x1b[m\x1b[K In member function \xe2\x80\x98\x1b[01m\x1b[Kvirtual sl_result sl::SlamtecLidarDriver::getMotorInfo(sl::LidarMotorInfo&, sl_u32)\x1b[m\x1b[K\xe2\x80\x99:\n'}
[2.809899] (sllidar_ros2) StderrLine: {'line': b'\x1b[01m\x1b[K/home/majuste/Programa\xc3\xa7\xc3\xa3o/ROS2/UDH1/Navigation/src/sllidar_ros2/sdk/src/sl_lidar_driver.cpp:1023:66:\x1b[m\x1b[K \x1b[01;35m\x1b[Kwarning: \x1b[m\x1b[Kunused parameter \xe2\x80\x98\x1b[01m\x1b[KtimeoutInMs\x1b[m\x1b[K\xe2\x80\x99 [\x1b[01;35m\x1b[K\x1b]8;;https://gcc.gnu.org/onlinedocs/gcc/Warning-Options.html#index-Wunused-parameter\x07-Wunused-parameter\x1b]8;;\x07\x1b[m\x1b[K]\n'}
[2.809930] (sllidar_ros2) StderrLine: {'line': b' 1023 |         sl_result getMotorInfo(LidarMotorInfo &motorInfo, \x1b[01;35m\x1b[Ksl_u32 timeoutInMs\x1b[m\x1b[K)\n'}
[2.809960] (sllidar_ros2) StderrLine: {'line': b'      |                                                           \x1b[01;35m\x1b[K~~~~~~~^~~~~~~~~~~\x1b[m\x1b[K\n'}
[2.810382] (sllidar_ros2) StderrLine: {'line': b'\x1b[01m\x1b[K/home/majuste/Programa\xc3\xa7\xc3\xa3o/ROS2/UDH1/Navigation/src/sllidar_ros2/sdk/src/sl_lidar_driver.cpp:\x1b[m\x1b[K In member function \xe2\x80\x98\x1b[01m\x1b[Ku_result sl::SlamtecLidarDriver::getScanModeCount(sl_u16&, sl_u32)\x1b[m\x1b[K\xe2\x80\x99:\n'}
[2.810419] (sllidar_ros2) StderrLine: {'line': b'\x1b[01m\x1b[K/home/majuste/Programa\xc3\xa7\xc3\xa3o/ROS2/UDH1/Navigation/src/sllidar_ros2/sdk/src/sl_lidar_driver.cpp:1199:61:\x1b[m\x1b[K \x1b[01;35m\x1b[Kwarning: \x1b[m\x1b[Kunused parameter \xe2\x80\x98\x1b[01m\x1b[KtimeoutInMs\x1b[m\x1b[K\xe2\x80\x99 [\x1b[01;35m\x1b[K\x1b]8;;https://gcc.gnu.org/onlinedocs/gcc/Warning-Options.html#index-Wunused-parameter\x07-Wunused-parameter\x1b]8;;\x07\x1b[m\x1b[K]\n'}
[2.810449] (sllidar_ros2) StderrLine: {'line': b' 1199 |         u_result getScanModeCount(sl_u16& modeCount, \x1b[01;35m\x1b[Ksl_u32 timeoutInMs = DEFAULT_TIMEOUT\x1b[m\x1b[K)\n'}
[2.810484] (sllidar_ros2) StderrLine: {'line': b'      |                                                      \x1b[01;35m\x1b[K~~~~~~~^~~~~~~~~~~~~~~~~~~~~~~~~~~~~\x1b[m\x1b[K\n'}
[2.827332] (sllidar_ros2) StderrLine: {'line': b'/home/majuste/Programa\xc3\xa7\xc3\xa3o/ROS2/UDH1/Navigation/src/sllidar_ros2/sdk/src/sl_lidar_driver.cpp: In instantiation of \xe2\x80\x98\x1b[01m\x1b[Kvoid sl::RawSampleNodeHolder<T>::pushNode(_u64, const T*) [with T = sl_lidar_response_measurement_node_hq_t; _u64 = long unsigned int]\x1b[m\x1b[K\xe2\x80\x99:\n'}
[2.827422] (sllidar_ros2) StderrLine: {'line': b'\x1b[01m\x1b[K/home/majuste/Programa\xc3\xa7\xc3\xa3o/ROS2/UDH1/Navigation/src/sllidar_ros2/sdk/src/sl_lidar_driver.cpp:1648:42:\x1b[m\x1b[K   required from here\n'}
[2.827483] (sllidar_ros2) StderrLine: {'line': b'\x1b[01m\x1b[K/home/majuste/Programa\xc3\xa7\xc3\xa3o/ROS2/UDH1/Navigation/src/sllidar_ros2/sdk/src/sl_lidar_driver.cpp:202:28:\x1b[m\x1b[K \x1b[01;35m\x1b[Kwarning: \x1b[m\x1b[Kunused parameter \xe2\x80\x98\x1b[01m\x1b[Ktimestamp_uS\x1b[m\x1b[K\xe2\x80\x99 [\x1b[01;35m\x1b[K\x1b]8;;https://gcc.gnu.org/onlinedocs/gcc/Warning-Options.html#index-Wunused-parameter\x07-Wunused-parameter\x1b]8;;\x07\x1b[m\x1b[K]\n'}
[2.827537] (sllidar_ros2) StderrLine: {'line': b'  202 |         void pushNode(\x1b[01;35m\x1b[K_u64 timestamp_uS\x1b[m\x1b[K, const T* node)\n'}
[2.827590] (sllidar_ros2) StderrLine: {'line': b'      |                       \x1b[01;35m\x1b[K~~~~~^~~~~~~~~~~~\x1b[m\x1b[K\n'}
[2.842267] (sllidar_ros2) StderrLine: {'line': b'In file included from \x1b[01m\x1b[K/home/majuste/Programa\xc3\xa7\xc3\xa3o/ROS2/UDH1/Navigation/src/sllidar_ros2/./sdk/include/rplidar_protocol.h:36\x1b[m\x1b[K,\n'}
[2.842340] (sllidar_ros2) StderrLine: {'line': b'                 from \x1b[01m\x1b[K/home/majuste/Programa\xc3\xa7\xc3\xa3o/ROS2/UDH1/Navigation/src/sllidar_ros2/./sdk/include/rplidar.h:39\x1b[m\x1b[K,\n'}
[2.842390] (sllidar_ros2) StderrLine: {'line': b'                 from \x1b[01m\x1b[K/home/majuste/Programa\xc3\xa7\xc3\xa3o/ROS2/UDH1/Navigation/src/sllidar_ros2/./sdk/src/sdkcommon.h:49\x1b[m\x1b[K,\n'}
[2.842471] (sllidar_ros2) StderrLine: {'line': b'                 from \x1b[01m\x1b[K/home/majuste/Programa\xc3\xa7\xc3\xa3o/ROS2/UDH1/Navigation/src/sllidar_ros2/sdk/src/hal/thread.cpp:35\x1b[m\x1b[K:\n'}
[2.842515] (sllidar_ros2) StderrLine: {'line': b'\x1b[01m\x1b[K/home/majuste/Programa\xc3\xa7\xc3\xa3o/ROS2/UDH1/Navigation/src/sllidar_ros2/./sdk/include/sl_lidar_protocol.h:66:16:\x1b[m\x1b[K \x1b[01;35m\x1b[Kwarning: \x1b[m\x1b[KISO C++ forbids zero-size array \xe2\x80\x98\x1b[01m\x1b[Kdata\x1b[m\x1b[K\xe2\x80\x99 [\x1b[01;35m\x1b[K\x1b]8;;https://gcc.gnu.org/onlinedocs/gcc/Warning-Options.html#index-Wpedantic\x07-Wpedantic\x1b]8;;\x07\x1b[m\x1b[K]\n'}
[2.842571] (sllidar_ros2) StderrLine: {'line': b'   66 |     sl_u8 data[\x1b[01;35m\x1b[K0\x1b[m\x1b[K];\n'}
[2.842616] (sllidar_ros2) StderrLine: {'line': b'      |                \x1b[01;35m\x1b[K^\x1b[m\x1b[K\n'}
[2.842657] (sllidar_ros2) StderrLine: {'line': b'In file included from \x1b[01m\x1b[K/home/majuste/Programa\xc3\xa7\xc3\xa3o/ROS2/UDH1/Navigation/src/sllidar_ros2/./sdk/include/rplidar_cmd.h:36\x1b[m\x1b[K,\n'}
[2.842697] (sllidar_ros2) StderrLine: {'line': b'                 from \x1b[01m\x1b[K/home/majuste/Programa\xc3\xa7\xc3\xa3o/ROS2/UDH1/Navigation/src/sllidar_ros2/./sdk/include/rplidar.h:40\x1b[m\x1b[K,\n'}
[2.842738] (sllidar_ros2) StderrLine: {'line': b'                 from \x1b[01m\x1b[K/home/majuste/Programa\xc3\xa7\xc3\xa3o/ROS2/UDH1/Navigation/src/sllidar_ros2/./sdk/src/sdkcommon.h:49\x1b[m\x1b[K,\n'}
[2.842779] (sllidar_ros2) StderrLine: {'line': b'                 from \x1b[01m\x1b[K/home/majuste/Programa\xc3\xa7\xc3\xa3o/ROS2/UDH1/Navigation/src/sllidar_ros2/sdk/src/hal/thread.cpp:35\x1b[m\x1b[K:\n'}
[2.842819] (sllidar_ros2) StderrLine: {'line': b'\x1b[01m\x1b[K/home/majuste/Programa\xc3\xa7\xc3\xa3o/ROS2/UDH1/Navigation/src/sllidar_ros2/./sdk/include/sl_lidar_cmd.h:324:20:\x1b[m\x1b[K \x1b[01;35m\x1b[Kwarning: \x1b[m\x1b[KISO C++ forbids zero-size array \xe2\x80\x98\x1b[01m\x1b[Kpayload\x1b[m\x1b[K\xe2\x80\x99 [\x1b[01;35m\x1b[K\x1b]8;;https://gcc.gnu.org/onlinedocs/gcc/Warning-Options.html#index-Wpedantic\x07-Wpedantic\x1b]8;;\x07\x1b[m\x1b[K]\n'}
[2.842863] (sllidar_ros2) StderrLine: {'line': b'  324 |     sl_u8  payload[\x1b[01;35m\x1b[K0\x1b[m\x1b[K];\n'}
[2.842893] (sllidar_ros2) StderrLine: {'line': b'      |                    \x1b[01;35m\x1b[K^\x1b[m\x1b[K\n'}
[2.859430] (sllidar_ros2) StderrLine: {'line': b'In file included from \x1b[01m\x1b[K/home/majuste/Programa\xc3\xa7\xc3\xa3o/ROS2/UDH1/Navigation/src/sllidar_ros2/sdk/src/hal/thread.cpp:43\x1b[m\x1b[K:\n'}
[2.859519] (sllidar_ros2) StderrLine: {'line': b'\x1b[01m\x1b[K/home/majuste/Programa\xc3\xa7\xc3\xa3o/ROS2/UDH1/Navigation/src/sllidar_ros2/./sdk/src/arch/linux/thread.hpp:\x1b[m\x1b[K In static member function \xe2\x80\x98\x1b[01m\x1b[Kstatic rp::hal::Thread rp::hal::Thread::create(thread_proc_t, void*)\x1b[m\x1b[K\xe2\x80\x99:\n'}
[2.859585] (sllidar_ros2) StderrLine: {'line': b'\x1b[01m\x1b[K/home/majuste/Programa\xc3\xa7\xc3\xa3o/ROS2/UDH1/Navigation/src/sllidar_ros2/./sdk/src/arch/linux/thread.hpp:52:57:\x1b[m\x1b[K \x1b[01;35m\x1b[Kwarning: \x1b[m\x1b[Kcast between incompatible function types from \xe2\x80\x98\x1b[01m\x1b[Kthread_proc_t\x1b[m\x1b[K\xe2\x80\x99 {aka \xe2\x80\x98\x1b[01m\x1b[Klong unsigned int (*)(void*)\x1b[m\x1b[K\xe2\x80\x99} to \xe2\x80\x98\x1b[01m\x1b[Kvoid* (*)(void*)\x1b[m\x1b[K\xe2\x80\x99 [\x1b[01;35m\x1b[K\x1b]8;;https://gcc.gnu.org/onlinedocs/gcc/Warning-Options.html#index-Wcast-function-type\x07-Wcast-function-type\x1b]8;;\x07\x1b[m\x1b[K]\n'}
[2.859642] (sllidar_ros2) StderrLine: {'line': b'   52 |     pthread_create((pthread_t *)&newborn._handle, NULL, \x1b[01;35m\x1b[K(void * (*)(void *))proc\x1b[m\x1b[K, data);\n'}
[2.859689] (sllidar_ros2) StderrLine: {'line': b'      |                                                         \x1b[01;35m\x1b[K^~~~~~~~~~~~~~~~~~~~~~~~\x1b[m\x1b[K\n'}
[2.859788] (sllidar_ros2) StderrLine: {'line': b'\x1b[01m\x1b[K/home/majuste/Programa\xc3\xa7\xc3\xa3o/ROS2/UDH1/Navigation/src/sllidar_ros2/./sdk/src/arch/linux/thread.hpp:\x1b[m\x1b[K In member function \xe2\x80\x98\x1b[01m\x1b[Ku_result rp::hal::Thread::join(long unsigned int)\x1b[m\x1b[K\xe2\x80\x99:\n'}
[2.859851] (sllidar_ros2) StderrLine: {'line': b'\x1b[01m\x1b[K/home/majuste/Programa\xc3\xa7\xc3\xa3o/ROS2/UDH1/Navigation/src/sllidar_ros2/./sdk/src/arch/linux/thread.hpp:176:37:\x1b[m\x1b[K \x1b[01;35m\x1b[Kwarning: \x1b[m\x1b[Kunused parameter \xe2\x80\x98\x1b[01m\x1b[Ktimeout\x1b[m\x1b[K\xe2\x80\x99 [\x1b[01;35m\x1b[K\x1b]8;;https://gcc.gnu.org/onlinedocs/gcc/Warning-Options.html#index-Wunused-parameter\x07-Wunused-parameter\x1b]8;;\x07\x1b[m\x1b[K]\n'}
[2.859887] (sllidar_ros2) StderrLine: {'line': b'  176 | u_result Thread::join(\x1b[01;35m\x1b[Kunsigned long timeout\x1b[m\x1b[K)\n'}
[2.859918] (sllidar_ros2) StderrLine: {'line': b'      |                       \x1b[01;35m\x1b[K~~~~~~~~~~~~~~^~~~~~~\x1b[m\x1b[K\n'}
[2.874010] (sllidar_ros2) StderrLine: {'line': b'\x1b[01m\x1b[K/home/majuste/Programa\xc3\xa7\xc3\xa3o/ROS2/UDH1/Navigation/src/sllidar_ros2/sdk/src/sl_lidar_driver.cpp:\x1b[m\x1b[K At global scope:\n'}
[2.874100] (sllidar_ros2) StderrLine: {'line': b'\x1b[01m\x1b[K/home/majuste/Programa\xc3\xa7\xc3\xa3o/ROS2/UDH1/Navigation/src/sllidar_ros2/sdk/src/sl_lidar_driver.cpp:83:17:\x1b[m\x1b[K \x1b[01;35m\x1b[Kwarning: \x1b[m\x1b[K\xe2\x80\x98\x1b[01m\x1b[Kvoid sl::convert(const sl_lidar_response_measurement_node_hq_t&, sl_lidar_response_measurement_node_t&)\x1b[m\x1b[K\xe2\x80\x99 defined but not used [\x1b[01;35m\x1b[K\x1b]8;;https://gcc.gnu.org/onlinedocs/gcc/Warning-Options.html#index-Wunused-function\x07-Wunused-function\x1b]8;;\x07\x1b[m\x1b[K]\n'}
[2.874161] (sllidar_ros2) StderrLine: {'line': b'   83 |     static void \x1b[01;35m\x1b[Kconvert\x1b[m\x1b[K(const sl_lidar_response_measurement_node_hq_t& from, sl_lidar_response_measurement_node_t& to)\n'}
[2.874211] (sllidar_ros2) StderrLine: {'line': b'      |                 \x1b[01;35m\x1b[K^~~~~~~\x1b[m\x1b[K\n'}
[2.874263] (sllidar_ros2) StderrLine: {'line': b'\x1b[01m\x1b[K/home/majuste/Programa\xc3\xa7\xc3\xa3o/ROS2/UDH1/Navigation/src/sllidar_ros2/sdk/src/sl_lidar_driver.cpp:75:17:\x1b[m\x1b[K \x1b[01;35m\x1b[Kwarning: \x1b[m\x1b[K\xe2\x80\x98\x1b[01m\x1b[Kvoid sl::convert(const sl_lidar_response_measurement_node_t&, sl_lidar_response_measurement_node_hq_t&)\x1b[m\x1b[K\xe2\x80\x99 defined but not used [\x1b[01;35m\x1b[K\x1b]8;;https://gcc.gnu.org/onlinedocs/gcc/Warning-Options.html#index-Wunused-function\x07-Wunused-function\x1b]8;;\x07\x1b[m\x1b[K]\n'}
[2.874316] (sllidar_ros2) StderrLine: {'line': b'   75 |     static void \x1b[01;35m\x1b[Kconvert\x1b[m\x1b[K(const sl_lidar_response_measurement_node_t& from, sl_lidar_response_measurement_node_hq_t& to)\n'}
[2.874365] (sllidar_ros2) StderrLine: {'line': b'      |                 \x1b[01;35m\x1b[K^~~~~~~\x1b[m\x1b[K\n'}
[2.874411] (sllidar_ros2) StderrLine: {'line': b'\x1b[01m\x1b[K/home/majuste/Programa\xc3\xa7\xc3\xa3o/ROS2/UDH1/Navigation/src/sllidar_ros2/sdk/src/sl_lidar_driver.cpp:70:17:\x1b[m\x1b[K \x1b[01;35m\x1b[Kwarning: \x1b[m\x1b[K\xe2\x80\x98\x1b[01m\x1b[Kvoid sl::printDeprecationWarn(const char*, const char*)\x1b[m\x1b[K\xe2\x80\x99 defined but not used [\x1b[01;35m\x1b[K\x1b]8;;https://gcc.gnu.org/onlinedocs/gcc/Warning-Options.html#index-Wunused-function\x07-Wunused-function\x1b]8;;\x07\x1b[m\x1b[K]\n'}
[2.874466] (sllidar_ros2) StderrLine: {'line': b'   70 |     static void \x1b[01;35m\x1b[KprintDeprecationWarn\x1b[m\x1b[K(const char* fn, const char* replacement)\n'}
[2.874511] (sllidar_ros2) StderrLine: {'line': b'      |                 \x1b[01;35m\x1b[K^~~~~~~~~~~~~~~~~~~~\x1b[m\x1b[K\n'}
[2.903882] (-) TimerEvent: {}
[3.004063] (-) TimerEvent: {}
[3.093007] (sllidar_ros2) StderrLine: {'line': b'In file included from \x1b[01m\x1b[K/home/majuste/Programa\xc3\xa7\xc3\xa3o/ROS2/UDH1/Navigation/src/sllidar_ros2/./sdk/include/rplidar_protocol.h:36\x1b[m\x1b[K,\n'}
[3.093177] (sllidar_ros2) StderrLine: {'line': b'                 from \x1b[01m\x1b[K/home/majuste/Programa\xc3\xa7\xc3\xa3o/ROS2/UDH1/Navigation/src/sllidar_ros2/./sdk/include/rplidar.h:39\x1b[m\x1b[K,\n'}
[3.093242] (sllidar_ros2) StderrLine: {'line': b'                 from \x1b[01m\x1b[K/home/majuste/Programa\xc3\xa7\xc3\xa3o/ROS2/UDH1/Navigation/src/sllidar_ros2/./sdk/src/sdkcommon.h:49\x1b[m\x1b[K,\n'}
[3.093296] (sllidar_ros2) StderrLine: {'line': b'                 from \x1b[01m\x1b[K/home/majuste/Programa\xc3\xa7\xc3\xa3o/ROS2/UDH1/Navigation/src/sllidar_ros2/sdk/src/arch/linux/net_socket.cpp:10\x1b[m\x1b[K:\n'}
[3.093325] (sllidar_ros2) StderrLine: {'line': b'\x1b[01m\x1b[K/home/majuste/Programa\xc3\xa7\xc3\xa3o/ROS2/UDH1/Navigation/src/sllidar_ros2/./sdk/include/sl_lidar_protocol.h:66:16:\x1b[m\x1b[K \x1b[01;35m\x1b[Kwarning: \x1b[m\x1b[KISO C++ forbids zero-size array \xe2\x80\x98\x1b[01m\x1b[Kdata\x1b[m\x1b[K\xe2\x80\x99 [\x1b[01;35m\x1b[K\x1b]8;;https://gcc.gnu.org/onlinedocs/gcc/Warning-Options.html#index-Wpedantic\x07-Wpedantic\x1b]8;;\x07\x1b[m\x1b[K]\n'}
[3.093357] (sllidar_ros2) StderrLine: {'line': b'   66 |     sl_u8 data[\x1b[01;35m\x1b[K0\x1b[m\x1b[K];\n'}
[3.093385] (sllidar_ros2) StderrLine: {'line': b'      |                \x1b[01;35m\x1b[K^\x1b[m\x1b[K\n'}
[3.093413] (sllidar_ros2) StderrLine: {'line': b'In file included from \x1b[01m\x1b[K/home/majuste/Programa\xc3\xa7\xc3\xa3o/ROS2/UDH1/Navigation/src/sllidar_ros2/./sdk/include/rplidar_cmd.h:36\x1b[m\x1b[K,\n'}
[3.093440] (sllidar_ros2) StderrLine: {'line': b'                 from \x1b[01m\x1b[K/home/majuste/Programa\xc3\xa7\xc3\xa3o/ROS2/UDH1/Navigation/src/sllidar_ros2/./sdk/include/rplidar.h:40\x1b[m\x1b[K,\n'}
[3.093466] (sllidar_ros2) StderrLine: {'line': b'                 from \x1b[01m\x1b[K/home/majuste/Programa\xc3\xa7\xc3\xa3o/ROS2/UDH1/Navigation/src/sllidar_ros2/./sdk/src/sdkcommon.h:49\x1b[m\x1b[K,\n'}
[3.093493] (sllidar_ros2) StderrLine: {'line': b'                 from \x1b[01m\x1b[K/home/majuste/Programa\xc3\xa7\xc3\xa3o/ROS2/UDH1/Navigation/src/sllidar_ros2/sdk/src/arch/linux/net_socket.cpp:10\x1b[m\x1b[K:\n'}
[3.093527] (sllidar_ros2) StderrLine: {'line': b'\x1b[01m\x1b[K/home/majuste/Programa\xc3\xa7\xc3\xa3o/ROS2/UDH1/Navigation/src/sllidar_ros2/./sdk/include/sl_lidar_cmd.h:324:20:\x1b[m\x1b[K \x1b[01;35m\x1b[Kwarning: \x1b[m\x1b[KISO C++ forbids zero-size array \xe2\x80\x98\x1b[01m\x1b[Kpayload\x1b[m\x1b[K\xe2\x80\x99 [\x1b[01;35m\x1b[K\x1b]8;;https://gcc.gnu.org/onlinedocs/gcc/Warning-Options.html#index-Wpedantic\x07-Wpedantic\x1b]8;;\x07\x1b[m\x1b[K]\n'}
[3.093568] (sllidar_ros2) StderrLine: {'line': b'  324 |     sl_u8  payload[\x1b[01;35m\x1b[K0\x1b[m\x1b[K];\n'}
[3.093596] (sllidar_ros2) StderrLine: {'line': b'      |                    \x1b[01;35m\x1b[K^\x1b[m\x1b[K\n'}
[3.104118] (-) TimerEvent: {}
[3.112424] (sllidar_ros2) StderrLine: {'line': b'In file included from \x1b[01m\x1b[K/home/majuste/Programa\xc3\xa7\xc3\xa3o/ROS2/UDH1/Navigation/src/sllidar_ros2/./sdk/src/arch/linux/arch_linux.h:42\x1b[m\x1b[K,\n'}
[3.112507] (sllidar_ros2) StderrLine: {'line': b'                 from \x1b[01m\x1b[K/home/majuste/Programa\xc3\xa7\xc3\xa3o/ROS2/UDH1/Navigation/src/sllidar_ros2/./sdk/src/sdkcommon.h:41\x1b[m\x1b[K,\n'}
[3.112566] (sllidar_ros2) StderrLine: {'line': b'                 from \x1b[01m\x1b[K/home/majuste/Programa\xc3\xa7\xc3\xa3o/ROS2/UDH1/Navigation/src/sllidar_ros2/sdk/src/arch/linux/net_socket.cpp:10\x1b[m\x1b[K:\n'}
[3.112612] (sllidar_ros2) StderrLine: {'line': b'\x1b[01m\x1b[K/home/majuste/Programa\xc3\xa7\xc3\xa3o/ROS2/UDH1/Navigation/src/sllidar_ros2/sdk/src/arch/linux/net_socket.cpp:\x1b[m\x1b[K In member function \xe2\x80\x98\x1b[01m\x1b[Kvirtual u_result rp::arch::net::DGramSocketImpl::sendTo(const rp::net::SocketAddress*, const void*, size_t)\x1b[m\x1b[K\xe2\x80\x99:\n'}
[3.112660] (sllidar_ros2) StderrLine: {'line': b'\x1b[01m\x1b[K/home/majuste/Programa\xc3\xa7\xc3\xa3o/ROS2/UDH1/Navigation/src/sllidar_ros2/sdk/src/arch/linux/net_socket.cpp:733:24:\x1b[m\x1b[K \x1b[01;35m\x1b[Kwarning: \x1b[m\x1b[Kcomparison of integer expressions of different signedness: \xe2\x80\x98\x1b[01m\x1b[Kint\x1b[m\x1b[K\xe2\x80\x99 and \xe2\x80\x98\x1b[01m\x1b[Ksize_t\x1b[m\x1b[K\xe2\x80\x99 {aka \xe2\x80\x98\x1b[01m\x1b[Klong unsigned int\x1b[m\x1b[K\xe2\x80\x99} [\x1b[01;35m\x1b[K\x1b]8;;https://gcc.gnu.org/onlinedocs/gcc/Warning-Options.html#index-Wsign-compare\x07-Wsign-compare\x1b]8;;\x07\x1b[m\x1b[K]\n'}
[3.112708] (sllidar_ros2) StderrLine: {'line': b'  733 |             assert(\x1b[01;35m\x1b[Kans == len\x1b[m\x1b[K);\n'}
[3.112750] (sllidar_ros2) StderrLine: {'line': b'      |                    \x1b[01;35m\x1b[K~~~~^~~~~~\x1b[m\x1b[K\n'}
[3.204207] (-) TimerEvent: {}
[3.304401] (-) TimerEvent: {}
[3.404567] (-) TimerEvent: {}
[3.504776] (-) TimerEvent: {}
[3.604977] (-) TimerEvent: {}
[3.705094] (-) TimerEvent: {}
[3.805218] (-) TimerEvent: {}
[3.905337] (-) TimerEvent: {}
[4.005455] (-) TimerEvent: {}
[4.105615] (-) TimerEvent: {}
[4.205888] (-) TimerEvent: {}
[4.306138] (-) TimerEvent: {}
[4.406303] (-) TimerEvent: {}
[4.506439] (-) TimerEvent: {}
[4.600934] (sllidar_ros2) StderrLine: {'line': b'In file included from \x1b[01m\x1b[K/home/majuste/Programa\xc3\xa7\xc3\xa3o/ROS2/UDH1/Navigation/src/sllidar_ros2/./sdk/include/sl_lidar_cmd.h:41\x1b[m\x1b[K,\n'}
[4.601099] (sllidar_ros2) StderrLine: {'line': b'                 from \x1b[01m\x1b[K/home/majuste/Programa\xc3\xa7\xc3\xa3o/ROS2/UDH1/Navigation/src/sllidar_ros2/./sdk/include/sl_lidar_driver.h:54\x1b[m\x1b[K,\n'}
[4.601163] (sllidar_ros2) StderrLine: {'line': b'                 from \x1b[01m\x1b[K/home/majuste/Programa\xc3\xa7\xc3\xa3o/ROS2/UDH1/Navigation/src/sllidar_ros2/./sdk/include/sl_lidar.h:36\x1b[m\x1b[K,\n'}
[4.601218] (sllidar_ros2) StderrLine: {'line': b'                 from \x1b[01m\x1b[K/home/majuste/Programa\xc3\xa7\xc3\xa3o/ROS2/UDH1/Navigation/src/sllidar_ros2/src/sllidar_node.cpp:38\x1b[m\x1b[K:\n'}
[4.601271] (sllidar_ros2) StderrLine: {'line': b'\x1b[01m\x1b[K/home/majuste/Programa\xc3\xa7\xc3\xa3o/ROS2/UDH1/Navigation/src/sllidar_ros2/./sdk/include/sl_lidar_protocol.h:66:16:\x1b[m\x1b[K \x1b[01;35m\x1b[Kwarning: \x1b[m\x1b[KISO C++ forbids zero-size array \xe2\x80\x98\x1b[01m\x1b[Kdata\x1b[m\x1b[K\xe2\x80\x99 [\x1b[01;35m\x1b[K\x1b]8;;https://gcc.gnu.org/onlinedocs/gcc/Warning-Options.html#index-Wpedantic\x07-Wpedantic\x1b]8;;\x07\x1b[m\x1b[K]\n'}
[4.601305] (sllidar_ros2) StderrLine: {'line': b'   66 |     sl_u8 data[\x1b[01;35m\x1b[K0\x1b[m\x1b[K];\n'}
[4.601334] (sllidar_ros2) StderrLine: {'line': b'      |                \x1b[01;35m\x1b[K^\x1b[m\x1b[K\n'}
[4.601361] (sllidar_ros2) StderrLine: {'line': b'In file included from \x1b[01m\x1b[K/home/majuste/Programa\xc3\xa7\xc3\xa3o/ROS2/UDH1/Navigation/src/sllidar_ros2/./sdk/include/sl_lidar_driver.h:54\x1b[m\x1b[K,\n'}
[4.601387] (sllidar_ros2) StderrLine: {'line': b'                 from \x1b[01m\x1b[K/home/majuste/Programa\xc3\xa7\xc3\xa3o/ROS2/UDH1/Navigation/src/sllidar_ros2/./sdk/include/sl_lidar.h:36\x1b[m\x1b[K,\n'}
[4.601414] (sllidar_ros2) StderrLine: {'line': b'                 from \x1b[01m\x1b[K/home/majuste/Programa\xc3\xa7\xc3\xa3o/ROS2/UDH1/Navigation/src/sllidar_ros2/src/sllidar_node.cpp:38\x1b[m\x1b[K:\n'}
[4.601441] (sllidar_ros2) StderrLine: {'line': b'\x1b[01m\x1b[K/home/majuste/Programa\xc3\xa7\xc3\xa3o/ROS2/UDH1/Navigation/src/sllidar_ros2/./sdk/include/sl_lidar_cmd.h:324:20:\x1b[m\x1b[K \x1b[01;35m\x1b[Kwarning: \x1b[m\x1b[KISO C++ forbids zero-size array \xe2\x80\x98\x1b[01m\x1b[Kpayload\x1b[m\x1b[K\xe2\x80\x99 [\x1b[01;35m\x1b[K\x1b]8;;https://gcc.gnu.org/onlinedocs/gcc/Warning-Options.html#index-Wpedantic\x07-Wpedantic\x1b]8;;\x07\x1b[m\x1b[K]\n'}
[4.601469] (sllidar_ros2) StderrLine: {'line': b'  324 |     sl_u8  payload[\x1b[01;35m\x1b[K0\x1b[m\x1b[K];\n'}
[4.601496] (sllidar_ros2) StderrLine: {'line': b'      |                    \x1b[01;35m\x1b[K^\x1b[m\x1b[K\n'}
[4.606515] (-) TimerEvent: {}
[4.706694] (-) TimerEvent: {}
[4.806928] (-) TimerEvent: {}
[4.907093] (-) TimerEvent: {}
[5.007264] (-) TimerEvent: {}
[5.107465] (-) TimerEvent: {}
[5.207609] (-) TimerEvent: {}
[5.307788] (-) TimerEvent: {}
[5.408061] (-) TimerEvent: {}
[5.508291] (-) TimerEvent: {}
[5.608503] (-) TimerEvent: {}
[5.708670] (-) TimerEvent: {}
[5.808846] (-) TimerEvent: {}
[5.814432] (sllidar_ros2) StdoutLine: {'line': b'[ 95%] \x1b[32m\x1b[1mLinking CXX executable sllidar_node\x1b[0m\n'}
[5.908940] (-) TimerEvent: {}
[6.009182] (-) TimerEvent: {}
[6.109359] (-) TimerEvent: {}
[6.151499] (sllidar_ros2) StdoutLine: {'line': b'[ 95%] Built target sllidar_node\n'}
[6.209413] (-) TimerEvent: {}
[6.309560] (-) TimerEvent: {}
[6.409703] (-) TimerEvent: {}
[6.509818] (-) TimerEvent: {}
[6.609931] (-) TimerEvent: {}
[6.710053] (-) TimerEvent: {}
[6.810166] (-) TimerEvent: {}
[6.910277] (-) TimerEvent: {}
[7.010391] (-) TimerEvent: {}
[7.110485] (-) TimerEvent: {}
[7.202422] (sllidar_ros2) StdoutLine: {'line': b'[100%] \x1b[32m\x1b[1mLinking CXX executable sllidar_client\x1b[0m\n'}
[7.210560] (-) TimerEvent: {}
[7.310675] (-) TimerEvent: {}
[7.387254] (sllidar_ros2) StdoutLine: {'line': b'[100%] Built target sllidar_client\n'}
[7.393537] (sllidar_ros2) JobEnded: {'identifier': 'sllidar_ros2', 'rc': 'SIGINT'}
[7.394095] (-) EventReactorShutdown: {}
